epoch,loss,val_loss,T0,T1,T2
0,78042.625,51052.859375,84.81851196289062,130.36288452148438,141.702392578125
1,41281.63671875,36098.6953125,84.86333465576172,130.42250061035156,141.7035675048828
2,24668.080078125,14971.037109375,84.83021545410156,130.37664794921875,141.6881561279297
3,15010.033203125,13092.7802734375,84.82730865478516,130.38156127929688,141.7546844482422
4,13766.5546875,12654.234375,84.83308410644531,130.39060974121094,141.76339721679688
5,13403.3671875,12520.5986328125,84.84040832519531,130.3916015625,141.69371032714844
6,13202.38671875,12321.3544921875,84.85894775390625,130.3927459716797,141.5260467529297
7,12897.2939453125,12058.046875,84.89179229736328,130.39474487304688,141.28094482421875
8,12483.8154296875,11557.8115234375,84.91329956054688,130.3607177734375,140.9870147705078
9,12017.9111328125,10905.00390625,84.89642333984375,130.25180053710938,140.65248107910156
10,11566.8232421875,10348.779296875,84.89134216308594,130.15380859375,140.35289001464844
11,11027.4775390625,9770.5615234375,84.8783187866211,130.03085327148438,140.01705932617188
12,10640.4345703125,10313.6103515625,84.83700561523438,129.83834838867188,139.57391357421875
13,10161.30078125,8935.212890625,84.74774932861328,129.4957733154297,138.97410583496094
14,9664.474609375,8615.8720703125,84.64424133300781,129.0584259033203,138.26654052734375
15,9125.84375,7790.92529296875,84.47003936767578,128.46080017089844,137.37246704101562
16,8760.732421875,8184.86328125,84.28915405273438,127.76954650878906,136.3706817626953
17,8457.48046875,7580.63720703125,84.15029907226562,127.12136840820312,135.4314422607422
18,7950.6669921875,7124.25390625,83.93043518066406,126.32586669921875,134.3393096923828
19,7428.31787109375,6272.1201171875,83.65420532226562,125.26528930664062,132.9715118408203
20,7010.41748046875,6121.05029296875,83.27151489257812,123.87693786621094,131.27206420898438
21,6417.60986328125,5197.94921875,82.86570739746094,122.4661865234375,129.55926513671875
22,6011.37744140625,5031.3720703125,82.40211486816406,120.8843994140625,127.66585540771484
23,5568.09326171875,4681.86279296875,81.91960144042969,119.32720947265625,125.80818939208984
24,5173.37255859375,4065.97998046875,81.44400787353516,117.81782531738281,124.0035400390625
25,4650.88037109375,3633.38037109375,80.92413330078125,116.255615234375,122.15982055664062
26,4356.45654296875,3505.289306640625,80.41107177734375,114.77913665771484,120.41726684570312
27,3956.91064453125,3239.291748046875,79.92962646484375,113.39137268066406,118.78057861328125
28,3678.8291015625,2753.3427734375,79.40768432617188,111.99269104003906,117.13825988769531
29,3348.927734375,2327.489990234375,78.88751220703125,110.60887908935547,115.50990295410156
30,3055.3681640625,2206.641845703125,78.36914825439453,109.23534393310547,113.90455627441406
31,2725.044921875,1764.9791259765625,77.83749389648438,107.85284423828125,112.29995727539062
32,2489.64453125,1639.2425537109375,77.33468627929688,106.53836059570312,110.78052520751953
33,2161.9306640625,1020.4284057617188,76.84017181396484,105.23602294921875,109.28224182128906
34,1810.3216552734375,801.2139282226562,76.40309143066406,104.04490661621094,107.89478302001953
35,1446.47607421875,711.997802734375,75.96126556396484,102.84689331054688,106.50848388671875
36,1182.9342041015625,-602.1947631835938,75.56404876708984,101.70687103271484,105.19380187988281
37,818.16552734375,-942.9705200195312,75.22763061523438,100.6594009399414,103.97750854492188
38,555.8692016601562,-1205.9818115234375,74.91831970214844,99.69827270507812,102.85348510742188
39,320.4920349121094,-1509.9742431640625,74.64196014404297,98.81217956542969,101.81340789794922
40,423.5357971191406,-967.783935546875,74.41190338134766,98.0110092163086,100.878662109375
41,-577.1038208007812,-2385.048095703125,74.12982940673828,97.141845703125,99.87725830078125
42,-904.0579223632812,-1653.855224609375,73.90754699707031,96.36552429199219,98.97653198242188
43,-1458.402099609375,-3384.794921875,73.68701934814453,95.5836410522461,98.07120513916016
44,-1158.21826171875,-3720.6318359375,73.47084045410156,94.83506774902344,97.21859741210938
45,-1466.0150146484375,524.9487915039062,73.23255920410156,94.08662414550781,96.37893676757812
46,-1955.569091796875,-3774.53466796875,73.05313110351562,93.41043853759766,95.62223052978516
47,-2135.318603515625,-4088.601806640625,72.86604309082031,92.72738647460938,94.86341857910156
48,-2513.1240234375,-4090.3330078125,72.64009094238281,91.99768829345703,94.06085205078125
49,-2526.927490234375,-5497.7333984375,72.42830657958984,91.3092041015625,93.3053970336914
50,-3339.73291015625,-4788.353515625,72.22376251220703,90.61345672607422,92.54150390625
51,-2629.97265625,-4976.83349609375,72.01985931396484,89.94913482666016,91.81909942626953
52,-2806.641845703125,-3937.537109375,71.78333282470703,89.27217102050781,91.08793640136719
53,-4243.33251953125,-5557.4287109375,71.60575866699219,88.64434051513672,90.4076156616211
54,-3566.795654296875,-3951.046875,71.384521484375,87.99606323242188,89.7114028930664
55,-2653.672607421875,-4711.29150390625,71.19830322265625,87.44306945800781,89.11487579345703
56,-3794.5224609375,-6848.86181640625,70.99296569824219,86.87138366699219,88.50262451171875
57,-5108.796875,-7283.1865234375,70.79087829589844,86.25944519042969,87.84701538085938
58,-5429.8603515625,-6304.2197265625,70.554931640625,85.61732482910156,87.16387939453125
59,-5272.193359375,-7146.802734375,70.34101104736328,85.02020263671875,86.52976989746094
60,-5732.84375,-5744.5048828125,70.13298797607422,84.45166778564453,85.92399597167969
61,-5846.92333984375,-7059.68994140625,69.88773345947266,83.84764862060547,85.28487396240234
62,-6414.64697265625,-7393.16845703125,69.67887878417969,83.28688049316406,84.69403839111328
63,-6416.3837890625,-8154.708984375,69.44906616210938,82.71609497070312,84.09342956542969
64,-6256.66064453125,-8263.4375,69.24066162109375,82.19892120361328,83.54768371582031
65,-6948.85302734375,-6047.56103515625,69.00713348388672,81.65410614013672,82.97933959960938
66,-6825.94287109375,-7030.6064453125,68.78033447265625,81.12428283691406,82.42535400390625
67,-6734.88134765625,-9050.6650390625,68.58306884765625,80.63853454589844,81.9180908203125
68,-6320.662109375,-8370.8173828125,68.35933685302734,80.1485595703125,81.40802001953125
69,-7773.564453125,-9192.8251953125,68.1391830444336,79.65308380126953,80.89032745361328
70,-7765.337890625,-8732.873046875,67.90876007080078,79.14978790283203,80.3654556274414
71,-7456.12841796875,-9076.521484375,67.66911315917969,78.64978790283203,79.84577178955078
72,-2234.927978515625,-1178.4478759765625,67.65660858154297,78.40380859375,79.57737731933594
73,-1986.8848876953125,-5949.0361328125,67.48076629638672,78.07778930664062,79.23072814941406
74,-5521.48193359375,-5473.6259765625,67.32414245605469,77.78602600097656,78.92388153076172
75,-6831.09423828125,-8802.1416015625,67.14035034179688,77.44198608398438,78.56237030029297
76,-7603.32666015625,-8025.8037109375,66.9557876586914,77.08451843261719,78.18742370605469
77,-8097.85693359375,-9639.57421875,66.76545715332031,76.70831298828125,77.79320526123047
78,-8289.658203125,-9763.66796875,66.5726547241211,76.33462524414062,77.4049072265625
79,-8344.0107421875,-10336.4853515625,66.39008331298828,75.97042846679688,77.02511596679688
80,-8505.517578125,-8655.892578125,66.19691467285156,75.59842681884766,76.63762664794922
81,-8389.0400390625,-10519.9794921875,66.01432800292969,75.24678039550781,76.27359008789062
82,-8992.27734375,-10549.4697265625,65.80646514892578,74.85714721679688,75.86969757080078
83,-9201.9931640625,-9799.6025390625,65.60575866699219,74.48707580566406,75.48802947998047
84,-9257.73046875,-11042.068359375,65.41166687011719,74.12725830078125,75.1171646118164
85,-9450.2783203125,-9941.421875,65.18755340576172,73.73645782470703,74.71513366699219
86,-9553.0908203125,-11053.8349609375,64.99525451660156,73.38613891601562,74.35568237304688
87,-9666.9658203125,-11377.669921875,64.78581237792969,73.02301788330078,73.98426055908203
88,-9749.171875,-9242.4755859375,64.56634521484375,72.65042877197266,73.60380554199219
89,-9843.9677734375,-11680.8193359375,64.36898803710938,72.3062973022461,73.25224304199219
90,-9947.021484375,-11322.23828125,64.1598892211914,71.94976806640625,72.88822174072266
91,-10078.8642578125,-11494.228515625,63.93303680419922,71.57362365722656,72.50467681884766
92,-10053.7490234375,-11707.5546875,63.70851516723633,71.20438385009766,72.12831115722656
93,-10341.2724609375,-10498.58984375,63.494239807128906,70.85161590576172,71.76741790771484
94,-10361.1630859375,-11355.26171875,63.26378631591797,70.48155975341797,71.38915252685547
95,-10212.96484375,-11044.84375,63.04188537597656,70.12252807617188,71.02128601074219
96,-10218.9248046875,-11944.1533203125,62.82851028442383,69.7829360961914,70.67402648925781
97,-10509.5185546875,-11057.6435546875,62.61717987060547,69.44932556152344,70.334228515625
98,-10663.3125,-12474.7783203125,62.401710510253906,69.11415100097656,69.99239349365234
99,-10511.9931640625,-10920.6044921875,62.1871223449707,68.78231811523438,69.65250396728516
100,-10916.302734375,-12090.3115234375,61.95209503173828,68.42802429199219,69.29115295410156
101,-10731.4775390625,-12643.7939453125,61.7535400390625,68.115234375,68.97286987304688
102,-10539.0732421875,-12497.1025390625,61.54278564453125,67.79410552978516,68.64604949951172
103,-10895.1650390625,-12914.4580078125,61.3121452331543,67.455810546875,68.30130767822266
104,-11495.693359375,-12812.23828125,61.09982681274414,67.14141845703125,67.98214721679688
105,-11288.5712890625,-12693.888671875,60.872528076171875,66.80914306640625,67.64424133300781
106,-11487.1220703125,-12383.4208984375,60.6407470703125,66.47298431396484,67.30414581298828
107,-11613.333984375,-12464.146484375,60.42558670043945,66.15715789794922,66.98467254638672
108,-11791.806640625,-12271.1259765625,60.19025421142578,65.82410430908203,66.64826965332031
109,-11037.376953125,-12352.087890625,59.963932037353516,65.50286102294922,66.32340240478516
110,-11460.5966796875,-12360.818359375,59.734683990478516,65.17645263671875,65.9924545288086
111,-11839.9150390625,-12792.0546875,59.50580596923828,64.85508728027344,65.66703796386719
112,-11933.1689453125,-13188.0390625,59.274574279785156,64.5300521850586,65.33867645263672
113,-11883.7734375,-13492.369140625,59.04679870605469,64.21197509765625,65.01715087890625
114,-11976.1875,-13424.12890625,58.82752990722656,63.905181884765625,64.70585632324219
115,-12181.328125,-11857.0751953125,58.58039093017578,63.570899963378906,64.36767578125
116,-12350.9208984375,-13088.9169921875,58.34024429321289,63.245582580566406,64.03971099853516
117,-12521.0830078125,-11658.17578125,58.10374069213867,62.926231384277344,63.718650817871094
118,-12509.5556640625,-13545.712890625,57.87519836425781,62.61648941040039,63.40637969970703
119,-11964.0654296875,-13163.0166015625,57.65631866455078,62.324283599853516,63.1141357421875
120,-12696.365234375,-11575.212890625,57.42112350463867,62.01734924316406,62.80681228637695
121,-12619.671875,-13306.0849609375,57.1895866394043,61.71128463745117,62.499168395996094
122,-12545.869140625,-14042.8095703125,56.96894454956055,61.41709899902344,62.20172882080078
123,-13084.8359375,-13939.9609375,56.71841812133789,61.09441375732422,61.876678466796875
124,-12981.9111328125,-14275.02734375,56.489776611328125,60.79391860961914,61.57442092895508
125,-12946.1650390625,-14162.857421875,56.246150970458984,60.47991180419922,61.257179260253906
126,-12998.5205078125,-14189.4541015625,56.00426483154297,60.169036865234375,60.9433479309082
127,-13263.3115234375,-13798.515625,55.765403747558594,59.86338424682617,60.63650894165039
128,-13410.083984375,-13881.1435546875,55.5112419128418,59.542415618896484,60.313934326171875
129,-12844.828125,-14620.9873046875,55.285770416259766,59.2531852722168,60.02248764038086
130,-12998.369140625,-13380.6142578125,55.040435791015625,58.943641662597656,59.709800720214844
131,-13668.701171875,-12840.2841796875,54.80611801147461,58.64896774291992,59.41476058959961
132,-13615.5498046875,-12909.517578125,54.557838439941406,58.340152740478516,59.1071662902832
133,-13884.3759765625,-12896.28125,54.319602966308594,58.0407600402832,58.80787658691406
134,-13390.759765625,-13289.1240234375,54.075035095214844,57.74120330810547,58.51140594482422
135,-13543.552734375,-14449.3037109375,53.844757080078125,57.45537567138672,58.22809600830078
136,-13048.6845703125,-14770.791015625,53.61921691894531,57.17706298828125,57.95200729370117
137,-13683.3896484375,-15414.2119140625,53.36671447753906,56.871253967285156,57.649269104003906
138,-14274.0625,-14718.826171875,53.12229537963867,56.569496154785156,57.35024642944336
139,-14086.4130859375,-15101.75,52.886287689208984,56.28085708618164,57.06581115722656
140,-14567.6162109375,-13295.380859375,52.6400260925293,55.98032760620117,56.769840240478516
141,-14200.0986328125,-13276.9404296875,52.39593505859375,55.686134338378906,56.48241424560547
142,-13996.224609375,-14637.1904296875,52.17136764526367,55.41621398925781,56.22052764892578
143,-14497.2431640625,-13247.197265625,51.91926193237305,55.11619567871094,55.92868423461914
144,-14555.5302734375,-14749.7890625,51.68215560913086,54.829620361328125,55.649845123291016
145,-14496.826171875,-14366.1240234375,51.45779037475586,54.55670166015625,55.38242721557617
146,-14603.3974609375,-15276.9072265625,51.17976379394531,54.22820281982422,55.05937194824219
147,-13948.4130859375,-15737.4248046875,50.964439392089844,53.970123291015625,54.80797576904297
148,-14468.046875,-14935.3310546875,50.73015594482422,53.69291305541992,54.53855895996094
149,-15016.119140625,-15611.228515625,50.48857879638672,53.405601501464844,54.25801086425781
150,-15159.4619140625,-15741.5419921875,50.23565673828125,53.10469436645508,53.96156692504883
151,-15524.4697265625,-15191.984375,49.976844787597656,52.80038070678711,53.66374588012695
152,-15068.181640625,-14488.919921875,49.73358154296875,52.514549255371094,53.38569259643555
153,-15474.181640625,-12143.6416015625,49.48200988769531,52.21887969970703,53.097328186035156
154,-14989.9638671875,-13329.4072265625,49.246826171875,51.940608978271484,52.82367706298828
155,-15401.1591796875,-15494.998046875,49.00849151611328,51.662322998046875,52.55381393432617
156,-15338.4541015625,-13823.11328125,48.749908447265625,51.36014938354492,52.26202392578125
157,-14293.818359375,-15176.27734375,48.516658782958984,51.08987808227539,52.00090408325195
158,-11706.263671875,-11235.5341796875,48.297359466552734,50.835670471191406,51.74638366699219
159,-13383.9423828125,-14529.732421875,48.11007308959961,50.611328125,51.52553939819336
160,-14612.79296875,-14651.5009765625,47.907474517822266,50.36977767944336,51.28474426269531
161,-15175.2314453125,-15736.21875,47.654273986816406,50.078102111816406,50.99809646606445
162,-14807.150390625,-16549.33984375,47.453208923339844,49.843692779541016,50.77113342285156
163,-13736.3466796875,-10653.8701171875,47.27069091796875,49.631492614746094,50.564979553222656
164,-13237.541015625,-14088.544921875,47.12520217895508,49.458587646484375,50.39875793457031
165,-15249.13671875,-16452.08203125,46.92628860473633,49.22745895385742,50.17582702636719
166,-16028.427734375,-15871.509765625,46.70109939575195,48.96617889404297,49.923831939697266
167,-15877.3857421875,-12335.611328125,46.46255111694336,48.69333267211914,49.660587310791016
168,-15736.6328125,-17356.796875,46.252044677734375,48.44956588745117,49.42872619628906
169,-16090.830078125,-17001.169921875,46.02318572998047,48.188621520996094,49.18108367919922
170,-16014.4296875,-17261.4453125,45.82627868652344,47.963565826416016,48.97190856933594
171,-15805.876953125,-17126.263671875,45.62347412109375,47.73411178588867,48.762577056884766
172,-16039.2373046875,-15697.9775390625,45.417755126953125,47.498687744140625,48.54486083984375
173,-16537.888671875,-15990.55859375,45.18461990356445,47.234676361083984,48.30112838745117
174,-16429.646484375,-16010.4296875,44.96784210205078,46.986995697021484,48.07328414916992
175,-16367.8173828125,-16585.41015625,44.712364196777344,46.69942855834961,47.799156188964844
176,-16683.97265625,-14901.00390625,44.51613235473633,46.47459411621094,47.59581756591797
177,-16579.04296875,-17693.443359375,44.27819061279297,46.2078742980957,47.352230072021484
178,-16347.6689453125,-17365.9140625,44.05792236328125,45.960960388183594,47.1330680847168
179,-16665.05859375,-18007.810546875,43.86339569091797,45.744056701660156,46.9533805847168
180,-17034.8203125,-16363.7939453125,43.63800811767578,45.49204635620117,46.73353576660156
181,-16776.099609375,-13922.27734375,43.3971061706543,45.22441101074219,46.494564056396484
182,-16490.92578125,-17817.044921875,43.17466735839844,44.97568130493164,46.270973205566406
183,-16503.818359375,-18097.439453125,42.97034454345703,44.74700164794922,46.08011245727539
184,-16933.3828125,-18105.572265625,42.74098205566406,44.4942626953125,45.868988037109375
185,-16624.109375,-17680.546875,42.530189514160156,44.26112747192383,45.680992126464844
186,-17240.04296875,-17412.384765625,42.320499420166016,44.02711486816406,45.49106216430664
187,-17302.69921875,-13448.345703125,42.06756591796875,43.748573303222656,45.25497817993164
188,-17108.478515625,-14181.515625,41.853515625,43.50962829589844,45.05581283569336
189,-17076.728515625,-16246.560546875,41.598228454589844,43.23029708862305,44.817970275878906
190,-17560.322265625,-15500.505859375,41.361045837402344,42.9684944152832,44.59156036376953
191,-17304.619140625,-15790.107421875,41.12065887451172,42.7049674987793,44.372528076171875
192,-17673.10546875,-17894.373046875,40.882896423339844,42.4448356628418,44.17234802246094
193,-17552.44140625,-14829.9306640625,40.668617248535156,42.20805358886719,43.98635482788086
194,-17875.86328125,-18946.25,40.407501220703125,41.922080993652344,43.733367919921875
195,-17018.7890625,-17913.265625,40.1650390625,41.657752990722656,43.505455017089844
196,-16095.712890625,-14088.8515625,39.95737075805664,41.43019104003906,43.30789566040039
197,-17144.197265625,-18473.328125,39.748077392578125,41.200069427490234,43.10303497314453
198,-17754.126953125,-18758.0,39.50680160522461,40.93715286254883,42.874488830566406
199,-17900.435546875,-18538.3203125,39.273136138916016,40.68317413330078,42.66484069824219
200,-18161.875,-17862.45703125,39.01644515991211,40.404850006103516,42.4266471862793
201,-17693.568359375,-17609.93359375,38.7861213684082,40.15536880493164,42.230621337890625
202,-16479.72265625,-13834.8759765625,38.55232238769531,39.90003204345703,41.97246551513672
203,-16955.525390625,-18054.373046875,38.31920623779297,39.64780807495117,41.720787048339844
204,-14511.6806640625,-17139.40625,38.132144927978516,39.44473648071289,41.53546142578125
205,-17510.125,-15564.6357421875,37.8921012878418,39.18549728393555,41.27140426635742
206,-18103.845703125,-18172.48828125,37.638572692871094,38.91393280029297,41.039649963378906
207,-18532.0546875,-17968.328125,37.384925842285156,38.64188003540039,40.820438385009766
208,-18638.75390625,-17797.34375,37.11761474609375,38.35553741455078,40.58362579345703
209,-18243.822265625,-17232.578125,36.897552490234375,38.11773681640625,40.400089263916016
210,-18274.91015625,-18820.271484375,36.63124084472656,37.83411407470703,40.15266418457031
211,-18255.173828125,-15984.068359375,36.40955352783203,37.596187591552734,39.958187103271484
212,-18281.328125,-16330.431640625,36.17349624633789,37.34454345703125,39.75346374511719
213,-17723.357421875,-18594.984375,35.94376754760742,37.10017395019531,39.560386657714844
214,-18712.796875,-17936.060546875,35.73005294799805,36.871829986572266,39.39744186401367
215,-18625.265625,-18056.23046875,35.475250244140625,36.60133743286133,39.192508697509766
216,-18059.056640625,-18442.357421875,35.267642974853516,36.38092803955078,39.0433464050293
217,-16707.8671875,-18811.583984375,35.103336334228516,36.205406188964844,38.928443908691406
218,-17676.349609375,-12570.97265625,34.897640228271484,35.98731994628906,38.7598876953125
219,-17971.46484375,-19310.46875,34.70063781738281,35.77863693237305,38.62069320678711
220,-18743.37890625,-19499.423828125,34.489410400390625,35.55421447753906,38.47325897216797
221,-19030.39453125,-19254.990234375,34.26750564575195,35.319671630859375,38.336673736572266
222,-17830.4140625,-18051.03515625,34.05425262451172,35.0949592590332,38.20042419433594
223,-18663.404296875,-19511.333984375,33.862403869628906,34.89195251464844,38.08503723144531
224,-18310.322265625,-15828.150390625,33.65455627441406,34.67262268066406,37.946651458740234
225,-17481.029296875,-17700.12109375,33.4494514465332,34.45708084106445,37.80748748779297
226,-17231.900390625,-17031.9765625,33.2707405090332,34.2685432434082,37.67243576049805
227,-17349.314453125,-18469.20703125,33.09503936767578,34.08348083496094,37.559783935546875
228,-17957.365234375,-19367.11328125,32.93907165527344,33.91844940185547,37.480228424072266
229,-18888.591796875,-17691.212890625,32.72401428222656,33.69246292114258,37.32949447631836
230,-18992.98828125,-19444.580078125,32.511924743652344,33.468929290771484,37.18281173706055
231,-19328.21875,-19962.154296875,32.30205154418945,33.24840545654297,37.062049865722656
232,-19664.6484375,-18066.02734375,32.099727630615234,33.035892486572266,36.98225784301758
233,-19663.197265625,-18319.708984375,31.877593994140625,32.8031120300293,36.871524810791016
234,-19475.845703125,-18179.51953125,31.681440353393555,32.5964469909668,36.77967071533203
235,-19512.150390625,-18289.40234375,31.450414657592773,32.355003356933594,36.64417266845703
236,-19437.908203125,-14466.091796875,31.248502731323242,32.143104553222656,36.522789001464844
237,-18980.74609375,-20016.71484375,31.059917449951172,31.945476531982422,36.43871307373047
238,-18482.44140625,-18881.7734375,30.856979370117188,31.73340606689453,36.2973747253418
239,-17734.69921875,-16674.62109375,30.6579532623291,31.52572250366211,36.16510772705078
240,-17704.205078125,-15376.8154296875,30.496767044067383,31.357410430908203,36.08504104614258
241,-17301.115234375,-14373.3681640625,30.336362838745117,31.188365936279297,35.95017623901367
242,-16516.681640625,-19590.845703125,30.147071838378906,30.99197006225586,35.78217697143555
243,-18116.287109375,-19701.69921875,29.95915985107422,30.79602813720703,35.628475189208984
244,-17522.775390625,-19686.76953125,29.76641082763672,30.595645904541016,35.47918701171875
245,-19210.3125,-20182.759765625,29.583829879760742,30.40523338317871,35.398799896240234
246,-19965.685546875,-20506.466796875,29.37994956970215,30.1932315826416,35.320556640625
247,-19952.57421875,-18221.060546875,29.171306610107422,29.975976943969727,35.20919418334961
248,-18904.66015625,-15294.65625,28.984878540039062,29.782123565673828,35.14280700683594
249,-19311.896484375,-19713.443359375,28.79033088684082,29.580223083496094,35.06241226196289
250,-20147.970703125,-16532.033203125,28.589862823486328,29.372493743896484,35.00431442260742
251,-20078.8515625,-20236.44921875,28.397165298461914,29.172910690307617,34.975372314453125
252,-20075.8828125,-17496.86328125,28.22069549560547,28.989566802978516,34.96113967895508
253,-19732.384765625,-20842.1015625,28.02577781677246,28.78785514831543,34.89630889892578
254,-20194.22265625,-19945.552734375,27.856849670410156,28.612010955810547,34.89398956298828
255,-20084.91796875,-21508.373046875,27.651363372802734,28.400108337402344,34.83242416381836
256,-18894.623046875,-18780.01171875,27.476261138916016,28.218835830688477,34.7635612487793
257,-19302.515625,-17321.216796875,27.295703887939453,28.032217025756836,34.6697998046875
258,-19959.251953125,-21161.8828125,27.114839553833008,27.845125198364258,34.58918762207031
259,-19633.84765625,-18811.69140625,26.915203094482422,27.639118194580078,34.47364044189453
260,-19995.310546875,-20830.5625,26.741100311279297,27.458984375,34.39278793334961
261,-20192.61328125,-18068.125,26.56730842590332,27.27936553955078,34.354034423828125
262,-19429.443359375,-18328.875,26.383073806762695,27.089231491088867,34.22971725463867
263,-19897.26171875,-20956.42578125,26.20401382446289,26.904399871826172,34.141666412353516
264,-20465.142578125,-21140.927734375,26.039865493774414,26.734909057617188,34.12672805786133
265,-20058.31640625,-20838.04296875,25.86775016784668,26.557653427124023,34.07887649536133
266,-20432.982421875,-19684.15625,25.701873779296875,26.386459350585938,34.05244445800781
267,-19392.5,-18447.017578125,25.53628921508789,26.21611976623535,34.01293182373047
268,-18220.54296875,-17463.736328125,25.384340286254883,26.05963134765625,33.94807052612305
269,-19492.01171875,-21099.37890625,25.241981506347656,25.912752151489258,33.894588470458984
270,-20653.427734375,-21538.240234375,25.06705665588379,25.732879638671875,33.83368682861328
271,-19954.0859375,-20567.66796875,24.919025421142578,25.580196380615234,33.79011535644531
272,-20798.775390625,-17469.31640625,24.752704620361328,25.409069061279297,33.72724533081055
273,-20842.693359375,-22139.666015625,24.571950912475586,25.223541259765625,33.64036560058594
274,-21073.310546875,-21552.578125,24.419111251831055,25.066085815429688,33.607139587402344
275,-21075.75,-20756.71875,24.240867614746094,24.883098602294922,33.53776550292969
276,-21105.150390625,-12135.8935546875,24.061649322509766,24.69931411743164,33.451560974121094
277,-19677.96875,-21122.2109375,23.911235809326172,24.54487419128418,33.372013092041016
278,-20718.62109375,-18516.08984375,23.744415283203125,24.373703002929688,33.28688430786133
279,-20084.375,-20207.4296875,23.604854583740234,24.2303466796875,33.24108123779297
280,-18060.97265625,-18101.751953125,23.431901931762695,24.053627014160156,33.10454559326172
281,-20000.3828125,-20812.46875,23.343788146972656,23.96219253540039,33.13227081298828
282,-20749.880859375,-20376.595703125,23.18948745727539,23.803895950317383,33.0666618347168
283,-19999.041015625,-21294.341796875,23.025339126586914,23.635868072509766,32.96083068847656
284,-20730.607421875,-18843.873046875,22.880821228027344,23.487646102905273,32.90174102783203
285,-21148.58203125,-22038.076171875,22.729686737060547,23.332902908325195,32.82878494262695
286,-21488.552734375,-21759.890625,22.582706451416016,23.182254791259766,32.776615142822266
287,-21328.21484375,-20278.478515625,22.445945739746094,23.04208755493164,32.74497604370117
288,-20985.6640625,-20109.509765625,22.305435180664062,22.898164749145508,32.68693542480469
289,-21435.9140625,-20311.458984375,22.155086517333984,22.744428634643555,32.616207122802734
290,-20278.376953125,-20577.765625,22.0269775390625,22.613340377807617,32.56772994995117
291,-19387.341796875,-20364.361328125,21.9091796875,22.49274253845215,32.51153564453125
292,-16804.720703125,-17689.67578125,21.790416717529297,22.37118911743164,32.43476486206055
293,-19942.7578125,-20791.923828125,21.656944274902344,22.234697341918945,32.338401794433594
294,-20725.869140625,-21345.01171875,21.51581573486328,22.0904483795166,32.272369384765625
295,-21531.68359375,-21894.169921875,21.388980865478516,21.960668563842773,32.2384033203125
296,-21325.015625,-19403.5859375,21.249706268310547,21.81845474243164,32.1774787902832
297,-21045.439453125,-20433.75,21.134220123291016,21.700284957885742,32.15003967285156
298,-20904.328125,-21956.044921875,20.997909545898438,21.561248779296875,32.07466125488281
299,-20024.267578125,-19945.669921875,20.879322052001953,21.44015884399414,32.018028259277344
300,-20516.353515625,-21217.013671875,20.767288208007812,21.325674057006836,31.975692749023438
301,-21594.951171875,-19961.2265625,20.625383377075195,21.180957794189453,31.885711669921875
302,-21766.294921875,-20398.6015625,20.50244140625,21.055477142333984,31.844371795654297
303,-20955.158203125,-19936.796875,20.384353637695312,20.935047149658203,31.808361053466797
304,-21382.841796875,-22567.873046875,20.272201538085938,20.820650100708008,31.773679733276367
305,-21557.876953125,-21873.28125,20.151586532592773,20.697715759277344,31.731185913085938
306,-21468.41015625,-20712.439453125,20.0437068939209,20.587766647338867,31.707725524902344
307,-20847.25,-21136.32421875,19.933731079101562,20.475704193115234,31.67274284362793
308,-19227.203125,-20634.337890625,19.82858657836914,20.368616104125977,31.62068748474121
309,-21278.625,-22853.41796875,19.72243309020996,20.260448455810547,31.582622528076172
310,-21842.873046875,-19296.7265625,19.625051498413086,20.16126251220703,31.587646484375
311,-21530.9375,-22418.125,19.508798599243164,20.042932510375977,31.551067352294922
312,-21965.0625,-21743.7734375,19.413402557373047,19.945802688598633,31.563053131103516
313,-21914.005859375,-22040.93359375,19.30462646484375,19.83517074584961,31.543930053710938
314,-22288.494140625,-20197.0234375,19.19479751586914,19.72347068786621,31.535255432128906
315,-21908.119140625,-19997.337890625,19.102645874023438,19.629741668701172,31.549713134765625
316,-20936.6328125,-21528.134765625,18.988903045654297,19.514169692993164,31.500946044921875
317,-22257.54296875,-19865.859375,18.898521423339844,19.422286987304688,31.523202896118164
318,-22161.546875,-20542.171875,18.810800552368164,19.333173751831055,31.547786712646484
319,-21988.923828125,-21071.865234375,18.72077178955078,19.24170684814453,31.562435150146484
320,-21822.998046875,-15643.7724609375,18.624893188476562,19.14434814453125,31.56268310546875
321,-20398.546875,-19583.96875,18.539426803588867,19.057584762573242,31.565046310424805
322,-21765.90625,-23271.669921875,18.46502685546875,18.982051849365234,31.589561462402344
323,-21125.548828125,-20557.244140625,18.389171600341797,18.90508270263672,31.615612030029297
324,-21445.384765625,-23040.595703125,18.320262908935547,18.835100173950195,31.644195556640625
325,-21980.19140625,-22942.005859375,18.23961067199707,18.75327491760254,31.670886993408203
326,-22505.529296875,-21919.080078125,18.171123504638672,18.683889389038086,31.73513412475586
327,-21913.943359375,-21819.783203125,18.099445343017578,18.61124610900879,31.786945343017578
328,-22535.876953125,-19574.65625,18.02757453918457,18.538429260253906,31.840057373046875
329,-22294.833984375,-20055.62109375,17.948040008544922,18.457862854003906,31.877307891845703
330,-22127.326171875,-21337.80078125,17.869672775268555,18.378477096557617,31.915096282958984
331,-21369.330078125,-22271.474609375,17.811798095703125,18.31988525390625,31.983749389648438
332,-19910.244140625,-22428.619140625,17.728038787841797,18.234987258911133,31.970901489257812
333,-20356.60546875,-21166.388671875,17.677934646606445,18.18423843383789,32.029605865478516
334,-21468.78515625,-20534.6640625,17.592456817626953,18.097667694091797,32.03120803833008
335,-22489.634765625,-20397.744140625,17.541156768798828,18.045808792114258,32.122257232666016
336,-22471.77734375,-22254.3515625,17.474702835083008,17.978588104248047,32.183448791503906
337,-21777.837890625,-21176.958984375,17.40851593017578,17.9116268157959,32.23444747924805
338,-21608.03125,-20710.759765625,17.351049423217773,17.853515625,32.2893180847168
339,-22541.20703125,-22410.966796875,17.294029235839844,17.795894622802734,32.362709045410156
340,-22788.439453125,-22549.392578125,17.23554229736328,17.736818313598633,32.441898345947266
341,-22742.056640625,-22454.935546875,17.189987182617188,17.690860748291016,32.543296813964844
342,-22240.568359375,-22157.28125,17.133136749267578,17.633432388305664,32.609771728515625
343,-22273.634765625,-22215.970703125,17.08112144470215,17.580904006958008,32.68345260620117
344,-21453.76171875,-21787.31640625,17.03964614868164,17.5390682220459,32.76941680908203
345,-21062.283203125,-21397.271484375,16.98804473876953,17.486934661865234,32.822975158691406
346,-20419.607421875,-18445.064453125,16.927644729614258,17.42588996887207,32.858219146728516
347,-20479.111328125,-20157.849609375,16.895151138305664,17.39314842224121,32.94937515258789
348,-22557.419921875,-23506.595703125,16.833202362060547,17.330595016479492,33.008827209472656
349,-22287.94140625,-22844.744140625,16.785383224487305,17.28237533569336,33.0977783203125
350,-22963.716796875,-23434.197265625,16.742916107177734,17.239606857299805,33.20718765258789
351,-22722.90625,-23097.8203125,16.690977096557617,17.187238693237305,33.29680633544922
352,-22749.025390625,-22963.353515625,16.642545700073242,17.1384220123291,33.38843536376953
353,-22936.7734375,-22177.75390625,16.58513069152832,17.080503463745117,33.4648323059082
354,-21845.099609375,-22658.77734375,16.561111450195312,17.056434631347656,33.59380340576172
355,-21307.05859375,-19576.3359375,16.516326904296875,17.011295318603516,33.673133850097656
356,-21547.779296875,-22908.666015625,16.459138870239258,16.95355796813965,33.71220016479492
357,-21679.978515625,-21707.271484375,16.409326553344727,16.903324127197266,33.7781982421875
358,-22792.787109375,-21104.095703125,16.37387466430664,16.8676815032959,33.88817596435547
359,-22749.9375,-23024.021484375,16.335535049438477,16.82912826538086,33.99998474121094
360,-23070.962890625,-21713.560546875,16.292537689208984,16.785856246948242,34.10559844970703
361,-22690.12890625,-23162.4609375,16.255237579345703,16.748355865478516,34.21664047241211
362,-22506.427734375,-21684.666015625,16.212858200073242,16.70569610595703,34.31278610229492
363,-21701.587890625,-19282.11328125,16.19878387451172,16.691722869873047,34.45527648925781
364,-21958.6328125,-22668.134765625,16.1646671295166,16.65741539001465,34.55004119873047
365,-22614.78515625,-23317.357421875,16.12753677368164,16.62007713317871,34.65398406982422
366,-22823.841796875,-23066.611328125,16.098363876342773,16.590837478637695,34.788002014160156
367,-23051.68359375,-22371.45703125,16.06421661376953,16.556568145751953,34.91856384277344
368,-23108.947265625,-22332.69140625,16.027109146118164,16.519290924072266,35.03909683227539
369,-23150.955078125,-22883.265625,15.991336822509766,16.483352661132812,35.157501220703125
370,-23114.673828125,-22189.3203125,15.97287368774414,16.464981079101562,35.31653594970703
371,-22382.984375,-22002.7265625,15.928293228149414,16.42009735107422,35.398155212402344
372,-18211.90625,-21902.72265625,15.928999900817871,16.42106056213379,35.533905029296875
373,-21382.599609375,-21752.75390625,15.888078689575195,16.379840850830078,35.594703674316406
374,-22308.44140625,-21890.59765625,15.852984428405762,16.34454345703125,35.6818962097168
375,-22562.1484375,-22932.521484375,15.82912540435791,16.320667266845703,35.806846618652344
376,-22962.669921875,-23024.76171875,15.800353050231934,16.29182243347168,35.931671142578125
377,-23268.025390625,-23459.75390625,15.791604042053223,16.28328514099121,36.10474395751953
378,-22992.771484375,-23404.373046875,15.770938873291016,16.262659072875977,36.245880126953125
379,-23123.02734375,-22288.623046875,15.750263214111328,16.242027282714844,36.38710021972656
380,-23069.8984375,-19482.8359375,15.735493659973145,16.227399826049805,36.54620361328125
381,-23044.919921875,-23913.791015625,15.701107025146484,16.19284439086914,36.65116500854492
382,-23205.1328125,-23192.125,15.690542221069336,16.182464599609375,36.819664001464844
383,-22853.322265625,-23659.716796875,15.66550350189209,16.157411575317383,36.94817352294922
384,-23021.208984375,-23792.40625,15.63962459564209,16.131507873535156,37.079254150390625
385,-22427.169921875,-23004.69921875,15.611371040344238,16.10318946838379,37.195167541503906
386,-23147.8984375,-23808.501953125,15.590433120727539,16.082292556762695,37.33229064941406
387,-22881.173828125,-20959.08203125,15.561567306518555,16.05333709716797,37.447021484375
388,-22549.5390625,-23538.03125,15.54461669921875,16.03647232055664,37.58917236328125
389,-22544.2578125,-23102.216796875,15.528401374816895,16.020360946655273,37.735877990722656
390,-21671.353515625,-20811.6875,15.514153480529785,16.006214141845703,37.8706169128418
391,-20610.861328125,-19175.015625,15.486116409301758,15.978041648864746,37.956546783447266
392,-21301.83984375,-22821.806640625,15.469482421875,15.961461067199707,38.0615234375
393,-22490.513671875,-22280.046875,15.461274147033691,15.953466415405273,38.21874237060547
394,-22938.4296875,-23711.74609375,15.445414543151855,15.937702178955078,38.36146545410156
395,-23335.662109375,-22611.068359375,15.416457176208496,15.90866756439209,38.482810974121094
396,-23464.14453125,-23678.15625,15.40102767944336,15.893396377563477,38.652862548828125
397,-23559.654296875,-23571.79296875,15.38831615447998,15.880870819091797,38.8284797668457
398,-23405.5625,-23060.482421875,15.383870124816895,15.87670612335205,39.015907287597656
399,-23223.033203125,-23302.380859375,15.37062931060791,15.863615989685059,39.177120208740234
400,-23131.20703125,-22918.6015625,15.35517692565918,15.848280906677246,39.32831573486328
401,-22230.90234375,-18967.5859375,15.341114044189453,15.834342956542969,39.47834777832031
402,-21435.927734375,-22097.6328125,15.325902938842773,15.819230079650879,39.616146087646484
403,-23132.759765625,-23523.900390625,15.308525085449219,15.801949501037598,39.768516540527344
404,-23471.634765625,-22773.5703125,15.303214073181152,15.796908378601074,39.96102523803711
405,-23366.521484375,-23999.56640625,15.289114952087402,15.782949447631836,40.127593994140625
406,-23170.26953125,-22690.544921875,15.285887718200684,15.78002643585205,40.31825256347656
407,-23305.841796875,-22876.7890625,15.278523445129395,15.772871971130371,40.495094299316406
408,-22923.462890625,-23316.3984375,15.27619457244873,15.770811080932617,40.672569274902344
409,-23497.068359375,-22984.41015625,15.265643119812012,15.760457038879395,40.84611129760742
410,-23598.646484375,-22445.775390625,15.25410270690918,15.749067306518555,41.01399230957031
411,-23243.4453125,-23383.724609375,15.244242668151855,15.739407539367676,41.184635162353516
412,-23602.689453125,-23613.029296875,15.239638328552246,15.735074043273926,41.37299346923828
413,-23519.337890625,-21284.982421875,15.234338760375977,15.7300443649292,41.55815505981445
414,-23481.001953125,-23555.55859375,15.22967529296875,15.725682258605957,41.7459831237793
415,-23445.955078125,-23578.634765625,15.224201202392578,15.720474243164062,41.923675537109375
416,-23166.927734375,-24087.9453125,15.213261604309082,15.70968246459961,42.0733528137207
417,-22672.49609375,-23860.310546875,15.198127746582031,15.694646835327148,42.20159912109375
418,-22748.595703125,-22712.552734375,15.190845489501953,15.687615394592285,42.367984771728516
419,-22094.50390625,-21458.91015625,15.198312759399414,15.69548511505127,42.550804138183594
420,-23102.01953125,-24074.884765625,15.193135261535645,15.690507888793945,42.70598220825195
421,-23460.849609375,-23454.783203125,15.196150779724121,15.693923950195312,42.90080642700195
422,-23641.96875,-22523.716796875,15.19060230255127,15.688657760620117,43.078880310058594
423,-23703.35546875,-24165.490234375,15.165284156799316,15.66335678100586,43.205875396728516
424,-23464.951171875,-23891.2578125,15.1643705368042,15.662774085998535,43.38758850097656
425,-23514.48828125,-24459.873046875,15.173017501831055,15.67186450958252,43.58481979370117
426,-23623.564453125,-23962.759765625,15.162062644958496,15.661115646362305,43.74182891845703
427,-23632.8515625,-20738.91015625,15.155948638916016,15.655269622802734,43.90814971923828
428,-22683.35546875,-20756.8125,15.146309852600098,15.645796775817871,44.04732131958008
429,-20807.751953125,-19432.240234375,15.150460243225098,15.65029239654541,44.21217727661133
430,-20598.560546875,-19608.734375,15.144712448120117,15.644752502441406,44.33820343017578
431,-20759.408203125,-19625.986328125,15.144947052001953,15.645296096801758,44.48271179199219
432,-21045.103515625,-20389.857421875,15.117022514343262,15.617228507995605,44.53258514404297
433,-19861.900390625,-17111.021484375,15.10312557220459,15.603361129760742,44.61360168457031
434,-20239.759765625,-18773.9453125,15.139363288879395,15.640395164489746,44.837074279785156
435,-21244.65625,-18445.3203125,15.109031677246094,15.609844207763672,44.86835479736328
436,-20592.294921875,-14697.458984375,15.132030487060547,15.63348388671875,45.07518768310547
437,-20999.39453125,-22562.04296875,15.128315925598145,15.629972457885742,45.176795959472656
438,-21487.6875,-20840.755859375,15.127296447753906,15.629247665405273,45.30744171142578
439,-22544.7734375,-23285.220703125,15.118209838867188,15.620330810546875,45.4161491394043
440,-23549.40625,-23284.48046875,15.121718406677246,15.62420654296875,45.58054733276367
441,-23682.033203125,-22981.3984375,15.119243621826172,15.622072219848633,45.75152587890625
442,-23548.5234375,-24069.08203125,15.109619140625,15.612645149230957,45.88325500488281
443,-23469.767578125,-21893.7265625,15.099605560302734,15.602829933166504,46.01611328125
444,-23801.439453125,-23181.2109375,15.109185218811035,15.612918853759766,46.214813232421875
445,-23879.765625,-22998.779296875,15.11663818359375,15.620794296264648,46.399932861328125
446,-23893.48046875,-22423.66015625,15.106980323791504,15.61131477355957,46.52836227416992
447,-23491.580078125,-23030.05859375,15.107829093933105,15.612507820129395,46.67844009399414
448,-23629.333984375,-23619.01953125,15.113659858703613,15.618744850158691,46.8372917175293
449,-23788.34375,-23899.95703125,15.113706588745117,15.619107246398926,46.98812484741211
450,-23760.072265625,-24130.625,15.112788200378418,15.61853313446045,47.130435943603516
451,-23375.888671875,-23221.24609375,15.10074520111084,15.606627464294434,47.231285095214844
452,-23316.76171875,-22464.83203125,15.1063814163208,15.612690925598145,47.3835563659668
453,-23815.767578125,-23731.99609375,15.106627464294434,15.613260269165039,47.52275848388672
454,-24036.705078125,-23951.021484375,15.10179328918457,15.608709335327148,47.66120910644531
455,-23907.58984375,-24039.91015625,15.107253074645996,15.614639282226562,47.82292175292969
456,-23929.52734375,-23289.0078125,15.110602378845215,15.618423461914062,47.98430252075195
457,-24061.1015625,-22629.642578125,15.107906341552734,15.616053581237793,48.118194580078125
458,-23876.564453125,-24157.626953125,15.109492301940918,15.61805534362793,48.26734161376953
459,-23622.5859375,-17807.197265625,15.103321075439453,15.612166404724121,48.38117218017578
460,-21720.423828125,-21476.70703125,15.089409828186035,15.598329544067383,48.44096374511719
461,-20668.880859375,-20803.44921875,15.08651351928711,15.595630645751953,48.50341796875
462,-22998.779296875,-24077.33203125,15.09532642364502,15.604930877685547,48.632137298583984
463,-23582.83203125,-22792.818359375,15.088815689086914,15.598671913146973,48.72869110107422
464,-24041.712890625,-23160.611328125,15.077561378479004,15.587594985961914,48.82792663574219
465,-24146.05078125,-24189.443359375,15.07748031616211,15.587922096252441,48.966121673583984
466,-23834.09375,-23527.947265625,15.07924747467041,15.590097427368164,49.10052490234375
467,-23071.1484375,-13758.9443359375,15.082207679748535,15.593425750732422,49.21479415893555
468,-22567.203125,-23368.232421875,15.058479309082031,15.569657325744629,49.23278045654297
469,-23615.279296875,-23884.103515625,15.065399169921875,15.577030181884766,49.356719970703125
470,-24151.849609375,-23224.572265625,15.065874099731445,15.577882766723633,49.48211669921875
471,-23716.755859375,-22940.326171875,15.06064224243164,15.572957992553711,49.577911376953125
472,-23660.701171875,-22646.134765625,15.059988021850586,15.572671890258789,49.691368103027344
473,-22924.236328125,-16748.73828125,15.07106876373291,15.58430004119873,49.82756423950195
474,-23042.369140625,-24266.369140625,15.057403564453125,15.570802688598633,49.88152313232422
475,-23944.560546875,-23438.169921875,15.062063217163086,15.5758695602417,49.99443054199219
476,-23995.041015625,-24652.716796875,15.056316375732422,15.570416450500488,50.073333740234375
477,-24236.416015625,-22335.896484375,15.054605484008789,15.569108963012695,50.190513610839844
478,-23859.6796875,-22714.91796875,15.050482749938965,15.565306663513184,50.28909683227539
479,-23127.400390625,-21099.62890625,15.059589385986328,15.574963569641113,50.41302490234375
480,-21591.173828125,-20604.494140625,15.036938667297363,15.552312850952148,50.42621612548828
481,-21952.9296875,-21263.896484375,15.045145988464355,15.560941696166992,50.522979736328125
482,-22244.560546875,-22120.4609375,15.048187255859375,15.564455032348633,50.61083984375
483,-22694.576171875,-21932.19921875,15.034331321716309,15.550740242004395,50.63713836669922
484,-23301.33203125,-24185.181640625,15.027156829833984,15.54381275177002,50.69076919555664
485,-24133.451171875,-24126.640625,15.024826049804688,15.54183292388916,50.770057678222656
486,-24226.11328125,-23791.46484375,15.027986526489258,15.545448303222656,50.874752044677734
487,-24402.76953125,-23691.2265625,15.025693893432617,15.543511390686035,50.958396911621094
488,-24217.794921875,-24408.310546875,15.018633842468262,15.536760330200195,51.03572082519531
489,-24391.615234375,-25076.466796875,15.012768745422363,15.531192779541016,51.10537338256836
490,-23806.955078125,-23677.0234375,15.024887084960938,15.543951034545898,51.22099304199219
491,-24021.884765625,-22892.9609375,15.026473045349121,15.545957565307617,51.295654296875
492,-24157.416015625,-23846.853515625,15.006845474243164,15.5263671875,51.30841827392578
493,-24129.943359375,-24319.166015625,15.003880500793457,15.523772239685059,51.372596740722656
494,-23766.66015625,-23961.359375,15.009909629821777,15.530319213867188,51.47382354736328
495,-24081.0546875,-23223.564453125,14.994389533996582,15.514925003051758,51.48948669433594
496,-23539.20703125,-21238.6796875,15.001285552978516,15.52237319946289,51.58642578125
497,-22167.546875,-21521.66015625,14.995499610900879,15.516778945922852,51.61505889892578
498,-21690.58984375,-21248.150390625,14.99069881439209,15.512235641479492,51.654144287109375
499,-21650.51953125,-21430.443359375,14.99244499206543,15.514374732971191,51.703758239746094
500,-22650.791015625,-22646.705078125,14.993043899536133,15.515356063842773,51.76213836669922
501,-23237.87890625,-23029.072265625,14.98237419128418,15.504949569702148,51.78095245361328
502,-23989.63671875,-24042.001953125,14.987248420715332,15.510329246520996,51.8647575378418
503,-23855.849609375,-24640.322265625,14.99416446685791,15.51772689819336,51.946380615234375
504,-24367.98828125,-24424.076171875,14.990660667419434,15.514593124389648,52.007232666015625
505,-24527.470703125,-24045.4921875,14.981021881103516,15.505239486694336,52.05260467529297
506,-23983.560546875,-23612.8671875,14.991849899291992,15.516626358032227,52.12657165527344
507,-23981.369140625,-22698.744140625,15.008344650268555,15.533788681030273,52.22404479980469
508,-24141.677734375,-23998.556640625,14.996140480041504,15.521795272827148,52.242706298828125
509,-23706.53515625,-21095.005859375,14.991579055786133,15.51765251159668,52.295692443847656
510,-23731.228515625,-24756.6328125,14.98704719543457,15.513442039489746,52.335289001464844
511,-24064.02734375,-22545.55078125,14.980443000793457,15.50716495513916,52.36201095581055
512,-24003.173828125,-23598.162109375,14.990214347839355,15.517601013183594,52.441383361816406
513,-23604.119140625,-20421.8125,14.969999313354492,15.497514724731445,52.435264587402344
514,-23100.935546875,-22818.9609375,14.962058067321777,15.489803314208984,52.450782775878906
515,-24113.021484375,-23656.82421875,14.963340759277344,15.491582870483398,52.51448059082031
516,-24526.458984375,-24745.474609375,14.953760147094727,15.482309341430664,52.53582763671875
517,-24100.705078125,-23753.26953125,14.952258110046387,15.481255531311035,52.58486557006836
518,-24354.84765625,-22695.568359375,14.949983596801758,15.47935962677002,52.625919342041016
519,-24344.080078125,-23817.880859375,14.952204704284668,15.482056617736816,52.669586181640625
520,-24279.078125,-24000.822265625,14.95681095123291,15.487217903137207,52.7338981628418
521,-24503.849609375,-24256.8125,14.950675964355469,15.481423377990723,52.76010513305664
522,-24355.51171875,-24907.701171875,14.955814361572266,15.487130165100098,52.82361602783203
523,-24595.771484375,-22915.060546875,14.955362319946289,15.487091064453125,52.866798400878906
524,-24263.529296875,-24466.63671875,14.953786849975586,15.486016273498535,52.91505813598633
525,-24332.78515625,-23468.765625,14.950505256652832,15.483195304870605,52.95451736450195
526,-23734.71875,-23558.86328125,14.95206069946289,15.485247611999512,52.9957275390625
527,-21723.548828125,-14558.943359375,14.946770668029785,15.480208396911621,52.99141311645508
528,-21900.47265625,-21929.755859375,14.946276664733887,15.480137825012207,52.9933967590332
529,-24075.220703125,-23503.943359375,14.929864883422852,15.463891983032227,52.968177795410156
530,-24421.912109375,-24447.87890625,14.922186851501465,15.456602096557617,52.978172302246094
531,-23861.869140625,-23043.736328125,14.909690856933594,15.444385528564453,52.973690032958984
532,-24096.79296875,-23329.35546875,14.913799285888672,15.448929786682129,53.01077651977539
533,-24543.240234375,-24737.025390625,14.927123069763184,15.462896347045898,53.06108093261719
534,-24020.755859375,-21092.859375,14.925661087036133,15.461889266967773,53.09007263183594
535,-24482.78125,-23458.2734375,14.914569854736328,15.451103210449219,53.093048095703125
536,-24735.83984375,-23424.755859375,14.92055892944336,15.457732200622559,53.15568923950195
537,-24623.205078125,-23980.296875,14.919108390808105,15.456794738769531,53.18612289428711
538,-24338.521484375,-24251.580078125,14.919044494628906,15.457269668579102,53.230628967285156
539,-24041.21875,-24006.29296875,14.897557258605957,15.435934066772461,53.19172668457031
540,-24112.6796875,-24098.30078125,14.890949249267578,15.42969799041748,53.195674896240234
541,-24250.759765625,-24466.662109375,14.887016296386719,15.426196098327637,53.20583724975586
542,-23668.42578125,-23794.962890625,14.889058113098145,15.428680419921875,53.219764709472656
543,-23031.658203125,-23406.392578125,14.88238525390625,15.422341346740723,53.22006607055664
544,-23156.92578125,-24570.505859375,14.873238563537598,15.41353702545166,53.19577407836914
545,-24589.875,-24480.998046875,14.871146202087402,15.411904335021973,53.21721649169922
546,-24707.08984375,-24945.59765625,14.872690200805664,15.413997650146484,53.2664680480957
547,-24622.046875,-24476.4609375,14.868596076965332,15.410406112670898,53.288360595703125
548,-24498.9609375,-25198.044921875,14.859636306762695,15.401840209960938,53.301918029785156
549,-24104.0546875,-24726.439453125,14.854040145874023,15.396668434143066,53.30479431152344
550,-23096.5,-22739.62109375,14.827467918395996,15.37006664276123,53.22346496582031
551,-23237.064453125,-24205.724609375,14.832147598266602,15.375401496887207,53.25870132446289
552,-22644.751953125,-22722.912109375,14.81656551361084,15.359993934631348,53.192970275878906
553,-24090.80859375,-22264.298828125,14.806937217712402,15.350628852844238,53.164573669433594
554,-24266.41796875,-24058.267578125,14.811577796936035,15.355868339538574,53.190345764160156
555,-24280.45703125,-24025.359375,14.812788009643555,15.357599258422852,53.209808349609375
556,-24554.591796875,-24119.96484375,14.808844566345215,15.354063987731934,53.209007263183594
557,-24604.49609375,-24208.220703125,14.805788040161133,15.351439476013184,53.208534240722656
558,-24722.453125,-24070.373046875,14.803647994995117,15.349796295166016,53.23270034790039
559,-24500.474609375,-24795.3515625,14.801146507263184,15.347748756408691,53.233970642089844
560,-24596.28515625,-24286.47265625,14.79361343383789,15.340606689453125,53.23292922973633
561,-24774.3359375,-24629.361328125,14.795631408691406,15.343199729919434,53.2575798034668
562,-24720.33203125,-24609.861328125,14.805328369140625,15.353623390197754,53.310237884521484
563,-24747.95703125,-24931.8984375,14.798298835754395,15.346981048583984,53.29096984863281
564,-24290.35546875,-23563.951171875,14.797477722167969,15.346670150756836,53.28118133544922
565,-24571.1015625,-24932.724609375,14.792190551757812,15.341774940490723,53.27800750732422
566,-24776.06640625,-24859.05078125,14.801334381103516,15.351609230041504,53.325645446777344
567,-24477.708984375,-24578.814453125,14.79925537109375,15.349990844726562,53.3383674621582
568,-24543.44140625,-23936.732421875,14.805931091308594,15.3572998046875,53.36545181274414
569,-24563.67578125,-23718.130859375,14.797771453857422,15.349539756774902,53.35708999633789
570,-24791.73046875,-24458.951171875,14.795677185058594,15.34793758392334,53.367950439453125
571,-24417.68359375,-23889.158203125,14.78647232055664,15.339132308959961,53.34552001953125
572,-23832.533203125,-21456.72265625,14.770126342773438,15.323030471801758,53.3026123046875
573,-22147.814453125,-21566.158203125,14.763367652893066,15.316646575927734,53.28926086425781
574,-23904.865234375,-23382.396484375,14.756514549255371,15.310173988342285,53.270904541015625
575,-24807.755859375,-24996.525390625,14.757396697998047,15.31164836883545,53.28980255126953
576,-24704.45703125,-24936.78125,14.753265380859375,15.308008193969727,53.28209686279297
577,-24717.876953125,-24677.923828125,14.745266914367676,15.300429344177246,53.28044891357422
578,-24922.0078125,-24340.197265625,14.738504409790039,15.294105529785156,53.30292892456055
579,-24516.8515625,-24900.3359375,14.73198413848877,15.28803825378418,53.29840850830078
580,-24838.099609375,-22900.509765625,14.730585098266602,15.287139892578125,53.31289291381836
581,-24649.890625,-25065.263671875,14.716748237609863,15.273652076721191,53.30755615234375
582,-24638.75390625,-24727.91796875,14.706315040588379,15.263676643371582,53.28728103637695
583,-24809.0078125,-23688.103515625,14.6970796585083,15.254870414733887,53.265323638916016
584,-24784.064453125,-24126.6015625,14.701170921325684,15.259627342224121,53.28705596923828
585,-24792.7734375,-24622.0546875,14.698034286499023,15.257027626037598,53.27663803100586
586,-24650.3828125,-24780.404296875,14.68482494354248,15.244169235229492,53.24836730957031
587,-24360.765625,-23984.578125,14.692278861999512,15.252351760864258,53.256004333496094
588,-24809.58203125,-23596.64453125,14.686088562011719,15.246581077575684,53.25862121582031
589,-24698.068359375,-24622.111328125,14.67829704284668,15.23922061920166,53.2518196105957
590,-24761.447265625,-24451.853515625,14.673687934875488,15.235197067260742,53.25109100341797
591,-24768.650390625,-24677.947265625,14.67154312133789,15.233664512634277,53.27267074584961
592,-24335.408203125,-19551.333984375,14.661611557006836,15.224143028259277,53.2299919128418
593,-23840.4140625,-24271.6953125,14.643817901611328,15.206568717956543,53.18986129760742
594,-23786.060546875,-24798.650390625,14.650723457336426,15.21410083770752,53.182228088378906
595,-23544.869140625,-24398.333984375,14.634093284606934,15.19762134552002,53.11151885986328
596,-24987.564453125,-24541.66015625,14.628019332885742,15.191987037658691,53.10794448852539
597,-24722.822265625,-23795.337890625,14.628287315368652,15.192801475524902,53.12065505981445
598,-24827.0625,-24919.330078125,14.63012409210205,15.195295333862305,53.136329650878906
599,-25075.224609375,-23100.525390625,14.63064956665039,15.196423530578613,53.15559387207031
600,-24603.775390625,-23823.927734375,14.638209342956543,15.204670906066895,53.1889762878418
601,-24812.705078125,-24642.392578125,14.636404991149902,15.203399658203125,53.177650451660156
602,-24733.482421875,-24901.94140625,14.629676818847656,15.197123527526855,53.160892486572266
603,-23867.8359375,-24228.908203125,14.619101524353027,15.18687915802002,53.11320114135742
604,-23947.421875,-23007.296875,14.612936019897461,15.181177139282227,53.08880615234375
605,-23871.716796875,-24183.6484375,14.610610008239746,15.179369926452637,53.09029769897461
606,-24483.794921875,-23548.912109375,14.600348472595215,15.169464111328125,53.05730056762695
607,-24786.75390625,-24868.900390625,14.581476211547852,15.150818824768066,53.03156280517578
608,-24945.810546875,-25180.19921875,14.586859703063965,15.156867027282715,53.043941497802734
609,-24825.369140625,-22945.244140625,14.585819244384766,15.156370162963867,53.05226135253906
610,-24711.978515625,-24615.353515625,14.585615158081055,15.156611442565918,53.02139663696289
611,-25041.400390625,-25239.03125,14.59234619140625,15.163995742797852,53.03955078125
612,-24957.0546875,-24865.087890625,14.5963134765625,15.168604850769043,53.05159378051758
613,-24868.61328125,-21150.861328125,14.599559783935547,15.172523498535156,53.06553268432617
614,-24155.7421875,-21288.2421875,14.584155082702637,15.157472610473633,53.032989501953125
615,-23134.189453125,-22779.1640625,14.575114250183105,15.148838996887207,53.03155517578125
616,-23309.869140625,-18017.0,14.542715072631836,15.11629867553711,52.869014739990234
617,-21745.62890625,-23629.376953125,14.568799018859863,15.143346786499023,52.91687774658203
618,-24799.693359375,-25146.4375,14.553668975830078,15.128416061401367,52.855316162109375
619,-24967.45703125,-24357.548828125,14.555534362792969,15.130818367004395,52.86958312988281
620,-24819.173828125,-24882.935546875,14.554718017578125,15.130526542663574,52.89434814453125
621,-24212.6015625,-24918.634765625,14.537528038024902,15.1135835647583,52.84406661987305
622,-23982.666015625,-24661.560546875,14.532119750976562,15.108619689941406,52.80521011352539
623,-25065.15234375,-24870.125,14.53072738647461,15.107697486877441,52.807838439941406
624,-25083.291015625,-23021.2578125,14.530420303344727,15.107873916625977,52.79948425292969
625,-24961.96875,-24976.83203125,14.52694034576416,15.104920387268066,52.798500061035156
626,-25058.89453125,-24970.888671875,14.523412704467773,15.101875305175781,52.786048889160156
627,-24828.96875,-25050.88671875,14.51855754852295,15.097580909729004,52.78596878051758
628,-24779.001953125,-25113.30078125,14.519393920898438,15.099043846130371,52.76918411254883
629,-25131.376953125,-24365.572265625,14.521354675292969,15.101612091064453,52.7962532043457
630,-25119.8828125,-24686.68359375,14.522021293640137,15.102958679199219,52.806312561035156
631,-24805.2421875,-24677.29296875,14.511836051940918,15.093170166015625,52.80988693237305
632,-23229.197265625,-21591.595703125,14.504064559936523,15.085840225219727,52.77618408203125
633,-23034.505859375,-22951.12109375,14.484641075134277,15.066454887390137,52.70004653930664
634,-24464.09375,-24996.517578125,14.480621337890625,15.062801361083984,52.651947021484375
635,-25031.119140625,-25099.013671875,14.480591773986816,15.063324928283691,52.63547897338867
636,-24570.75390625,-24864.2109375,14.482348442077637,15.065750122070312,52.65437316894531
637,-25013.337890625,-24290.42578125,14.48078727722168,15.064722061157227,52.65187072753906
638,-25082.6953125,-24865.50390625,14.47494125366211,15.059433937072754,52.6585693359375
639,-25208.822265625,-25622.890625,14.472362518310547,15.057459831237793,52.67654800415039
640,-25143.115234375,-24647.658203125,14.474370002746582,15.06014633178711,52.68325424194336
641,-25157.5234375,-24853.21875,14.47804069519043,15.064416885375977,52.683319091796875
642,-24903.787109375,-23060.82421875,14.474129676818848,15.061084747314453,52.6556510925293
643,-25173.23046875,-24154.3046875,14.467734336853027,15.05524730682373,52.6419563293457
644,-25210.146484375,-24951.26171875,14.46308422088623,15.051107406616211,52.63506317138672
645,-24992.955078125,-25404.083984375,14.452455520629883,15.040948867797852,52.63041687011719
646,-24991.072265625,-24607.90625,14.441646575927734,15.030555725097656,52.57939529418945
647,-25227.3515625,-24890.931640625,14.447011947631836,15.036561965942383,52.580162048339844
648,-25240.41796875,-24561.908203125,14.455038070678711,15.045315742492676,52.58536911010742
649,-24967.689453125,-21198.044921875,14.459007263183594,15.049970626831055,52.59471130371094
650,-23860.931640625,-24356.58203125,14.44846248626709,15.039775848388672,52.5930290222168
651,-22474.1875,-21358.765625,14.424959182739258,15.01633358001709,52.50880432128906
652,-22872.390625,-22739.599609375,14.425992965698242,15.017946243286133,52.50382995605469
653,-23669.265625,-24113.40234375,14.429678916931152,15.022242546081543,52.505775451660156
654,-22461.1796875,-21298.125,14.410094261169434,15.002724647521973,52.42992401123047
655,-24264.580078125,-22300.537109375,14.406105041503906,14.999281883239746,52.37104034423828
656,-24859.58984375,-24959.578125,14.399065017700195,14.992658615112305,52.296730041503906
657,-25171.23046875,-23095.921875,14.404624938964844,14.998958587646484,52.367130279541016
658,-25231.9140625,-24658.5625,14.405858993530273,15.000715255737305,52.3524169921875
659,-25150.580078125,-24537.8984375,14.397941589355469,14.99325180053711,52.35536575317383
660,-25161.294921875,-25026.357421875,14.399131774902344,14.995101928710938,52.40177536010742
661,-25212.77734375,-24542.94921875,14.40274429321289,14.999553680419922,52.46237564086914
662,-24735.65234375,-23893.55078125,14.396319389343262,14.993563652038574,52.46925354003906
663,-23766.390625,-22575.939453125,14.389801025390625,14.987444877624512,52.41659927368164
664,-23899.755859375,-24535.294921875,14.382974624633789,14.980968475341797,52.350868225097656
665,-23715.861328125,-23383.48828125,14.365346908569336,14.963475227355957,52.30900192260742
666,-24310.142578125,-23667.111328125,14.36382007598877,14.962475776672363,52.278961181640625
667,-25177.4921875,-24408.044921875,14.357315063476562,14.95648193359375,52.29176330566406
668,-25277.091796875,-25725.830078125,14.357487678527832,14.95722770690918,52.291969299316406
669,-25111.025390625,-23744.30078125,14.355891227722168,14.956199645996094,52.313934326171875
670,-25060.74609375,-24661.748046875,14.353328704833984,14.954339981079102,52.29723358154297
671,-25099.208984375,-25774.580078125,14.343514442443848,14.94489860534668,52.26472473144531
672,-25125.537109375,-24585.517578125,14.351176261901855,14.953420639038086,52.292724609375
673,-25264.216796875,-24608.962890625,14.360149383544922,14.963274002075195,52.327117919921875
674,-25159.646484375,-24489.203125,14.360629081726074,14.964418411254883,52.339195251464844
675,-24953.05859375,-21457.849609375,14.361655235290527,14.966221809387207,52.312591552734375
676,-25113.0625,-24899.9765625,14.353065490722656,14.958138465881348,52.31178283691406
677,-24783.021484375,-24108.02734375,14.350152015686035,14.955866813659668,52.327186584472656
678,-23745.4296875,-24344.77734375,14.349935531616211,14.956230163574219,52.28400802612305
679,-24928.6015625,-25372.025390625,14.338269233703613,14.944820404052734,52.19948959350586
680,-25316.822265625,-23665.630859375,14.329092979431152,14.936042785644531,52.2060661315918
681,-25219.98828125,-25269.041015625,14.31560230255127,14.922982215881348,52.21311950683594
682,-25422.96484375,-25165.013671875,14.322534561157227,14.93073844909668,52.23412322998047
683,-25270.96484375,-24942.216796875,14.324664115905762,14.93352222442627,52.22268295288086
684,-24923.1171875,-24260.9453125,14.323995590209961,14.933433532714844,52.20158767700195
685,-24818.171875,-24756.572265625,14.320850372314453,14.930797576904297,52.22665023803711
686,-25339.265625,-23862.298828125,14.307713508605957,14.917961120605469,52.19333267211914
687,-25322.8828125,-24162.859375,14.317347526550293,14.928399085998535,52.242652893066406
688,-25363.392578125,-24344.3359375,14.317420959472656,14.929130554199219,52.21993637084961
689,-25339.0703125,-25109.59765625,14.318604469299316,14.931117057800293,52.22587585449219
690,-25184.0,-23462.921875,14.305344581604004,14.918349266052246,52.23215103149414
691,-25084.783203125,-24988.841796875,14.301447868347168,14.915019035339355,52.2463264465332
692,-25131.0546875,-25221.09375,14.299485206604004,14.913673400878906,52.1568603515625
693,-24756.173828125,-23772.46484375,14.305232048034668,14.920257568359375,52.18345642089844
694,-23573.73046875,-24109.955078125,14.29452896118164,14.909857749938965,52.12519454956055
695,-25310.861328125,-25013.189453125,14.297337532043457,14.91330623626709,52.091094970703125
696,-25472.16015625,-23643.5078125,14.296746253967285,14.913444519042969,52.116336822509766
697,-25139.125,-24785.09765625,14.292560577392578,14.909958839416504,52.10909652709961
698,-25182.369140625,-24594.515625,14.28744888305664,14.905508995056152,52.1031379699707
699,-25359.58984375,-24446.22265625,14.278780937194824,14.897528648376465,52.11918640136719
700,-25072.02734375,-25007.578125,14.27810001373291,14.897520065307617,52.115379333496094
701,-21598.72265625,-15301.962890625,14.246438026428223,14.865665435791016,51.98769760131836
702,-18409.7265625,-21084.6953125,14.272880554199219,14.893207550048828,52.0243034362793
703,-23668.49609375,-24239.162109375,14.25078296661377,14.871235847473145,51.90765380859375
704,-25220.94140625,-23853.5546875,14.256033897399902,14.87720012664795,51.99250793457031
705,-25281.423828125,-24464.767578125,14.246772766113281,14.868470191955566,51.993309020996094
706,-25417.119140625,-24464.7890625,14.253695487976074,14.876167297363281,52.016544342041016
707,-25295.76171875,-25380.744140625,14.25845718383789,14.881659507751465,52.00468444824219
708,-25416.078125,-23713.2578125,14.259620666503906,14.883574485778809,51.98685073852539
709,-25350.091796875,-25059.845703125,14.262386322021484,14.887079238891602,51.9715576171875
710,-25272.484375,-25193.505859375,14.245613098144531,14.870710372924805,51.92033386230469
711,-25397.666015625,-24125.6796875,14.255532264709473,14.881616592407227,51.96363067626953
712,-25436.134765625,-24928.521484375,14.268457412719727,14.895501136779785,51.95704650878906
713,-25335.2890625,-23899.111328125,14.258463859558105,14.886025428771973,51.921573638916016
714,-25147.63671875,-25168.48046875,14.259271621704102,14.887676239013672,51.91668701171875
715,-24912.720703125,-24401.4140625,14.256729125976562,14.885725975036621,51.869483947753906
716,-24151.560546875,-24405.1015625,14.249296188354492,14.878881454467773,51.88652038574219
717,-25265.2421875,-23015.740234375,14.245013236999512,14.875261306762695,51.807647705078125
718,-24914.080078125,-24648.63671875,14.237622261047363,14.868379592895508,51.81011962890625
719,-23840.1171875,-21531.134765625,14.236931800842285,14.868498802185059,51.81758117675781
720,-24686.26953125,-25177.73828125,14.214356422424316,14.846048355102539,51.78125762939453
721,-25560.849609375,-25162.95703125,14.21611213684082,14.848363876342773,51.809715270996094
722,-25511.626953125,-25036.923828125,14.223855972290039,14.8571138381958,51.83580017089844
723,-25403.412109375,-25080.32421875,14.221206665039062,14.85524845123291,51.89049530029297
724,-25502.580078125,-22038.2734375,14.236576080322266,14.871671676635742,51.951560974121094
725,-24336.0546875,-22517.89453125,14.230143547058105,14.865945816040039,51.878150939941406
726,-22793.33203125,-20092.244140625,14.213688850402832,14.849652290344238,51.820152282714844
727,-22632.22265625,-22049.185546875,14.20766544342041,14.844097137451172,51.77365493774414
728,-23883.134765625,-23585.421875,14.192865371704102,14.829618453979492,51.75768280029297
729,-24770.9609375,-25114.248046875,14.204029083251953,14.841634750366211,51.72001647949219
730,-25237.29296875,-25435.001953125,14.203641891479492,14.841811180114746,51.6775016784668
731,-25634.826171875,-24943.873046875,14.203094482421875,14.841988563537598,51.700462341308594
732,-25643.74609375,-25113.603515625,14.210363388061523,14.850228309631348,51.72441864013672
733,-25536.12109375,-25028.341796875,14.207059860229492,14.847624778747559,51.697967529296875
734,-25582.09765625,-22261.4453125,14.210906982421875,14.852433204650879,51.6946907043457
735,-25491.990234375,-25157.775390625,14.207600593566895,14.849900245666504,51.69694137573242
736,-25485.34765625,-25184.02734375,14.209892272949219,14.853092193603516,51.72126388549805
737,-25600.166015625,-24145.919921875,14.211421966552734,14.855525970458984,51.74057388305664
738,-25332.29296875,-25005.3515625,14.190670013427734,14.835041046142578,51.73370361328125
739,-25427.50390625,-24639.115234375,14.19285774230957,14.83812427520752,51.744205474853516
740,-25366.875,-23832.140625,14.187490463256836,14.833507537841797,51.74977493286133
741,-25543.99609375,-24588.447265625,14.180876731872559,14.827718734741211,51.749603271484375
742,-25290.4453125,-25112.5390625,14.172985076904297,14.820518493652344,51.68838119506836
743,-25600.044921875,-25233.4765625,14.187758445739746,14.836358070373535,51.684417724609375
744,-25322.734375,-25250.03125,14.191880226135254,14.841336250305176,51.67753982543945
745,-25533.314453125,-24843.357421875,14.197582244873047,14.848085403442383,51.679725646972656
746,-25477.728515625,-24947.42578125,14.184568405151367,14.835552215576172,51.63655471801758
747,-25238.822265625,-24427.8828125,14.171175956726074,14.822773933410645,51.588321685791016
748,-25513.490234375,-24882.275390625,14.171150207519531,14.823680877685547,51.62519836425781
749,-25160.958984375,-24934.419921875,14.173316955566406,14.826704025268555,51.586761474609375
750,-25599.021484375,-25234.447265625,14.169757843017578,14.824127197265625,51.592689514160156
751,-25593.501953125,-24996.673828125,14.176204681396484,14.831806182861328,51.648746490478516
752,-25426.390625,-24690.79296875,14.158622741699219,14.814738273620605,51.66786193847656
753,-25077.998046875,-24916.765625,14.170326232910156,14.82752799987793,51.69377899169922
754,-24437.10546875,-23205.822265625,14.158178329467773,14.81599235534668,51.585540771484375
755,-25049.609375,-25195.203125,14.161890029907227,14.820599555969238,51.54886245727539
756,-25559.91015625,-23468.15234375,14.1699857711792,14.829941749572754,51.52347946166992
757,-25497.140625,-24909.798828125,14.166658401489258,14.827473640441895,51.53971862792969
758,-25710.65625,-25339.884765625,14.1666841506958,14.828495979309082,51.525917053222656
759,-25583.123046875,-24496.626953125,14.156288146972656,14.819034576416016,51.52394485473633
760,-25651.603515625,-24185.74609375,14.156439781188965,14.820291519165039,51.539703369140625
761,-25477.193359375,-22701.30859375,14.147899627685547,14.812620162963867,51.53266906738281
762,-24578.068359375,-22938.6796875,14.148026466369629,14.81372356414795,51.532344818115234
763,-24309.2265625,-21978.404296875,14.134438514709473,14.800618171691895,51.488529205322266
764,-23807.392578125,-24907.5,14.109301567077637,14.775506973266602,51.35338592529297
765,-24807.14453125,-22512.4140625,14.120960235595703,14.78846263885498,51.37216567993164
766,-24802.744140625,-24280.99609375,14.093632698059082,14.761451721191406,51.295684814453125
767,-25187.986328125,-22992.81640625,14.080816268920898,14.749396324157715,51.22258758544922
768,-25134.650390625,-24770.462890625,14.100528717041016,14.77067756652832,51.25920867919922
769,-25071.984375,-24574.181640625,14.106146812438965,14.777368545532227,51.29822540283203
770,-25588.91796875,-24178.44140625,14.104662895202637,14.776880264282227,51.331329345703125
771,-25624.796875,-24439.517578125,14.121655464172363,14.795473098754883,51.366416931152344
772,-25717.05078125,-25797.857421875,14.104828834533691,14.779253959655762,51.32670211791992
773,-25687.115234375,-24787.875,14.13090991973877,14.807328224182129,51.38264083862305
774,-25497.0234375,-25185.2734375,14.125102996826172,14.802423477172852,51.36689758300781
775,-25522.6171875,-23859.40625,14.120170593261719,14.798795700073242,51.360931396484375
776,-25718.8125,-23670.5703125,14.09934139251709,14.778462409973145,51.29719161987305
777,-25605.47265625,-26041.07421875,14.117607116699219,14.798354148864746,51.358924865722656
778,-25574.24609375,-25191.1875,14.118742942810059,14.800713539123535,51.36099624633789
779,-25505.5390625,-25655.109375,14.106863021850586,14.78990364074707,51.36388397216797
780,-25217.796875,-23020.048828125,14.088778495788574,14.772708892822266,51.359859466552734
781,-24937.75390625,-24848.107421875,14.087703704833984,14.772706031799316,51.32725143432617
782,-25531.859375,-25230.72265625,14.08955192565918,14.775663375854492,51.29676055908203
783,-25488.865234375,-25153.044921875,14.098858833312988,14.786694526672363,51.2829704284668
784,-25666.068359375,-24685.9921875,14.076869010925293,14.765437126159668,51.25532150268555
785,-25550.30859375,-24961.1328125,14.083024024963379,14.773056030273438,51.22956848144531
786,-25458.23828125,-25019.318359375,14.081632614135742,14.77294921875,51.21315002441406
787,-25683.775390625,-23906.94140625,14.073652267456055,14.766082763671875,51.23580551147461
788,-25588.083984375,-23864.373046875,14.073321342468262,14.767260551452637,51.270320892333984
789,-25328.275390625,-25441.861328125,14.065661430358887,14.760808944702148,51.28923034667969
790,-25579.912109375,-24501.73046875,14.063700675964355,14.76005744934082,51.2667236328125
791,-25584.185546875,-24165.986328125,14.061717987060547,14.759428024291992,51.244903564453125
792,-25602.677734375,-25475.486328125,14.055683135986328,14.754680633544922,51.22826385498047
793,-25703.119140625,-25857.779296875,14.0592041015625,14.759800910949707,51.13818359375
794,-25856.384765625,-25956.486328125,14.051939010620117,14.754098892211914,51.16382598876953
795,-25739.634765625,-25075.70703125,14.056178092956543,14.759969711303711,51.185546875
796,-25306.9765625,-23043.958984375,14.059136390686035,14.764423370361328,51.14949035644531
797,-24767.60546875,-22619.525390625,14.050012588500977,14.756570816040039,51.094146728515625
798,-24288.947265625,-23299.556640625,14.020750045776367,14.727920532226562,51.05289077758789
799,-23336.533203125,-23178.04296875,14.005244255065918,14.712993621826172,50.96293258666992
800,-25051.419921875,-24487.87109375,14.006553649902344,14.715901374816895,50.997413635253906
801,-25371.384765625,-24706.822265625,14.007198333740234,14.71798038482666,51.01575469970703
802,-25794.564453125,-25476.982421875,14.007101058959961,14.719478607177734,51.01637268066406
803,-25893.25390625,-24057.4765625,14.001492500305176,14.715373039245605,51.021873474121094
804,-25741.119140625,-25786.349609375,13.995294570922852,14.710556030273438,50.979644775390625
805,-25779.978515625,-25309.14453125,13.994726181030273,14.711690902709961,50.983489990234375
806,-25643.921875,-25248.1015625,13.989529609680176,14.708292007446289,50.94764709472656
807,-25605.958984375,-23524.322265625,13.989136695861816,14.709553718566895,50.981815338134766
808,-25225.751953125,-24723.546875,13.987953186035156,14.710020065307617,50.95790100097656
809,-25542.279296875,-25650.046875,13.976319313049316,14.699724197387695,50.94915771484375
810,-25781.451171875,-25738.82421875,13.975776672363281,14.701190948486328,50.903350830078125
811,-25537.361328125,-24915.42578125,13.98779296875,14.71550464630127,50.95790100097656
812,-25040.8125,-23748.42578125,14.003270149230957,14.733373641967773,50.934837341308594
813,-25022.36328125,-24278.3125,13.9933500289917,14.724818229675293,50.9249153137207
814,-25329.296875,-24944.841796875,13.989018440246582,14.722118377685547,50.88774490356445
815,-25767.091796875,-24601.107421875,13.981061935424805,14.7157621383667,50.860450744628906
816,-25992.30078125,-24032.216796875,13.990265846252441,14.727371215820312,50.89973449707031
817,-25738.583984375,-25069.4296875,13.98666000366211,14.725788116455078,50.9287109375
818,-25750.01171875,-23403.06640625,13.976094245910645,14.717016220092773,50.91350555419922
819,-25676.576171875,-25077.55078125,13.977023124694824,14.720168113708496,50.9444580078125
820,-25153.365234375,-23941.884765625,13.981951713562012,14.727322578430176,50.93113327026367
821,-21419.69921875,-20406.58984375,13.977498054504395,14.7246675491333,50.949317932128906
822,-23334.15234375,-24824.64453125,13.940621376037598,14.688255310058594,50.94887924194336
823,-23340.236328125,-20185.33203125,13.946840286254883,14.69650650024414,50.949195861816406
824,-23920.837890625,-24654.0546875,13.926204681396484,14.676936149597168,50.80510330200195
825,-25510.125,-24526.6953125,13.940165519714355,14.69314956665039,50.80727767944336
826,-25994.43359375,-26101.23046875,13.959646224975586,14.715581893920898,50.90802001953125
827,-25850.0234375,-25093.314453125,13.953798294067383,14.711976051330566,50.88134002685547
828,-25823.009765625,-25017.318359375,13.973245620727539,14.73487377166748,50.89500045776367
829,-25906.572265625,-26002.720703125,13.950444221496582,14.714363098144531,50.88249969482422
830,-25957.619140625,-24828.375,13.932629585266113,14.69904613494873,50.89857482910156
831,-25496.8125,-24895.2421875,13.916699409484863,14.685376167297363,50.81574249267578
832,-25367.53515625,-25169.359375,13.91599178314209,14.687297821044922,50.733192443847656
833,-25720.517578125,-25009.349609375,13.91241455078125,14.686274528503418,50.73952102661133
834,-25553.125,-24961.380859375,13.902362823486328,14.678618431091309,50.691532135009766
835,-25863.052734375,-24025.533203125,13.8952054977417,14.674079895019531,50.69816589355469
836,-25611.318359375,-25142.46484375,13.894303321838379,14.676248550415039,50.70930480957031
837,-25641.216796875,-25887.095703125,13.877030372619629,14.660983085632324,50.6830940246582
838,-25798.69921875,-24967.5859375,13.903443336486816,14.691346168518066,50.78719711303711
839,-25740.16796875,-24404.46484375,13.894207954406738,14.68517017364502,50.78205490112305
840,-25717.21484375,-25233.99609375,13.907441139221191,14.702155113220215,50.84416961669922
841,-25877.36328125,-25243.013671875,13.89798641204834,14.69580364227295,50.78164291381836
842,-25696.615234375,-22416.978515625,13.875264167785645,14.675832748413086,50.78077697753906
843,-25227.65234375,-24601.521484375,13.865156173706055,14.668700218200684,50.69683074951172
844,-23148.197265625,-24224.466796875,13.855320930480957,14.661331176757812,50.588905334472656
845,-22733.12109375,-22567.74609375,13.851881980895996,14.66018295288086,50.52238845825195
846,-24833.720703125,-24343.720703125,13.859320640563965,14.670636177062988,50.542869567871094
847,-25701.66015625,-23740.626953125,13.866528511047363,14.68172550201416,50.56737518310547
848,-25996.927734375,-25488.515625,13.863125801086426,14.682412147521973,50.56700897216797
849,-25955.33984375,-25251.146484375,13.84801959991455,14.670780181884766,50.596275329589844
850,-25889.048828125,-22861.099609375,13.846826553344727,14.674373626708984,50.70392608642578
851,-25277.36328125,-24993.525390625,13.831744194030762,14.66294002532959,50.652793884277344
852,-25693.71484375,-25384.998046875,13.804823875427246,14.63875675201416,50.54483413696289
853,-25977.279296875,-23746.302734375,13.81692123413086,14.65589427947998,50.56606674194336
854,-25818.3125,-24786.416015625,13.806065559387207,14.649104118347168,50.59713363647461
855,-25827.0390625,-24665.4609375,13.786311149597168,14.633354187011719,50.57918930053711
856,-25823.859375,-24132.931640625,13.773167610168457,14.624689102172852,50.60979461669922
857,-26074.0625,-24209.89453125,13.77901840209961,14.635992050170898,50.68251037597656
858,-25778.9453125,-25726.0390625,13.773223876953125,14.634956359863281,50.6445426940918
859,-25417.625,-24514.322265625,13.7638578414917,14.629899024963379,50.603607177734375
860,-25809.65625,-24701.126953125,13.75249195098877,14.623157501220703,50.512908935546875
861,-25869.181640625,-25286.109375,13.746549606323242,14.622308731079102,50.509796142578125
862,-25898.78125,-24572.955078125,13.73542594909668,14.616373062133789,50.452919006347656
863,-25916.521484375,-25008.75390625,13.72838306427002,14.615438461303711,50.427650451660156
864,-25902.173828125,-24595.984375,13.707515716552734,14.599508285522461,50.47319793701172
865,-25790.029296875,-25066.14453125,13.711647033691406,14.610186576843262,50.4943733215332
866,-25789.796875,-24670.775390625,13.711089134216309,14.616143226623535,50.50477600097656
867,-25986.310546875,-25212.689453125,13.73044490814209,14.643413543701172,50.50638198852539
868,-25787.236328125,-21609.4765625,13.716937065124512,14.636822700500488,50.55000305175781
869,-25662.859375,-24015.9140625,13.6873140335083,14.612008094787598,50.46127700805664
870,-25802.974609375,-24138.724609375,13.696133613586426,14.629122734069824,50.48829650878906
871,-26027.306640625,-24028.330078125,13.69904613494873,14.640457153320312,50.54772186279297
872,-25534.322265625,-24441.21484375,13.693922996520996,14.64309024810791,50.57578659057617
873,-25938.220703125,-23905.482421875,13.67668342590332,14.633125305175781,50.50874328613281
874,-25361.1796875,-25086.91015625,13.657816886901855,14.621548652648926,50.44522476196289
875,-25821.46484375,-25242.04296875,13.63677978515625,14.608654022216797,50.37104415893555
876,-25953.568359375,-24398.1796875,13.620485305786133,14.601502418518066,50.4679069519043
877,-25979.90234375,-25734.87890625,13.604445457458496,14.594952583312988,50.383583068847656
878,-25377.345703125,-24703.224609375,13.591411590576172,14.591154098510742,50.35765075683594
879,-22864.140625,-21682.345703125,13.573551177978516,14.579898834228516,50.27671432495117
880,-23635.17578125,-24720.458984375,13.523419380187988,14.53453540802002,50.15219497680664
881,-24552.044921875,-25326.98046875,13.517790794372559,14.537477493286133,50.1690673828125
882,-25680.224609375,-25796.353515625,13.508938789367676,14.538520812988281,50.1669921875
883,-25800.763671875,-23811.580078125,13.530815124511719,14.572904586791992,50.211814880371094
884,-26052.30078125,-24414.82421875,13.537470817565918,14.59299087524414,50.28700637817383
885,-25920.322265625,-25556.552734375,13.519257545471191,14.586999893188477,50.320640563964844
886,-25791.541015625,-25964.1640625,13.484414100646973,14.563777923583984,50.284881591796875
887,-25982.5625,-25033.625,13.489839553833008,14.584342956542969,50.30403518676758
888,-25953.310546875,-23787.201171875,13.47503662109375,14.584505081176758,50.282554626464844
889,-26019.294921875,-25378.861328125,13.475348472595215,14.601276397705078,50.364315032958984
890,-26043.353515625,-25548.568359375,13.460350036621094,14.602961540222168,50.34368133544922
891,-26008.69921875,-25449.41796875,13.444048881530762,14.60433292388916,50.31922912597656
892,-25831.990234375,-23505.80078125,13.428701400756836,14.607190132141113,50.309104919433594
893,-25881.078125,-25175.7265625,13.409852027893066,14.606489181518555,50.36857604980469
894,-26042.826171875,-24484.009765625,13.382160186767578,14.59815502166748,50.29622268676758
895,-25928.96484375,-25893.013671875,13.352592468261719,14.588809967041016,50.28620147705078
896,-25974.578125,-24121.896484375,13.326465606689453,14.584883689880371,50.32211685180664
897,-25985.255859375,-24581.77734375,13.30116081237793,14.583478927612305,50.37903594970703
898,-25938.599609375,-25325.349609375,13.26445198059082,14.570236206054688,50.33054733276367
899,-25948.734375,-24941.384765625,13.226202011108398,14.558253288269043,50.22454833984375
900,-25879.0,-24539.716796875,13.202472686767578,14.56406021118164,50.264427185058594
901,-25876.73046875,-24543.349609375,13.197617530822754,14.591559410095215,50.200340270996094
902,-26021.81640625,-25294.896484375,13.16821575164795,14.596138954162598,50.187896728515625
903,-25795.236328125,-25199.83203125,13.132939338684082,14.595047950744629,50.20781707763672
904,-25936.1171875,-25289.5,13.105157852172852,14.605979919433594,50.189876556396484
905,-26183.712890625,-23827.388671875,13.076021194458008,14.620255470275879,50.17085647583008
906,-25918.4375,-23929.64453125,13.038722038269043,14.626838684082031,50.23468780517578
907,-25694.681640625,-25715.734375,13.023253440856934,14.657073974609375,50.216426849365234
908,-25707.240234375,-25599.720703125,12.970964431762695,14.651936531066895,50.17900085449219
909,-26008.9609375,-23072.705078125,12.924933433532715,14.660995483398438,50.21196365356445
910,-25756.005859375,-24909.06640625,12.879485130310059,14.672432899475098,50.195255279541016
911,-26037.666015625,-23427.5234375,12.848945617675781,14.708624839782715,50.26985168457031
912,-26161.833984375,-25704.865234375,12.789941787719727,14.718435287475586,50.25117492675781
913,-26141.30859375,-25693.236328125,12.72917366027832,14.73246955871582,50.252464294433594
914,-26065.71484375,-25052.01171875,12.681669235229492,14.767374992370605,50.24480056762695
915,-26110.962890625,-26027.646484375,12.626324653625488,14.800353050231934,50.313087463378906
916,-25930.296875,-25390.310546875,12.5743989944458,14.842916488647461,50.41283416748047
917,-25811.1953125,-24013.263671875,12.540385246276855,14.913350105285645,50.48191452026367
918,-18798.845703125,-20751.732421875,12.483323097229004,14.927901268005371,50.311302185058594
919,-24306.009765625,-24424.064453125,12.396208763122559,14.932421684265137,50.26940155029297
920,-25764.642578125,-25362.49609375,12.351114273071289,15.015792846679688,50.323883056640625
921,-26034.845703125,-25456.9765625,12.316021919250488,15.128203392028809,50.38119125366211
922,-26309.453125,-24461.81640625,12.283687591552734,15.262317657470703,50.53701400756836
923,-26229.080078125,-26155.65234375,12.248074531555176,15.397128105163574,50.71004867553711
924,-25895.41015625,-24457.138671875,12.171772003173828,15.485223770141602,50.795005798339844
925,-25868.53515625,-25894.328125,12.124425888061523,15.614714622497559,50.89672088623047
926,-25904.115234375,-20129.076171875,12.053424835205078,15.723143577575684,50.98202896118164
927,-25193.8828125,-25728.361328125,12.004472732543945,15.841958045959473,51.03956604003906
928,-26011.748046875,-25244.392578125,11.984660148620605,16.034950256347656,51.207618713378906
929,-25952.1015625,-25661.07421875,11.945298194885254,16.196941375732422,51.3653678894043
930,-25967.6796875,-25034.408203125,11.895069122314453,16.360736846923828,51.380958557128906
931,-25023.30859375,-23744.755859375,11.838226318359375,16.498279571533203,51.471656799316406
932,-25007.490234375,-24603.681640625,11.799720764160156,16.653621673583984,51.4953498840332
933,-25274.70703125,-23786.568359375,11.778093338012695,16.84226417541504,51.552345275878906
934,-25116.3046875,-25103.470703125,11.7554931640625,17.031160354614258,51.592918395996094
935,-26154.91015625,-24208.2578125,11.75257396697998,17.284574508666992,51.75880432128906
936,-26101.591796875,-26204.88671875,11.717730522155762,17.485078811645508,51.917022705078125
937,-26181.689453125,-25966.328125,11.692179679870605,17.69765853881836,51.98965072631836
938,-26134.955078125,-25288.322265625,11.661070823669434,17.89984130859375,52.01015090942383
939,-26337.57421875,-24228.025390625,11.649399757385254,18.13400650024414,52.198848724365234
940,-26076.10546875,-25896.017578125,11.623580932617188,18.324356079101562,52.31465530395508
941,-25673.080078125,-24402.443359375,11.609386444091797,18.530200958251953,52.390342712402344
942,-24806.60546875,-20328.251953125,11.5748291015625,18.676477432250977,52.38520812988281
943,-23806.5703125,-25153.572265625,11.534368515014648,18.770687103271484,52.49209213256836
944,-25765.666015625,-26159.130859375,11.522811889648438,18.949474334716797,52.64121627807617
945,-26288.59765625,-25252.22265625,11.524663925170898,19.170724868774414,52.789939880371094
946,-26419.177734375,-25863.05078125,11.512179374694824,19.367639541625977,52.931427001953125
947,-26527.982421875,-24120.251953125,11.520137786865234,19.581314086914062,52.991455078125
948,-26271.724609375,-26336.1640625,11.49062728881836,19.73419189453125,53.0612678527832
949,-26293.666015625,-25641.537109375,11.4771146774292,19.893375396728516,53.08505630493164
950,-26465.78515625,-25654.564453125,11.469035148620605,20.05198860168457,53.13843536376953
951,-26360.068359375,-25073.09765625,11.448197364807129,20.169519424438477,53.096343994140625
952,-26306.5625,-25483.27734375,11.44446086883545,20.320823669433594,53.19654083251953
953,-26302.119140625,-26007.2421875,11.434107780456543,20.44318199157715,53.24925231933594
954,-25880.279296875,-23927.32421875,11.4323148727417,20.548965454101562,53.2747802734375
955,-25970.630859375,-26422.330078125,11.409299850463867,20.60897445678711,53.31003952026367
956,-26599.427734375,-24510.712890625,11.410959243774414,20.736709594726562,53.40266418457031
957,-26372.7109375,-26215.859375,11.409598350524902,20.85641098022461,53.46066665649414
958,-26551.513671875,-25688.94140625,11.384714126586914,20.925071716308594,53.4683952331543
959,-26508.279296875,-24848.580078125,11.373808860778809,20.99447250366211,53.49516677856445
960,-26142.767578125,-26182.5,11.360298156738281,21.047393798828125,53.54887771606445
961,-26238.1171875,-24509.498046875,11.356497764587402,21.09839630126953,53.47052001953125
962,-26515.2109375,-25294.98828125,11.354644775390625,21.166828155517578,53.48561477661133
963,-25968.41796875,-26527.9296875,11.338278770446777,21.181034088134766,53.46443557739258
964,-25474.61328125,-25848.595703125,11.332959175109863,21.195518493652344,53.44793701171875
965,-25791.96484375,-25188.75,11.337431907653809,21.213294982910156,53.407066345214844
966,-26361.30078125,-26312.734375,11.32822322845459,21.244152069091797,53.47551345825195
967,-26656.82421875,-24446.51171875,11.328546524047852,21.304725646972656,53.548011779785156
968,-26560.169921875,-26597.173828125,11.324934005737305,21.356931686401367,53.605979919433594
969,-26327.794921875,-25331.703125,11.304402351379395,21.38405990600586,53.65598678588867
970,-26028.26171875,-25455.197265625,11.287569046020508,21.380382537841797,53.58530044555664
971,-26326.5546875,-25714.029296875,11.307283401489258,21.45966911315918,53.70281219482422
972,-26589.32421875,-26509.203125,11.294783592224121,21.481239318847656,53.64879608154297
973,-26604.9375,-24348.818359375,11.284241676330566,21.5112247467041,53.653961181640625
974,-24716.46875,-25249.037109375,11.279659271240234,21.536115646362305,53.73290252685547
975,-25699.265625,-25304.4921875,11.271748542785645,21.514738082885742,53.636024475097656
976,-22726.220703125,-23597.3359375,11.28173542022705,21.508872985839844,53.637535095214844
977,-25180.859375,-25526.62109375,11.244361877441406,21.406753540039062,53.462059020996094
978,-26633.853515625,-25528.19921875,11.281049728393555,21.534404754638672,53.54468536376953
979,-26576.6015625,-25618.083984375,11.283527374267578,21.599544525146484,53.682640075683594
980,-26435.091796875,-26330.8359375,11.277451515197754,21.63468360900879,53.72871398925781
981,-26775.634765625,-26334.265625,11.265116691589355,21.653045654296875,53.7296028137207
982,-26628.6171875,-24553.123046875,11.262372970581055,21.683502197265625,53.73268508911133
983,-26224.919921875,-25952.07421875,11.26393985748291,21.690753936767578,53.667633056640625
984,-26610.701171875,-25449.1328125,11.263895988464355,21.708717346191406,53.68822479248047
985,-26586.166015625,-26285.40234375,11.270206451416016,21.74738883972168,53.75848388671875
986,-26641.888671875,-26403.783203125,11.272064208984375,21.768550872802734,53.789024353027344
987,-26594.265625,-26039.58203125,11.266729354858398,21.783418655395508,53.798805236816406
988,-26369.474609375,-26606.0078125,11.247246742248535,21.757450103759766,53.739070892333984
989,-26561.95703125,-20608.001953125,11.246939659118652,21.779380798339844,53.732330322265625
990,-25344.908203125,-24860.54296875,11.24552059173584,21.74554443359375,53.64207458496094
991,-26035.19921875,-25840.984375,11.250496864318848,21.735843658447266,53.616966247558594
992,-26512.31640625,-26248.552734375,11.247103691101074,21.75156593322754,53.69556427001953
993,-26738.775390625,-26053.478515625,11.251296997070312,21.804946899414062,53.75556945800781
994,-26657.138671875,-26712.18359375,11.244598388671875,21.8271541595459,53.821754455566406
995,-26240.150390625,-24869.564453125,11.236433029174805,21.809280395507812,53.771568298339844
996,-25979.29296875,-24190.001953125,11.22929859161377,21.787078857421875,53.74217987060547
997,-25605.47265625,-25106.3828125,11.219351768493652,21.792436599731445,53.776580810546875
998,-26144.8515625,-26490.083984375,11.2124605178833,21.763164520263672,53.719512939453125
999,-26656.3984375,-25463.12890625,11.226564407348633,21.805665969848633,53.73306655883789
1000,-26907.708984375,-24067.7734375,11.223736763000488,21.83930206298828,53.762351989746094
1001,-26513.369140625,-26596.466796875,11.241687774658203,21.866628646850586,53.79857635498047
1002,-26795.966796875,-26132.412109375,11.250166893005371,21.894145965576172,53.81582260131836
1003,-26795.125,-26563.13671875,11.232821464538574,21.88166618347168,53.788448333740234
1004,-26724.1640625,-26714.369140625,11.246387481689453,21.922683715820312,53.897705078125
1005,-26590.53125,-25779.119140625,11.248201370239258,21.915008544921875,53.857994079589844
1006,-26571.9921875,-25703.990234375,11.251008033752441,21.916610717773438,53.894386291503906
1007,-26624.42578125,-25907.857421875,11.231074333190918,21.868574142456055,53.726688385009766
1008,-26557.3046875,-25784.517578125,11.234962463378906,21.89289093017578,53.80243682861328
1009,-26669.431640625,-25680.1796875,11.243308067321777,21.900638580322266,53.75590133666992
1010,-26507.50390625,-26188.65625,11.23850154876709,21.888912200927734,53.70795822143555
1011,-26395.30859375,-26391.74609375,11.228625297546387,21.899715423583984,53.68478012084961
1012,-26661.91796875,-26114.46875,11.228299140930176,21.911666870117188,53.65441131591797
1013,-26592.669921875,-25335.931640625,11.237358093261719,21.93548011779785,53.72900390625
1014,-26449.689453125,-25477.404296875,11.22672176361084,21.89548110961914,53.570526123046875
1015,-26706.130859375,-26551.240234375,11.226972579956055,21.911088943481445,53.58690643310547
1016,-26709.537109375,-25772.51953125,11.232641220092773,21.935033798217773,53.65687561035156
1017,-26832.93359375,-24473.896484375,11.221668243408203,21.933109283447266,53.72331237792969
1018,-26365.81640625,-26621.505859375,11.23312759399414,21.943538665771484,53.76469421386719
1019,-26738.048828125,-26115.47265625,11.233851432800293,21.96148681640625,53.819053649902344
1020,-26593.900390625,-24535.1953125,11.22666072845459,21.935794830322266,53.760841369628906
1021,-26367.9765625,-24049.4765625,11.225232124328613,21.928319931030273,53.704654693603516
1022,-25311.3984375,-22499.044921875,11.229805946350098,21.904754638671875,53.576255798339844
1023,-25614.044921875,-23933.7421875,11.212833404541016,21.8164005279541,53.43096923828125
1024,-26203.322265625,-26104.62890625,11.223209381103516,21.832080841064453,53.515716552734375
1025,-26796.5859375,-25235.025390625,11.223273277282715,21.870651245117188,53.639923095703125
1026,-26527.931640625,-25079.701171875,11.218092918395996,21.87821388244629,53.663719177246094
1027,-26607.53515625,-26370.72265625,11.228575706481934,21.885530471801758,53.70115661621094
1028,-26638.888671875,-25753.64453125,11.245246887207031,21.92198944091797,53.78307342529297
1029,-26913.64453125,-24849.431640625,11.233343124389648,21.92387580871582,53.7357177734375
1030,-26444.57421875,-26586.11328125,11.228500366210938,21.904212951660156,53.65039825439453
1031,-26851.025390625,-26108.353515625,11.229377746582031,21.93230628967285,53.67793655395508
1032,-26643.634765625,-24095.759765625,11.21646785736084,21.930986404418945,53.66541290283203
1033,-26699.470703125,-24491.7578125,11.219794273376465,21.932598114013672,53.65386962890625
1034,-26627.916015625,-25946.701171875,11.21802043914795,21.940990447998047,53.71263122558594
1035,-26862.705078125,-26280.58203125,11.224652290344238,21.95490264892578,53.72425842285156
1036,-26674.056640625,-25937.03125,11.218512535095215,21.97730255126953,53.76823043823242
1037,-26780.3828125,-24893.703125,11.217312812805176,21.96461296081543,53.687774658203125
1038,-26584.611328125,-26221.80078125,11.21491813659668,21.98143768310547,53.686729431152344
1039,-26777.76171875,-25052.12890625,11.212769508361816,21.960224151611328,53.641815185546875
1040,-26936.98046875,-25142.78125,11.216819763183594,21.984655380249023,53.677940368652344
1041,-26787.326171875,-26179.09765625,11.20168685913086,21.974315643310547,53.68566131591797
1042,-26747.509765625,-24490.638671875,11.207477569580078,21.97833251953125,53.728919982910156
1043,-26012.693359375,-26153.833984375,11.20051097869873,21.94143295288086,53.71189880371094
1044,-26852.99609375,-25527.6328125,11.221630096435547,21.983259201049805,53.78724670410156
1045,-26708.087890625,-26194.484375,11.216506004333496,21.978172302246094,53.67145919799805
1046,-26892.890625,-24825.021484375,11.206405639648438,21.985671997070312,53.678958892822266
1047,-26835.509765625,-25975.470703125,11.19718074798584,21.978376388549805,53.62242126464844
1048,-26677.86328125,-24436.111328125,11.194137573242188,21.97161865234375,53.55234146118164
1049,-26135.875,-25705.4609375,11.189785957336426,21.939912796020508,53.499366760253906
1050,-26974.5625,-26099.09765625,11.200063705444336,21.972238540649414,53.60670471191406
1051,-26830.123046875,-25838.158203125,11.21201229095459,21.986270904541016,53.569908142089844
1052,-26886.33203125,-25617.029296875,11.200776100158691,21.98776626586914,53.539302825927734
1053,-26888.482421875,-24660.40234375,11.217904090881348,22.014636993408203,53.600914001464844
1054,-26911.302734375,-24558.134765625,11.215957641601562,22.00531005859375,53.64454650878906
1055,-26868.95703125,-25969.875,11.21156120300293,21.995004653930664,53.62843322753906
1056,-26840.330078125,-26345.63671875,11.205669403076172,21.9989070892334,53.65222930908203
1057,-25856.796875,-24738.603515625,11.202451705932617,21.98423194885254,53.67308044433594
1058,-25652.146484375,-25697.08203125,11.18857479095459,21.91765022277832,53.6773681640625
1059,-26345.42578125,-26448.509765625,11.197826385498047,21.92186164855957,53.616668701171875
1060,-26587.900390625,-25604.671875,11.205408096313477,21.89864158630371,53.52443313598633
1061,-27001.40234375,-26184.7578125,11.228095054626465,21.96933364868164,53.60274887084961
1062,-26991.3984375,-25640.63671875,11.223034858703613,21.974597930908203,53.562652587890625
1063,-26877.99609375,-25911.849609375,11.216645240783691,21.973875045776367,53.45598602294922
1064,-26893.427734375,-25882.533203125,11.219788551330566,21.995792388916016,53.46818542480469
1065,-26885.6640625,-26853.947265625,11.218769073486328,22.005977630615234,53.52972412109375
1066,-26955.931640625,-23677.513671875,11.219039916992188,22.013025283813477,53.588768005371094
1067,-26658.671875,-26068.64453125,11.20873737335205,21.982309341430664,53.535858154296875
1068,-26764.7109375,-26428.060546875,11.196945190429688,21.963455200195312,53.532196044921875
1069,-26145.240234375,-25665.203125,11.187016487121582,21.918739318847656,53.474971771240234
1070,-26925.3515625,-25288.103515625,11.200712203979492,21.946224212646484,53.53789520263672
1071,-26595.39453125,-24548.87109375,11.220243453979492,21.996084213256836,53.64143753051758
1072,-24143.294921875,-25092.412109375,11.215326309204102,21.963314056396484,53.65995788574219
1073,-26136.216796875,-24104.408203125,11.212446212768555,21.92133331298828,53.606422424316406
1074,-26925.55859375,-26940.6796875,11.22938346862793,21.96543312072754,53.636810302734375
1075,-27041.5234375,-24999.50390625,11.226940155029297,21.997745513916016,53.611083984375
1076,-26856.138671875,-26070.140625,11.205570220947266,21.986459732055664,53.5037727355957
1077,-26367.74609375,-26532.029296875,11.19265365600586,21.961936950683594,53.49749755859375
1078,-26691.494140625,-26213.228515625,11.201969146728516,21.958351135253906,53.46111297607422
1079,-26809.640625,-25701.95703125,11.207307815551758,21.959678649902344,53.43694305419922
1080,-27057.560546875,-26296.259765625,11.212556838989258,21.979263305664062,53.545284271240234
1081,-27019.71875,-26504.056640625,11.206615447998047,21.990488052368164,53.61896514892578
1082,-27014.767578125,-24775.8515625,11.213846206665039,22.005474090576172,53.592262268066406
1083,-26738.271484375,-26114.23828125,11.194034576416016,21.983661651611328,53.56476593017578
1084,-26991.62109375,-26632.41015625,11.200997352600098,22.003488540649414,53.6248779296875
1085,-27102.58203125,-24682.794921875,11.225019454956055,22.05437469482422,53.69733810424805
1086,-26955.591796875,-26086.87109375,11.235306739807129,22.067888259887695,53.672210693359375
1087,-26903.134765625,-26215.541015625,11.222513198852539,22.03341293334961,53.590087890625
1088,-26962.9765625,-25428.361328125,11.224990844726562,22.03689956665039,53.55564880371094
1089,-26847.544921875,-21677.138671875,11.216683387756348,22.014022827148438,53.51953125
1090,-25931.685546875,-26512.705078125,11.2139253616333,21.969593048095703,53.42681121826172
1091,-26976.521484375,-25878.8515625,11.220820426940918,21.973548889160156,53.457603454589844
1092,-26801.060546875,-24408.951171875,11.218335151672363,21.983247756958008,53.51523208618164
1093,-27060.068359375,-24931.263671875,11.23098373413086,22.010852813720703,53.57347869873047
1094,-26695.490234375,-26547.59765625,11.218862533569336,21.977916717529297,53.56478500366211
1095,-26556.96875,-26530.658203125,11.217464447021484,21.954833984375,53.483238220214844
1096,-27022.193359375,-24833.62890625,11.234626770019531,22.009920120239258,53.507286071777344
1097,-27058.712890625,-26927.98046875,11.229969024658203,22.021188735961914,53.48997497558594
1098,-27089.63671875,-26173.728515625,11.205232620239258,21.996442794799805,53.43687057495117
1099,-26936.11328125,-26269.125,11.211793899536133,21.994199752807617,53.42650604248047
1100,-25605.599609375,-23374.791015625,11.215961456298828,21.991636276245117,53.50517272949219
1101,-25478.93359375,-23775.611328125,11.203060150146484,21.918960571289062,53.44443130493164
1102,-26523.83984375,-26184.953125,11.213765144348145,21.928985595703125,53.45520782470703
1103,-26960.822265625,-26350.265625,11.214668273925781,21.95154571533203,53.44879913330078
1104,-27206.044921875,-26404.849609375,11.216340065002441,21.971588134765625,53.496971130371094
1105,-26919.37109375,-23631.42578125,11.221367835998535,21.986515045166016,53.53581619262695
1106,-26908.140625,-25929.310546875,11.199585914611816,21.963390350341797,53.469478607177734
1107,-26747.361328125,-26574.150390625,11.213790893554688,21.969032287597656,53.36057662963867
1108,-26984.369140625,-25086.638671875,11.231992721557617,22.013172149658203,53.43097686767578
1109,-26947.431640625,-22197.40625,11.236800193786621,22.012256622314453,53.45276641845703
1110,-26531.13671875,-26688.146484375,11.220861434936523,21.970558166503906,53.39105224609375
1111,-27217.93359375,-25252.10546875,11.2315673828125,22.01994514465332,53.510589599609375
1112,-26976.333984375,-25487.685546875,11.222127914428711,22.01677131652832,53.509307861328125
1113,-27034.29296875,-25698.419921875,11.210245132446289,22.013824462890625,53.502532958984375
1114,-27162.361328125,-25506.537109375,11.222311973571777,22.029273986816406,53.448917388916016
1115,-26984.6328125,-25926.42578125,11.240888595581055,22.06692886352539,53.478057861328125
1116,-26725.23046875,-26145.0625,11.22769546508789,22.055400848388672,53.528175354003906
1117,-26909.455078125,-26833.25,11.231266975402832,22.053176879882812,53.55120849609375
1118,-26998.02734375,-26727.708984375,11.234227180480957,22.07177734375,53.551666259765625
1119,-26942.5703125,-24852.216796875,11.215920448303223,22.052478790283203,53.49860763549805
1120,-27029.12109375,-25082.798828125,11.213785171508789,22.04247283935547,53.461402893066406
1121,-26531.75390625,-25445.177734375,11.20416259765625,22.022186279296875,53.482994079589844
1122,-26898.421875,-26132.28125,11.206280708312988,22.000205993652344,53.411338806152344
1123,-27099.8125,-23994.775390625,11.223565101623535,22.014446258544922,53.420692443847656
1124,-26738.34375,-24646.62109375,11.226738929748535,22.015705108642578,53.512535095214844
1125,-26668.005859375,-25464.052734375,11.203091621398926,21.947734832763672,53.466217041015625
1126,-26185.09765625,-25119.23828125,11.227450370788574,21.964282989501953,53.481510162353516
1127,-26939.79296875,-25829.76171875,11.237628936767578,21.996849060058594,53.61756896972656
1128,-26999.537109375,-26739.19140625,11.223794937133789,21.972116470336914,53.568199157714844
1129,-27191.390625,-26592.41796875,11.214574813842773,21.96219253540039,53.4672737121582
1130,-27124.33203125,-25800.44140625,11.223865509033203,22.00058364868164,53.511314392089844
1131,-26938.177734375,-24997.01953125,11.207337379455566,21.970565795898438,53.426658630371094
1132,-26906.021484375,-25703.8515625,11.201898574829102,21.945663452148438,53.35559844970703
1133,-27136.544921875,-25691.568359375,11.20401382446289,21.9527587890625,53.38032531738281
1134,-26875.515625,-26351.84765625,11.22952651977539,21.974468231201172,53.39729690551758
1135,-27165.6015625,-26712.7421875,11.229625701904297,22.00021743774414,53.45780944824219
1136,-27014.255859375,-25183.189453125,11.227910995483398,22.002307891845703,53.341556549072266
1137,-27165.564453125,-25807.439453125,11.241785049438477,22.025676727294922,53.342559814453125
1138,-27104.220703125,-24315.46875,11.235578536987305,22.02792739868164,53.332496643066406
1139,-26759.39453125,-26193.74609375,11.22996711730957,22.020565032958984,53.35087203979492
1140,-27185.857421875,-26656.939453125,11.222436904907227,21.99233627319336,53.33679962158203
1141,-26757.611328125,-24472.435546875,11.227806091308594,21.98235321044922,53.29612731933594
1142,-25618.5546875,-26161.93359375,11.20822811126709,21.918407440185547,53.253395080566406
1143,-20906.46484375,-13058.595703125,11.189760208129883,21.836549758911133,53.14873123168945
1144,-18751.03125,-23734.34765625,11.11607837677002,21.65664291381836,53.02981948852539
1145,-25631.390625,-25528.4765625,11.124143600463867,21.62633514404297,53.14955139160156
1146,-26594.8046875,-24544.91015625,11.16507339477539,21.72412109375,53.417015075683594
1147,-26708.255859375,-26139.87109375,11.138134956359863,21.722261428833008,53.4063720703125
1148,-26803.9453125,-26325.45703125,11.165265083312988,21.781108856201172,53.504676818847656
1149,-26832.078125,-25624.990234375,11.171655654907227,21.81810760498047,53.501060485839844
1150,-26900.92578125,-24561.3359375,11.18873405456543,21.861595153808594,53.482322692871094
1151,-26834.048828125,-25165.69921875,11.187667846679688,21.860279083251953,53.32366180419922
1152,-26765.1171875,-25535.1953125,11.167373657226562,21.831073760986328,53.278865814208984
1153,-26815.791015625,-24816.646484375,11.186083793640137,21.85799789428711,53.35240936279297
1154,-26637.373046875,-26333.478515625,11.191064834594727,21.869400024414062,53.419368743896484
1155,-26978.91796875,-26698.525390625,11.202512741088867,21.903217315673828,53.44627380371094
1156,-26929.5703125,-25833.17578125,11.229552268981934,21.95351219177246,53.4505729675293
1157,-26847.779296875,-26409.08984375,11.219517707824707,21.943031311035156,53.371402740478516
1158,-26930.4765625,-24608.92578125,11.208707809448242,21.925392150878906,53.31840515136719
1159,-26551.484375,-25245.564453125,11.204872131347656,21.91566276550293,53.4492301940918
1160,-26773.849609375,-25726.69140625,11.218815803527832,21.915821075439453,53.42565155029297
1161,-26906.130859375,-25870.953125,11.226263999938965,21.926456451416016,53.48825454711914
1162,-26983.4453125,-26416.244140625,11.240588188171387,21.964632034301758,53.536293029785156
1163,-26969.646484375,-26543.546875,11.231928825378418,21.951583862304688,53.490257263183594
1164,-26984.865234375,-26213.65625,11.209016799926758,21.95040512084961,53.5462646484375
1165,-27086.220703125,-25415.521484375,11.21613597869873,21.95990562438965,53.50611114501953
1166,-26803.056640625,-26075.52734375,11.215940475463867,21.95154571533203,53.48285675048828
1167,-26891.392578125,-25495.171875,11.228922843933105,21.92768096923828,53.39976501464844
1168,-26926.302734375,-25352.744140625,11.216663360595703,21.899686813354492,53.350547790527344
1169,-26808.783203125,-26474.1875,11.22946548461914,21.89655303955078,53.346649169921875
1170,-27141.537109375,-25344.76171875,11.244379043579102,21.93752098083496,53.38939666748047
1171,-27081.400390625,-26352.966796875,11.266789436340332,22.005138397216797,53.464141845703125
1172,-26976.357421875,-24081.591796875,11.25931453704834,22.01775360107422,53.45501708984375
1173,-26321.927734375,-24573.861328125,11.239831924438477,21.984596252441406,53.383575439453125
1174,-26051.18359375,-24723.689453125,11.240205764770508,21.96573257446289,53.413238525390625
1175,-26986.669921875,-26701.4375,11.253973007202148,21.99590301513672,53.46184158325195
1176,-26984.521484375,-24810.865234375,11.251665115356445,22.006580352783203,53.458740234375
1177,-26852.99609375,-24900.6015625,11.260191917419434,21.998268127441406,53.4188232421875
1178,-26675.94140625,-25989.7265625,11.232311248779297,21.953964233398438,53.37363052368164
1179,-27106.884765625,-26626.158203125,11.256593704223633,21.996929168701172,53.38838195800781
1180,-27203.07421875,-24068.09375,11.2609224319458,22.017051696777344,53.43323516845703
1181,-26779.77734375,-24604.140625,11.251401901245117,22.000286102294922,53.384422302246094
1182,-26356.654296875,-26359.37109375,11.2577486038208,21.95932388305664,53.282257080078125
1183,-26980.1484375,-26139.294921875,11.25133228302002,21.972984313964844,53.446189880371094
1184,-26525.599609375,-26063.25390625,11.245672225952148,21.945175170898438,53.433048248291016
1185,-26929.173828125,-25391.16015625,11.237217903137207,21.940872192382812,53.421852111816406
1186,-26754.27734375,-25921.017578125,11.244545936584473,21.966135025024414,53.42240905761719
1187,-26941.134765625,-25614.05859375,11.248811721801758,21.967439651489258,53.46082305908203
1188,-26948.162109375,-24680.8671875,11.232853889465332,21.939285278320312,53.392974853515625
1189,-26882.849609375,-26204.0390625,11.25457763671875,21.979598999023438,53.446327209472656
1190,-26942.34765625,-25314.337890625,11.254423141479492,21.985971450805664,53.384429931640625
1191,-26357.162109375,-25525.501953125,11.262779235839844,21.963083267211914,53.2845344543457
1192,-27103.037109375,-25495.44140625,11.250186920166016,21.95220947265625,53.29672622680664
1193,-27212.208984375,-25637.052734375,11.243667602539062,21.980478286743164,53.43348693847656
1194,-27123.982421875,-25837.76953125,11.251486778259277,21.995758056640625,53.44112014770508
1195,-26859.6171875,-26482.88671875,11.25289535522461,21.977401733398438,53.326560974121094
1196,-27050.703125,-25457.869140625,11.274085998535156,21.997817993164062,53.36357879638672
1197,-27061.484375,-24970.123046875,11.265077590942383,21.982913970947266,53.377220153808594
1198,-26752.677734375,-25396.533203125,11.263787269592285,21.97644805908203,53.31956100463867
1199,-26831.61328125,-25113.521484375,11.251296997070312,21.93690299987793,53.243099212646484
1200,-26783.52734375,-25255.54296875,11.252249717712402,21.914663314819336,53.24369812011719
1201,-26972.876953125,-24758.197265625,11.266880989074707,21.946090698242188,53.29718780517578
1202,-26295.556640625,-25741.341796875,11.236108779907227,21.873538970947266,53.1798210144043
1203,-27162.12109375,-26149.2890625,11.270363807678223,21.953815460205078,53.26538848876953
1204,-27385.326171875,-25909.1953125,11.272272109985352,21.97840118408203,53.29153823852539
1205,-27304.427734375,-25358.9765625,11.278353691101074,22.006288528442383,53.38325500488281
1206,-27052.1171875,-25795.8828125,11.263202667236328,21.987457275390625,53.364356994628906
1207,-27033.8359375,-22531.529296875,11.256096839904785,21.97618865966797,53.35719299316406
1208,-26580.1953125,-26156.619140625,11.246925354003906,21.92108917236328,53.24502182006836
1209,-27056.73046875,-27017.705078125,11.24924373626709,21.943218231201172,53.212196350097656
1210,-26675.53515625,-26619.19140625,11.260446548461914,21.936180114746094,53.18878173828125
1211,-27261.619140625,-26120.138671875,11.263644218444824,21.967205047607422,53.27069091796875
1212,-27085.400390625,-25288.333984375,11.284016609191895,21.988798141479492,53.228973388671875
1213,-26957.41015625,-26241.958984375,11.254212379455566,21.934635162353516,53.20709228515625
1214,-27232.134765625,-24377.81640625,11.245871543884277,21.950393676757812,53.19558334350586
1215,-27072.208984375,-23392.54296875,11.240243911743164,21.93402671813965,53.123619079589844
1216,-27145.67578125,-25156.6640625,11.248729705810547,21.943288803100586,53.13269805908203
1217,-27076.587890625,-24518.94140625,11.258796691894531,21.935476303100586,53.12205505371094
1218,-26443.109375,-26412.0,11.25740909576416,21.919097900390625,53.11079406738281
1219,-27293.568359375,-26886.599609375,11.253975868225098,21.944339752197266,53.162479400634766
1220,-27192.611328125,-25732.25,11.2653169631958,21.9755802154541,53.18959045410156
1221,-26917.765625,-26399.037109375,11.268814086914062,21.9764404296875,53.22285461425781
1222,-27065.142578125,-25052.78515625,11.257329940795898,21.962562561035156,53.16265869140625
1223,-25587.490234375,-24392.744140625,11.253870964050293,21.91625213623047,53.082847595214844
1224,-26956.4453125,-26494.841796875,11.270940780639648,21.92691421508789,53.100440979003906
1225,-27270.951171875,-25367.951171875,11.27802562713623,21.97443389892578,53.14464569091797
1226,-27271.265625,-25381.88671875,11.275859832763672,21.991355895996094,53.14329528808594
1227,-27081.58203125,-25944.9296875,11.265610694885254,21.954532623291016,53.110435485839844
1228,-27264.529296875,-26587.203125,11.282015800476074,21.96186065673828,53.13446044921875
1229,-27085.86328125,-26805.21875,11.266509056091309,21.936405181884766,53.04102325439453
1230,-27341.541015625,-26803.75390625,11.277990341186523,21.981311798095703,53.102088928222656
1231,-27321.6015625,-26848.173828125,11.286699295043945,21.987245559692383,53.098087310791016
1232,-27337.73828125,-25239.203125,11.27652645111084,21.98992156982422,53.03628921508789
1233,-26823.5078125,-21484.2890625,11.275054931640625,21.972204208374023,53.06199645996094
1234,-25629.66015625,-26155.798828125,11.282523155212402,21.917861938476562,53.04624938964844
1235,-25388.8359375,-25175.51171875,11.270527839660645,21.841463088989258,53.0391845703125
1236,-26653.14453125,-26679.033203125,11.279065132141113,21.867931365966797,53.085880279541016
1237,-27374.748046875,-26126.529296875,11.282888412475586,21.93561363220215,53.28669357299805
1238,-27369.591796875,-26388.07421875,11.276745796203613,21.955211639404297,53.22080993652344
1239,-27116.908203125,-23976.025390625,11.270896911621094,21.961044311523438,53.13427734375
1240,-27000.044921875,-25147.826171875,11.261460304260254,21.924068450927734,53.06786346435547
1241,-27269.7734375,-25367.58203125,11.268951416015625,21.955425262451172,53.12519073486328
1242,-27477.052734375,-26540.126953125,11.285466194152832,21.99300765991211,53.19921112060547
1243,-27250.453125,-27000.23828125,11.293225288391113,21.99944305419922,53.17300796508789
1244,-27393.076171875,-26378.791015625,11.297833442687988,22.025447845458984,53.16569519042969
1245,-27288.1953125,-25481.4140625,11.258353233337402,21.98640251159668,53.13042449951172
1246,-27220.984375,-26237.89453125,11.264193534851074,21.996780395507812,53.173805236816406
1247,-27137.162109375,-26139.16015625,11.246122360229492,21.944250106811523,53.035865783691406
1248,-27521.75,-24586.291015625,11.273345947265625,21.97107696533203,53.08580017089844
1249,-27404.6875,-24966.1953125,11.301642417907715,22.013626098632812,53.147926330566406
1250,-27434.86328125,-25259.931640625,11.292014122009277,22.009912490844727,53.064876556396484
1251,-27092.041015625,-25055.1015625,11.27961254119873,21.97618865966797,52.991458892822266
1252,-26787.365234375,-27140.619140625,11.259879112243652,21.924564361572266,53.01816177368164
1253,-24997.119140625,-24813.3203125,11.257999420166016,21.82757568359375,52.8668212890625
1254,-27000.046875,-24791.3359375,11.285943031311035,21.856430053710938,53.030311584472656
1255,-27257.720703125,-25817.837890625,11.285811424255371,21.879642486572266,53.0250244140625
1256,-27304.837890625,-26755.61328125,11.307685852050781,21.941509246826172,53.08964538574219
1257,-27395.150390625,-25431.251953125,11.303900718688965,21.944849014282227,53.084800720214844
1258,-27349.1796875,-26614.4140625,11.299193382263184,21.94230079650879,53.0709228515625
1259,-27360.361328125,-25998.525390625,11.318955421447754,21.960744857788086,53.010475158691406
1260,-27377.103515625,-26830.935546875,11.307524681091309,21.941593170166016,52.96654510498047
1261,-27241.87109375,-25356.466796875,11.296161651611328,21.936044692993164,53.02973175048828
1262,-27021.142578125,-25446.208984375,11.288346290588379,21.906497955322266,52.99751663208008
1263,-26971.443359375,-25786.275390625,11.291064262390137,21.89629364013672,53.04638671875
1264,-26951.46875,-26686.888671875,11.277209281921387,21.865020751953125,53.02694320678711
1265,-27303.029296875,-24116.267578125,11.294916152954102,21.89137840270996,53.01820373535156
1266,-27355.22265625,-26409.896484375,11.302408218383789,21.910118103027344,53.075592041015625
1267,-27556.998046875,-25601.806640625,11.319604873657227,21.95223617553711,53.140132904052734
1268,-27220.1015625,-26107.716796875,11.320395469665527,21.966848373413086,53.09726333618164
1269,-27294.314453125,-25423.078125,11.30040454864502,21.950502395629883,53.06092071533203
1270,-27403.41796875,-26629.193359375,11.299149513244629,21.93857192993164,52.93484115600586
1271,-27433.08984375,-26057.30859375,11.314777374267578,21.97032928466797,53.03404235839844
1272,-27224.2109375,-26895.015625,11.299861907958984,21.964988708496094,53.093719482421875
1273,-27144.279296875,-25251.951171875,11.309059143066406,21.95915985107422,53.0740966796875
1274,-27291.08984375,-25457.263671875,11.320429801940918,21.966758728027344,53.011688232421875
1275,-27460.814453125,-25089.423828125,11.28969669342041,21.937896728515625,52.9761962890625
1276,-27345.78515625,-26820.638671875,11.269556999206543,21.9291934967041,53.02796936035156
1277,-27321.994140625,-25754.20703125,11.281930923461914,21.953868865966797,53.06080627441406
1278,-25904.0859375,-23992.919921875,11.275080680847168,21.937063217163086,53.040809631347656
1279,-26920.681640625,-23235.697265625,11.301671981811523,21.942302703857422,53.0635871887207
1280,-27306.365234375,-26557.75390625,11.284637451171875,21.902660369873047,52.96330261230469
1281,-27420.96484375,-26881.955078125,11.279313087463379,21.907468795776367,52.93885803222656
1282,-27444.43359375,-26294.73828125,11.29386043548584,21.93340301513672,52.95543670654297
1283,-27095.900390625,-25473.8515625,11.289623260498047,21.91770362854004,52.94654083251953
1284,-26912.859375,-25660.19921875,11.278350830078125,21.894329071044922,53.040626525878906
1285,-26991.96484375,-26601.009765625,11.278696060180664,21.87060546875,52.942718505859375
1286,-27190.4375,-26673.794921875,11.295575141906738,21.887596130371094,52.931488037109375
1287,-27181.228515625,-24677.107421875,11.296636581420898,21.913602828979492,52.96107864379883
1288,-26825.55859375,-25846.189453125,11.299864768981934,21.897714614868164,52.99447250366211
1289,-27284.462890625,-23925.46875,11.288902282714844,21.87613296508789,53.006507873535156
1290,-27003.705078125,-25514.837890625,11.321516990661621,21.914791107177734,53.07582473754883
1291,-27155.4921875,-26472.53515625,11.321015357971191,21.906946182250977,53.01841735839844
1292,-27245.787109375,-25228.62890625,11.314497947692871,21.900461196899414,52.98310089111328
1293,-27344.6875,-26619.53515625,11.321782112121582,21.921737670898438,52.96896743774414
1294,-27281.5390625,-26584.119140625,11.342594146728516,21.95746421813965,53.04669189453125
1295,-27367.74609375,-26665.5078125,11.336052894592285,21.955867767333984,53.040802001953125
1296,-27487.193359375,-27374.2265625,11.344810485839844,21.940753936767578,52.93256378173828
1297,-27235.9140625,-26006.69921875,11.343403816223145,21.954137802124023,53.05016326904297
1298,-27348.3984375,-26829.556640625,11.328240394592285,21.929874420166016,53.1248779296875
1299,-27487.380859375,-26849.74609375,11.323359489440918,21.930252075195312,53.06657409667969
1300,-27344.26953125,-24165.837890625,11.337409019470215,21.939498901367188,53.06841278076172
1301,-27286.525390625,-25373.6875,11.325621604919434,21.936180114746094,53.07398223876953
1302,-27201.650390625,-24957.81640625,11.356809616088867,21.97892951965332,53.12619400024414
1303,-27259.412109375,-25741.3671875,11.333420753479004,21.936080932617188,53.03639602661133
1304,-27620.716796875,-26391.435546875,11.338152885437012,21.960365295410156,53.12152862548828
1305,-27342.712890625,-24641.966796875,11.355066299438477,21.979623794555664,53.19024658203125
1306,-27337.7578125,-25763.703125,11.341261863708496,21.942161560058594,53.133941650390625
1307,-27443.615234375,-25330.369140625,11.324808120727539,21.938819885253906,53.017555236816406
1308,-27138.8828125,-25881.08203125,11.322403907775879,21.941940307617188,53.01427459716797
1309,-25671.650390625,-25459.724609375,11.322063446044922,21.890666961669922,52.9760856628418
1310,-25475.794921875,-25857.9609375,11.306794166564941,21.81930923461914,52.8868408203125
1311,-27263.25390625,-26734.05078125,11.328508377075195,21.853103637695312,52.918128967285156
1312,-27362.20703125,-27134.208984375,11.31538200378418,21.86227035522461,52.9185791015625
1313,-27158.529296875,-25502.75390625,11.326297760009766,21.906543731689453,52.99445343017578
1314,-27202.287109375,-24752.04296875,11.324076652526855,21.91202163696289,52.99712371826172
1315,-27483.68359375,-26015.90234375,11.334970474243164,21.931396484375,52.98733901977539
1316,-27511.880859375,-25340.8671875,11.317778587341309,21.912567138671875,52.9647102355957
1317,-27317.51953125,-26154.73828125,11.33463191986084,21.948692321777344,52.994606018066406
1318,-27430.064453125,-24615.322265625,11.339814186096191,21.959735870361328,53.0042610168457
1319,-27507.302734375,-26375.470703125,11.320964813232422,21.928640365600586,52.969154357910156
1320,-27545.90234375,-25709.58984375,11.323177337646484,21.961711883544922,53.01077651977539
1321,-27468.80078125,-26801.474609375,11.324284553527832,21.948348999023438,53.0140380859375
1322,-27446.380859375,-23501.072265625,11.301953315734863,21.94557762145996,52.971961975097656
1323,-27212.775390625,-25567.609375,11.305607795715332,21.9222412109375,52.92925262451172
1324,-27493.6171875,-25618.376953125,11.346317291259766,21.956138610839844,52.99740982055664
1325,-27504.3125,-24917.546875,11.348228454589844,21.943639755249023,52.912925720214844
1326,-27253.396484375,-25364.869140625,11.34745979309082,21.938785552978516,53.03118133544922
1327,-27183.8671875,-26992.123046875,11.34524917602539,21.943452835083008,53.07530975341797
1328,-27366.798828125,-25235.193359375,11.315109252929688,21.939109802246094,53.05739212036133
1329,-27629.359375,-24579.421875,11.295809745788574,21.91710662841797,53.01597595214844
1330,-27462.20703125,-26400.431640625,11.34165096282959,21.96343231201172,53.100074768066406
1331,-27288.05078125,-25977.310546875,11.332097053527832,21.919418334960938,53.027915954589844
1332,-27539.638671875,-27214.01953125,11.32458209991455,21.88237953186035,52.98827362060547
1333,-27381.169921875,-26371.638671875,11.316718101501465,21.885292053222656,52.96641159057617
1334,-27363.646484375,-25351.31640625,11.328454971313477,21.918960571289062,52.982643127441406
1335,-27563.7265625,-25150.857421875,11.338937759399414,21.923973083496094,52.91710662841797
1336,-27485.810546875,-26833.59375,11.331450462341309,21.900177001953125,52.86424255371094
1337,-27675.228515625,-26717.23828125,11.342658996582031,21.92910385131836,52.913055419921875
1338,-27524.70703125,-24811.384765625,11.341382026672363,21.92799186706543,52.92237854003906
1339,-27332.984375,-26781.9140625,11.348657608032227,21.937458038330078,52.91535568237305
1340,-27476.28125,-25014.4765625,11.3334321975708,21.917316436767578,52.92668914794922
1341,-27084.224609375,-24379.8203125,11.327864646911621,21.888164520263672,52.89152908325195
1342,-26493.5703125,-27032.734375,11.324520111083984,21.84506607055664,52.81357955932617
1343,-27555.662109375,-25128.37109375,11.348280906677246,21.901073455810547,52.91588592529297
1344,-27417.232421875,-26072.341796875,11.335323333740234,21.893795013427734,52.89902114868164
1345,-27435.04296875,-26877.373046875,11.3558349609375,21.91128921508789,52.84325408935547
1346,-27452.59765625,-25856.59765625,11.353943824768066,21.900463104248047,52.813575744628906
1347,-27478.59765625,-26876.5390625,11.337656021118164,21.903108596801758,52.801509857177734
1348,-27481.556640625,-26605.2109375,11.35457992553711,21.93551254272461,52.87171936035156
1349,-27487.322265625,-26300.611328125,11.35224437713623,21.927505493164062,52.83022689819336
1350,-27270.302734375,-25567.724609375,11.336484909057617,21.900894165039062,52.914066314697266
1351,-27524.138671875,-25547.19921875,11.347827911376953,21.913633346557617,52.89008331298828
1352,-27503.74609375,-25495.81640625,11.364664077758789,21.962318420410156,52.981414794921875
1353,-27517.767578125,-26743.79296875,11.366586685180664,21.94841766357422,53.00646209716797
1354,-27454.150390625,-26390.98046875,11.3502836227417,21.903194427490234,52.878074645996094
1355,-27587.55859375,-25242.4765625,11.34260368347168,21.904605865478516,52.90687942504883
1356,-27435.62890625,-26265.744140625,11.367780685424805,21.952926635742188,52.94636535644531
1357,-27298.30859375,-25081.947265625,11.370915412902832,21.937637329101562,52.94409942626953
1358,-27266.728515625,-26316.017578125,11.371817588806152,21.937721252441406,52.95296096801758
1359,-27091.419921875,-25373.84375,11.370405197143555,21.928813934326172,52.917213439941406
1360,-27491.783203125,-26217.1328125,11.355104446411133,21.905302047729492,52.92222213745117
1361,-27512.82421875,-26956.431640625,11.364142417907715,21.89975357055664,52.86528015136719
1362,-27528.560546875,-25480.17578125,11.3580322265625,21.89896583557129,52.860511779785156
1363,-27552.818359375,-26989.099609375,11.356606483459473,21.917613983154297,52.84928894042969
1364,-27521.49609375,-25755.484375,11.35727310180664,21.909198760986328,52.82014465332031
1365,-26564.576171875,-26201.03125,11.3514404296875,21.88467788696289,52.92132568359375
1366,-26020.169921875,-25544.66015625,11.345102310180664,21.82925033569336,52.92926788330078
1367,-25697.921875,-25545.359375,11.366943359375,21.806358337402344,52.865814208984375
1368,-26917.63671875,-25092.73828125,11.36612319946289,21.773658752441406,52.86335372924805
1369,-27415.826171875,-26531.8515625,11.361394882202148,21.79279327392578,52.73683547973633
1370,-27434.59765625,-26222.498046875,11.366565704345703,21.827117919921875,52.80504608154297
1371,-27558.4453125,-24473.556640625,11.381714820861816,21.890832901000977,52.906517028808594
1372,-27631.6328125,-25656.541015625,11.362473487854004,21.872760772705078,52.82273864746094
1373,-27576.73046875,-26055.95703125,11.380569458007812,21.944564819335938,52.948944091796875
1374,-27507.3046875,-25542.783203125,11.384099960327148,21.95798110961914,52.948448181152344
1375,-27700.537109375,-27047.119140625,11.386787414550781,21.96380615234375,52.96917724609375
1376,-27600.47265625,-26901.306640625,11.362497329711914,21.91903305053711,52.81592559814453
1377,-27466.89453125,-26151.126953125,11.367164611816406,21.931617736816406,52.898338317871094
1378,-27723.599609375,-27637.583984375,11.35807991027832,21.91519546508789,52.926605224609375
1379,-27610.490234375,-25840.46484375,11.349791526794434,21.905569076538086,52.89722442626953
1380,-27527.974609375,-26477.046875,11.341552734375,21.857933044433594,52.81287384033203
1381,-27635.58984375,-23497.416015625,11.339909553527832,21.875072479248047,52.79315948486328
1382,-27410.427734375,-25223.669921875,11.351932525634766,21.871244430541992,52.69337463378906
1383,-27672.9921875,-26363.333984375,11.381856918334961,21.918556213378906,52.779151916503906
1384,-27569.869140625,-26049.275390625,11.39576244354248,21.94994354248047,52.8367919921875
1385,-27346.494140625,-26780.83984375,11.391581535339355,21.954221725463867,52.9326171875
1386,-27421.55859375,-26413.138671875,11.371858596801758,21.915695190429688,52.819175720214844
1387,-27598.830078125,-27040.6796875,11.359962463378906,21.895933151245117,52.780731201171875
1388,-27474.931640625,-25324.77734375,11.356636047363281,21.905229568481445,52.84779357910156
1389,-27432.2265625,-26960.802734375,11.363286972045898,21.905437469482422,52.87895965576172
1390,-27633.162109375,-25100.875,11.398422241210938,21.962810516357422,52.95817947387695
1391,-27573.677734375,-26110.6875,11.39523696899414,21.942214965820312,52.87044906616211
1392,-27508.43359375,-26393.279296875,11.394161224365234,21.952255249023438,52.862369537353516
1393,-27686.60546875,-26383.978515625,11.376298904418945,21.933727264404297,52.93281173706055
1394,-27577.0703125,-27105.515625,11.36962604522705,21.928192138671875,52.953975677490234
1395,-27283.029296875,-26555.923828125,11.37828540802002,21.927425384521484,52.93995666503906
1396,-27557.91796875,-25679.263671875,11.367134094238281,21.920730590820312,52.97749328613281
1397,-27342.033203125,-25354.306640625,11.376328468322754,21.911827087402344,52.881614685058594
1398,-27479.55859375,-27035.126953125,11.377252578735352,21.904069900512695,52.81732177734375
1399,-27492.857421875,-26486.63671875,11.35462760925293,21.893375396728516,52.83222198486328
1400,-27398.013671875,-25712.154296875,11.349361419677734,21.893850326538086,52.865901947021484
1401,-27409.861328125,-25875.36328125,11.38467025756836,21.93634796142578,52.89997863769531
1402,-27448.95703125,-27550.025390625,11.394392013549805,21.943897247314453,52.885189056396484
1403,-27660.498046875,-26288.623046875,11.39211654663086,21.94572639465332,52.865943908691406
1404,-27464.388671875,-25882.72265625,11.356968879699707,21.90444564819336,52.859710693359375
1405,-27513.091796875,-26989.24609375,11.388538360595703,21.917205810546875,52.784690856933594
1406,-27606.544921875,-25747.767578125,11.405779838562012,21.95207977294922,52.86088562011719
1407,-27679.51171875,-25203.1875,11.407453536987305,21.950328826904297,52.88642883300781
1408,-27595.712890625,-25610.2578125,11.415209770202637,21.944942474365234,52.92197036743164
1409,-27102.62109375,-24126.4453125,11.423306465148926,21.931217193603516,52.955299377441406
1410,-27434.7109375,-26624.73046875,11.4115571975708,21.879913330078125,52.886558532714844
1411,-27557.498046875,-26927.67578125,11.402076721191406,21.883224487304688,52.887908935546875
1412,-27552.74609375,-27181.453125,11.399948120117188,21.891643524169922,52.86940383911133
1413,-27690.376953125,-25515.271484375,11.40991497039795,21.920673370361328,52.897010803222656
1414,-27596.80078125,-27035.59375,11.411341667175293,21.93657112121582,52.910011291503906
1415,-27717.896484375,-26658.439453125,11.409524917602539,21.964447021484375,52.881866455078125
1416,-27358.1484375,-26913.857421875,11.384035110473633,21.934410095214844,52.81303405761719
1417,-27627.001953125,-25954.375,11.393306732177734,21.96160125732422,52.86132049560547
1418,-27607.912109375,-25968.60546875,11.403076171875,21.96868133544922,52.87919235229492
1419,-27665.3203125,-26307.431640625,11.417732238769531,22.000308990478516,52.99850082397461
1420,-27671.6796875,-25919.484375,11.390822410583496,21.97117805480957,52.94755935668945
1421,-27706.109375,-26671.708984375,11.390816688537598,21.95732879638672,52.93635559082031
1422,-27762.646484375,-25730.583984375,11.403522491455078,21.98666763305664,52.953330993652344
1423,-27460.298828125,-26857.490234375,11.397769927978516,21.975040435791016,52.99354553222656
1424,-27438.513671875,-26158.740234375,11.390783309936523,21.92085075378418,52.856300354003906
1425,-27762.927734375,-27480.2734375,11.410572052001953,21.951778411865234,52.899749755859375
1426,-27382.375,-26041.33203125,11.395546913146973,21.94771957397461,52.958404541015625
1427,-27451.951171875,-27406.337890625,11.401817321777344,21.95179557800293,52.95844268798828
1428,-27545.552734375,-27285.15625,11.436636924743652,22.010997772216797,53.06454086303711
1429,-27684.1484375,-25070.455078125,11.402981758117676,21.95950698852539,52.956668853759766
1430,-27618.0234375,-25667.6875,11.394559860229492,21.9429874420166,52.9473876953125
1431,-27455.80078125,-25020.31640625,11.396635055541992,21.953510284423828,53.03000259399414
1432,-27566.4453125,-26971.177734375,11.408438682556152,21.97505760192871,53.08148956298828
1433,-27562.421875,-26009.92578125,11.406048774719238,21.952754974365234,52.95870590209961
1434,-27714.509765625,-25837.32421875,11.3966703414917,21.95781707763672,53.036827087402344
1435,-27693.396484375,-26558.12109375,11.397109985351562,21.9277286529541,52.85714340209961
1436,-27484.501953125,-26258.3828125,11.400506973266602,21.90493392944336,52.79899978637695
1437,-27365.7890625,-26765.3671875,11.390066146850586,21.89875030517578,52.81447982788086
1438,-27550.09765625,-26159.515625,11.404176712036133,21.911155700683594,52.88092041015625
1439,-27391.25,-26517.546875,11.398579597473145,21.91118621826172,52.97865295410156
1440,-27457.474609375,-26028.283203125,11.395732879638672,21.927919387817383,53.016780853271484
1441,-27459.111328125,-25816.94140625,11.390718460083008,21.903955459594727,52.8703727722168
1442,-27642.68359375,-27068.384765625,11.408651351928711,21.966354370117188,52.93553924560547
1443,-27491.796875,-25282.677734375,11.405388832092285,21.956192016601562,52.93727111816406
1444,-27680.330078125,-26247.58203125,11.418661117553711,21.973411560058594,52.960018157958984
1445,-27770.40234375,-26380.013671875,11.417417526245117,21.956331253051758,52.89290237426758
1446,-27792.509765625,-25217.130859375,11.41391372680664,21.95948028564453,52.8781623840332
1447,-27388.921875,-26601.13671875,11.42876148223877,21.944774627685547,52.855682373046875
1448,-27197.205078125,-27028.34765625,11.423508644104004,21.896217346191406,52.7728271484375
1449,-27772.234375,-26246.716796875,11.413688659667969,21.926528930664062,52.81034851074219
1450,-27761.36328125,-25864.681640625,11.425271034240723,21.96147918701172,52.88487243652344
1451,-27697.419921875,-26233.197265625,11.40754508972168,21.967853546142578,52.87590026855469
1452,-27456.861328125,-26794.521484375,11.406075477600098,21.914339065551758,52.80839538574219
1453,-27714.611328125,-25873.80078125,11.41661548614502,21.943628311157227,52.9330940246582
1454,-27627.193359375,-26212.650390625,11.416153907775879,21.968563079833984,53.016319274902344
1455,-27773.7890625,-27458.65625,11.405661582946777,21.950611114501953,52.965850830078125
1456,-27748.201171875,-27007.24609375,11.424966812133789,22.005569458007812,53.035011291503906
1457,-27578.3671875,-25649.5390625,11.405533790588379,21.965728759765625,52.919429779052734
1458,-27649.994140625,-25960.783203125,11.393182754516602,21.918676376342773,52.83483123779297
1459,-27638.3984375,-26269.08984375,11.415143966674805,21.966541290283203,52.94783020019531
1460,-27458.48046875,-24882.255859375,11.404874801635742,21.96759033203125,52.91599655151367
1461,-27498.099609375,-25027.8984375,11.398606300354004,21.925312042236328,52.832969665527344
1462,-27706.087890625,-25305.619140625,11.409772872924805,21.9372501373291,52.894935607910156
1463,-27501.52734375,-25532.75390625,11.4069185256958,21.947071075439453,52.92351531982422
1464,-27535.115234375,-26824.599609375,11.424515724182129,21.959964752197266,52.89453125
1465,-27707.291015625,-26209.115234375,11.407525062561035,21.951343536376953,52.892574310302734
1466,-27731.12109375,-26955.916015625,11.404138565063477,21.950576782226562,52.948455810546875
1467,-27597.1171875,-26711.1484375,11.407926559448242,21.93753433227539,52.869537353515625
1468,-27774.25,-25676.068359375,11.414395332336426,21.968326568603516,52.956024169921875
1469,-27741.6328125,-26295.5703125,11.398189544677734,21.93291664123535,52.911170959472656
1470,-27638.1953125,-26545.619140625,11.41037368774414,21.955528259277344,52.876617431640625
1471,-27533.404296875,-26041.001953125,11.407456398010254,21.93769645690918,52.85902786254883
1472,-27643.009765625,-27489.939453125,11.414244651794434,21.937969207763672,52.86083984375
1473,-27534.65234375,-26316.19921875,11.428179740905762,21.962844848632812,52.91679763793945
1474,-27409.736328125,-25430.70703125,11.416242599487305,21.931293487548828,52.92420959472656
1475,-27733.45703125,-26071.306640625,11.432746887207031,21.971038818359375,52.95467758178711
1476,-27732.66796875,-26470.927734375,11.431264877319336,21.965408325195312,52.872581481933594
1477,-27758.767578125,-24857.720703125,11.425930976867676,21.978893280029297,52.918724060058594
1478,-27820.23046875,-27446.00390625,11.431869506835938,22.017070770263672,52.991912841796875
1479,-27499.142578125,-26393.44140625,11.42619800567627,21.988882064819336,52.950469970703125
1480,-27890.8359375,-26311.900390625,11.425724029541016,21.981613159179688,52.948387145996094
1481,-27763.12109375,-25562.5703125,11.432842254638672,21.994247436523438,52.985694885253906
1482,-27647.99609375,-27388.18359375,11.448034286499023,22.018428802490234,53.00627899169922
1483,-27595.658203125,-26713.291015625,11.427907943725586,21.997276306152344,53.006309509277344
1484,-27750.7578125,-27075.078125,11.429736137390137,21.98748207092285,52.98528289794922
1485,-27684.4921875,-25682.171875,11.431890487670898,21.947162628173828,52.82423782348633
1486,-27656.041015625,-26700.181640625,11.420005798339844,21.932735443115234,52.759559631347656
1487,-27431.90234375,-26254.966796875,11.403789520263672,21.913684844970703,52.84949493408203
1488,-27807.83984375,-26577.09765625,11.41530990600586,21.94431495666504,52.979393005371094
1489,-27773.880859375,-24463.103515625,11.424650192260742,21.93897247314453,52.97869110107422
1490,-27627.474609375,-26985.83984375,11.451281547546387,21.96457290649414,52.990882873535156
1491,-27700.54296875,-26509.70703125,11.442218780517578,21.952877044677734,52.843994140625
1492,-27761.642578125,-27422.59375,11.44904613494873,21.95992660522461,52.80494689941406
1493,-27804.771484375,-26410.97265625,11.448105812072754,21.9976806640625,52.901458740234375
1494,-27596.640625,-24547.7578125,11.433197975158691,21.998394012451172,52.91747283935547
1495,-27410.203125,-25319.08203125,11.443589210510254,21.968509674072266,52.94821548461914
1496,-27673.203125,-26447.951171875,11.449897766113281,21.975963592529297,53.00807189941406
1497,-27792.767578125,-26557.400390625,11.452661514282227,21.993322372436523,53.008941650390625
1498,-27769.173828125,-26994.451171875,11.442272186279297,21.984901428222656,52.98516082763672
1499,-27496.302734375,-25683.6484375,11.457852363586426,22.00576400756836,53.08587646484375
1500,-27704.546875,-26218.849609375,11.456498146057129,21.98520278930664,53.037078857421875
1501,-27645.556640625,-26501.685546875,11.443663597106934,21.977008819580078,52.95179748535156
1502,-27554.97265625,-26775.8046875,11.454550743103027,21.9693603515625,52.92292404174805
1503,-27689.5078125,-26752.98828125,11.444841384887695,21.95144271850586,52.88600158691406
1504,-27471.00390625,-26509.958984375,11.440356254577637,21.911399841308594,52.82210159301758
1505,-27606.708984375,-26316.54296875,11.431632995605469,21.91668701171875,52.900333404541016
1506,-27825.939453125,-25443.916015625,11.440064430236816,21.93927764892578,52.858585357666016
1507,-27567.056640625,-26867.439453125,11.43959903717041,21.978322982788086,52.99896240234375
1508,-27682.974609375,-26540.041015625,11.456204414367676,22.02721405029297,52.9559211730957
1509,-27659.0234375,-25436.583984375,11.44360637664795,22.01837921142578,52.878440856933594
1510,-27813.02734375,-25968.591796875,11.455096244812012,22.043033599853516,52.96148681640625
1511,-27724.28515625,-26704.5390625,11.448936462402344,22.01641845703125,52.944496154785156
1512,-27821.755859375,-26734.759765625,11.437698364257812,21.990116119384766,52.9403076171875
1513,-27850.21484375,-25420.244140625,11.417137145996094,21.970096588134766,52.893218994140625
1514,-27862.056640625,-26193.744140625,11.448897361755371,22.004806518554688,53.009559631347656
1515,-27591.896484375,-26456.033203125,11.446087837219238,22.00010871887207,52.95069122314453
1516,-27729.455078125,-26521.431640625,11.458891868591309,22.004840850830078,52.91403579711914
1517,-27860.39453125,-26087.341796875,11.452415466308594,21.995018005371094,52.97532653808594
1518,-27689.728515625,-25741.71875,11.450981140136719,21.97907257080078,52.96722412109375
1519,-27735.990234375,-26965.4921875,11.4530029296875,21.985082626342773,52.995323181152344
1520,-27644.515625,-25744.1171875,11.429000854492188,21.941272735595703,52.83917236328125
1521,-27428.607421875,-25329.146484375,11.436076164245605,21.941696166992188,52.94053649902344
1522,-27782.20703125,-26932.609375,11.455842018127441,21.95465850830078,52.880645751953125
1523,-27739.2421875,-25998.990234375,11.43223762512207,21.929222106933594,52.930145263671875
1524,-27726.193359375,-27221.57421875,11.446867942810059,21.955974578857422,52.98991394042969
1525,-27835.359375,-26117.861328125,11.479440689086914,21.996566772460938,52.88572692871094
1526,-27698.216796875,-25478.486328125,11.465024948120117,21.98023796081543,52.88217544555664
1527,-27784.263671875,-26145.224609375,11.466353416442871,21.980545043945312,52.91339874267578
1528,-27726.630859375,-27283.572265625,11.461081504821777,21.97146224975586,52.92433166503906
1529,-27829.0859375,-27062.05859375,11.451215744018555,21.962066650390625,52.90645217895508
1530,-27670.482421875,-26505.6015625,11.448939323425293,21.958332061767578,52.95206832885742
1531,-27688.638671875,-27393.716796875,11.481621742248535,21.991512298583984,53.03813934326172
1532,-27729.025390625,-26477.857421875,11.459076881408691,21.95466423034668,52.921905517578125
1533,-27856.2890625,-26402.814453125,11.450286865234375,21.93415069580078,52.85893249511719
1534,-27747.734375,-27110.423828125,11.444478988647461,21.92671775817871,52.80791473388672
1535,-27675.9609375,-25276.1328125,11.458707809448242,21.923803329467773,52.78470993041992
1536,-27598.333984375,-26969.771484375,11.464398384094238,21.95794105529785,52.826171875
1537,-27597.09765625,-27016.140625,11.453498840332031,21.925777435302734,52.872650146484375
1538,-27835.123046875,-27145.53125,11.46333122253418,21.959814071655273,52.895660400390625
1539,-27864.275390625,-26064.314453125,11.471415519714355,21.981422424316406,52.89286804199219
1540,-27810.12109375,-25925.546875,11.500020027160645,22.009437561035156,52.929168701171875
1541,-27646.0390625,-25893.470703125,11.476284980773926,21.961811065673828,52.8275032043457
1542,-27793.736328125,-25859.8828125,11.478108406066895,21.97663688659668,52.822811126708984
1543,-27852.8828125,-25894.837890625,11.460561752319336,21.982757568359375,52.92431640625
1544,-27884.9921875,-26776.25390625,11.460647583007812,21.987319946289062,52.94806671142578
1545,-27718.423828125,-27240.5546875,11.46623420715332,21.97174835205078,52.887413024902344
1546,-27649.515625,-26124.68359375,11.46816635131836,21.987300872802734,52.95362854003906
1547,-27793.294921875,-26793.4921875,11.443312644958496,21.95932960510254,52.93377685546875
1548,-27577.99609375,-26265.763671875,11.46621036529541,22.002464294433594,52.98737716674805
1549,-27744.98828125,-25924.787109375,11.454442977905273,21.964099884033203,52.93556213378906
1550,-27629.55859375,-26498.171875,11.486809730529785,21.976505279541016,52.93443298339844
1551,-27831.666015625,-27072.767578125,11.463544845581055,21.95425796508789,52.94445037841797
1552,-27744.849609375,-26483.857421875,11.471478462219238,21.952341079711914,52.92745590209961
1553,-27737.150390625,-25718.58203125,11.468365669250488,21.926544189453125,52.85237121582031
1554,-27703.078125,-25988.642578125,11.483163833618164,21.96501922607422,52.88145446777344
1555,-27885.4453125,-26147.333984375,11.451682090759277,21.974491119384766,52.84680938720703
1556,-27901.1953125,-25655.869140625,11.474044799804688,21.998807907104492,52.90190124511719
1557,-27844.884765625,-27225.3671875,11.477343559265137,22.002700805664062,52.90023422241211
1558,-27859.390625,-25976.29296875,11.473759651184082,22.020526885986328,53.018428802490234
1559,-27832.291015625,-25108.33203125,11.4734525680542,22.02703285217285,53.05632781982422
1560,-27736.41015625,-27101.9921875,11.455506324768066,21.97674560546875,52.855712890625
1561,-27843.61328125,-25542.65625,11.468939781188965,22.01629638671875,52.91384506225586
1562,-27671.033203125,-25812.79296875,11.47832202911377,22.032474517822266,52.952415466308594
1563,-27690.447265625,-27161.34765625,11.442158699035645,21.990554809570312,52.89860916137695
1564,-27888.552734375,-25239.103515625,11.458966255187988,22.018659591674805,52.926719665527344
1565,-27799.92578125,-27130.55078125,11.477435111999512,22.034343719482422,52.93064498901367
1566,-27909.966796875,-25893.275390625,11.465949058532715,22.011722564697266,52.86024475097656
1567,-27791.34375,-24903.79296875,11.463268280029297,22.001577377319336,52.834197998046875
1568,-27624.328125,-27066.146484375,11.4596529006958,21.97762680053711,52.83257293701172
1569,-27806.919921875,-27047.798828125,11.467607498168945,22.00828742980957,52.9167594909668
1570,-27737.443359375,-27325.458984375,11.464127540588379,21.964130401611328,52.938873291015625
1571,-27945.681640625,-26248.619140625,11.483089447021484,21.991363525390625,53.003265380859375
1572,-27862.26171875,-26520.8515625,11.470869064331055,21.993053436279297,52.967872619628906
1573,-27907.765625,-26520.208984375,11.490178108215332,22.06532096862793,53.1026611328125
1574,-27816.09375,-26722.11328125,11.463336944580078,22.013561248779297,52.988304138183594
1575,-27909.228515625,-27385.48828125,11.447968482971191,21.97799301147461,52.900054931640625
1576,-27781.3984375,-27345.603515625,11.485169410705566,22.02109146118164,52.859004974365234
1577,-27598.47265625,-25285.07421875,11.484877586364746,22.04172706604004,52.97266387939453
1578,-27847.673828125,-25621.857421875,11.464079856872559,22.003021240234375,52.90800857543945
1579,-27930.697265625,-26697.986328125,11.463990211486816,21.985023498535156,52.85942459106445
1580,-27920.701171875,-25764.03125,11.484136581420898,22.014511108398438,52.898231506347656
1581,-27797.302734375,-25795.283203125,11.501838684082031,22.03842544555664,52.924583435058594
1582,-27742.41015625,-26997.392578125,11.480011940002441,22.023784637451172,52.96586227416992
1583,-27874.912109375,-26155.6484375,11.472831726074219,22.026844024658203,52.94501495361328
1584,-27894.693359375,-24129.41015625,11.498032569885254,22.05948829650879,52.89458465576172
1585,-27911.4765625,-26101.55859375,11.502920150756836,22.065200805664062,52.867034912109375
1586,-27692.626953125,-25601.544921875,11.473241806030273,22.021940231323242,52.84822082519531
1587,-27492.576171875,-27261.466796875,11.473515510559082,21.98763084411621,52.79941940307617
1588,-27758.6328125,-25810.5703125,11.48415470123291,21.98565673828125,52.73057556152344
1589,-27930.94921875,-25089.158203125,11.492831230163574,21.988828659057617,52.836612701416016
1590,-27801.9375,-26211.728515625,11.493176460266113,22.008121490478516,52.937156677246094
1591,-27973.482421875,-25825.142578125,11.49165153503418,21.996461868286133,52.864601135253906
1592,-27792.322265625,-25908.478515625,11.491473197937012,22.00494956970215,52.9595947265625
1593,-27764.857421875,-27178.251953125,11.49010944366455,22.004169464111328,52.920928955078125
1594,-27864.3203125,-27056.806640625,11.482911109924316,22.006237030029297,52.8961296081543
1595,-28002.93359375,-24660.791015625,11.496274948120117,22.030994415283203,52.94361114501953
1596,-27828.904296875,-26622.068359375,11.486169815063477,22.024168014526367,52.989044189453125
1597,-27833.0078125,-25751.29296875,11.476349830627441,21.979061126708984,52.89491271972656
1598,-27909.54296875,-25628.865234375,11.502419471740723,21.994224548339844,52.87086486816406
1599,-27802.16796875,-25962.12890625,11.502368927001953,22.00539779663086,52.82957458496094
1600,-27851.734375,-25010.923828125,11.50571060180664,22.014902114868164,52.88639831542969
1601,-27751.849609375,-27027.015625,11.497979164123535,21.985530853271484,52.90251159667969
1602,-27890.99609375,-27333.115234375,11.487828254699707,21.968128204345703,52.873626708984375
1603,-27895.201171875,-26953.4609375,11.458250999450684,21.95279312133789,52.871368408203125
1604,-27931.95703125,-25036.576171875,11.47262954711914,21.97079086303711,52.87241744995117
1605,-27837.767578125,-26792.6640625,11.498160362243652,21.99308967590332,52.87049865722656
1606,-27866.904296875,-25584.56640625,11.490802764892578,21.99350929260254,52.78553771972656
1607,-27982.5078125,-26944.482421875,11.470574378967285,21.98790740966797,52.859840393066406
1608,-27891.2109375,-27596.748046875,11.499260902404785,22.02006721496582,52.8839111328125
1609,-27696.90234375,-26103.474609375,11.502884864807129,22.005172729492188,52.89231872558594
1610,-27819.359375,-27132.373046875,11.518167495727539,22.016021728515625,52.88716125488281
1611,-27827.8828125,-26796.888671875,11.477673530578613,21.970474243164062,52.84380340576172
1612,-27857.75390625,-26410.365234375,11.48854923248291,22.00092124938965,52.904518127441406
1613,-27710.138671875,-27271.009765625,11.490099906921387,21.971946716308594,52.93389129638672
1614,-27851.490234375,-27113.876953125,11.492640495300293,21.97144317626953,52.917030334472656
1615,-27922.60546875,-25957.21484375,11.499388694763184,21.975231170654297,52.842674255371094
1616,-27950.041015625,-26596.60546875,11.488438606262207,21.977392196655273,52.88420486450195
1617,-27915.20703125,-26505.8046875,11.501418113708496,21.99022674560547,52.85820770263672
1618,-27794.525390625,-26407.888671875,11.487631797790527,21.989883422851562,52.86640930175781
1619,-27532.43359375,-25957.259765625,11.477569580078125,21.99678611755371,52.96171569824219
1620,-27905.9765625,-27203.5546875,11.491434097290039,21.998334884643555,52.89939880371094
1621,-28001.77734375,-26553.44921875,11.482523918151855,22.002399444580078,52.912261962890625
1622,-27948.28515625,-26279.763671875,11.474675178527832,22.00324249267578,52.850364685058594
1623,-27828.400390625,-25085.361328125,11.507317543029785,22.007051467895508,52.82087326049805
1624,-27918.869140625,-26895.712890625,11.508851051330566,21.99167823791504,52.83824920654297
1625,-27766.990234375,-27268.294921875,11.511004447937012,22.015010833740234,52.964019775390625
1626,-27703.228515625,-27118.744140625,11.493507385253906,21.9820499420166,52.920326232910156
1627,-27910.615234375,-26065.294921875,11.507962226867676,21.981834411621094,52.88066101074219
1628,-27917.53515625,-25351.80859375,11.496179580688477,21.986251831054688,52.8965950012207
1629,-27894.44140625,-25819.603515625,11.502476692199707,21.9937801361084,52.829750061035156
1630,-27838.607421875,-27395.2265625,11.499001502990723,22.017757415771484,52.818931579589844
1631,-27430.845703125,-25541.068359375,11.468053817749023,21.96002960205078,52.67698669433594
1632,-27835.375,-26830.70703125,11.509734153747559,22.00523567199707,52.803192138671875
1633,-27798.08203125,-25823.09375,11.52342414855957,22.033100128173828,52.846885681152344
1634,-27999.13671875,-26456.3046875,11.536691665649414,22.04625701904297,52.878013610839844
1635,-27720.228515625,-27190.375,11.501524925231934,22.009042739868164,52.88974380493164
1636,-27613.333984375,-25479.6484375,11.488587379455566,21.980249404907227,52.889366149902344
1637,-27852.232421875,-26598.244140625,11.51168441772461,22.039947509765625,52.99436950683594
1638,-27670.2421875,-27285.73046875,11.482872009277344,21.981727600097656,52.831993103027344
1639,-28074.693359375,-27058.40234375,11.514960289001465,22.017101287841797,52.884521484375
1640,-27848.970703125,-25694.15625,11.52550220489502,22.0286808013916,52.82096862792969
1641,-27873.82421875,-25399.619140625,11.517194747924805,22.036413192749023,52.87378692626953
1642,-27934.0234375,-27080.298828125,11.50623893737793,22.053709030151367,52.87251281738281
1643,-27818.154296875,-26000.513671875,11.4842529296875,21.993595123291016,52.79924011230469
1644,-27909.193359375,-25373.376953125,11.507908821105957,22.03734588623047,52.915069580078125
1645,-27942.189453125,-25934.8125,11.544528007507324,22.09387969970703,52.99523162841797
1646,-27799.375,-25197.787109375,11.530051231384277,22.062400817871094,52.95587158203125
1647,-27753.087890625,-25354.62890625,11.5418062210083,22.04066276550293,52.89696502685547
1648,-27663.18359375,-26013.861328125,11.527237892150879,21.999004364013672,52.778446197509766
1649,-27798.05078125,-27018.1484375,11.55306339263916,22.04294776916504,52.979740142822266
1650,-27749.3046875,-27471.623046875,11.532958984375,22.024215698242188,52.947669982910156
1651,-27920.072265625,-27111.82421875,11.529125213623047,22.03250503540039,52.91514587402344
1652,-27972.79296875,-26263.57421875,11.525729179382324,22.030893325805664,52.82698059082031
1653,-27966.646484375,-27029.91796875,11.520376205444336,22.048839569091797,52.924076080322266
1654,-28030.49609375,-25631.517578125,11.507126808166504,22.043947219848633,52.903663635253906
1655,-27969.021484375,-27387.81640625,11.520112991333008,22.051700592041016,52.91461944580078
1656,-27861.7421875,-26105.732421875,11.522486686706543,22.061199188232422,52.91572570800781
1657,-28053.1640625,-25702.484375,11.524675369262695,22.081771850585938,52.94361114501953
1658,-27853.27734375,-27130.12890625,11.531817436218262,22.080902099609375,52.966468811035156
1659,-27879.8203125,-26111.501953125,11.530078887939453,22.0546875,52.9532470703125
1660,-28038.005859375,-26286.875,11.520262718200684,22.05050277709961,52.84364700317383
1661,-28115.458984375,-26039.9609375,11.520042419433594,22.07528305053711,52.959503173828125
1662,-27981.953125,-25794.76171875,11.528990745544434,22.088401794433594,52.92188262939453
1663,-27780.572265625,-25188.658203125,11.513739585876465,22.05157470703125,52.8238525390625
1664,-27688.037109375,-26532.109375,11.511744499206543,22.045581817626953,52.8652458190918
1665,-28043.236328125,-25182.8828125,11.50614070892334,22.060523986816406,52.997589111328125
1666,-27910.72265625,-27027.140625,11.518123626708984,22.045944213867188,52.868324279785156
1667,-27932.81640625,-26350.048828125,11.512528419494629,22.054107666015625,52.84468078613281
1668,-27872.615234375,-25278.080078125,11.490070343017578,22.005035400390625,52.70404052734375
1669,-27843.0078125,-26597.951171875,11.50730037689209,22.053585052490234,52.829139709472656
1670,-27728.0390625,-25840.591796875,11.545323371887207,22.098773956298828,52.93901062011719
1671,-27948.26171875,-26881.99609375,11.543394088745117,22.092121124267578,52.903106689453125
1672,-27960.748046875,-26165.490234375,11.513649940490723,22.045989990234375,52.79710006713867
1673,-27847.259765625,-26692.923828125,11.524580001831055,22.04717445373535,52.87129211425781
1674,-27928.01953125,-26551.62109375,11.531987190246582,22.057201385498047,52.93785858154297
1675,-27786.791015625,-25732.14453125,11.536443710327148,22.0490779876709,52.84009552001953
1676,-27784.119140625,-26336.078125,11.522710800170898,22.063636779785156,53.01662063598633
1677,-27874.671875,-26851.439453125,11.507049560546875,22.037965774536133,52.9642219543457
1678,-27924.306640625,-27059.88671875,11.515595436096191,22.033557891845703,52.82881164550781
1679,-27866.53515625,-26460.955078125,11.548940658569336,22.0911922454834,52.95008087158203
1680,-27974.205078125,-25779.88671875,11.556398391723633,22.112197875976562,52.94485092163086
1681,-27994.056640625,-27124.423828125,11.525069236755371,22.083755493164062,52.907073974609375
1682,-27902.197265625,-26778.4765625,11.52263069152832,22.080589294433594,52.98120880126953
1683,-28021.232421875,-26053.017578125,11.524770736694336,22.055742263793945,52.82561492919922
1684,-27985.3046875,-26142.857421875,11.535774230957031,22.086341857910156,52.81023406982422
1685,-27892.16796875,-26359.599609375,11.5512113571167,22.091201782226562,52.83900451660156
1686,-27908.376953125,-26850.814453125,11.544631958007812,22.06558609008789,52.87110137939453
1687,-27978.123046875,-25963.5703125,11.532851219177246,22.031875610351562,52.82006072998047
1688,-28030.59375,-25813.119140625,11.520981788635254,22.043296813964844,52.85975646972656
1689,-27691.666015625,-26389.34375,11.531335830688477,22.067642211914062,52.86032485961914
1690,-27911.017578125,-26046.98046875,11.53182601928711,22.082027435302734,52.97456359863281
1691,-27875.0234375,-26244.908203125,11.522958755493164,22.08489227294922,52.92814254760742
1692,-27986.119140625,-26276.572265625,11.52409553527832,22.078895568847656,52.928810119628906
1693,-28050.3671875,-26124.38671875,11.515380859375,22.081314086914062,52.939727783203125
1694,-28037.8203125,-26188.37109375,11.510222434997559,22.07134437561035,52.93406677246094
1695,-28017.96875,-27184.287109375,11.546992301940918,22.09967803955078,52.94696044921875
1696,-28075.7265625,-27513.046875,11.539754867553711,22.08011817932129,52.898529052734375
1697,-27939.248046875,-25824.8671875,11.536243438720703,22.067588806152344,52.95580291748047
1698,-27898.880859375,-26694.0078125,11.514019966125488,22.015901565551758,52.875694274902344
1699,-28005.85546875,-24050.19921875,11.505720138549805,22.024063110351562,52.933807373046875
1700,-27778.533203125,-26535.556640625,11.542754173278809,22.03615379333496,52.961334228515625
1701,-27768.66796875,-26836.35546875,11.548565864562988,22.005279541015625,52.867156982421875
1702,-28001.662109375,-25204.83203125,11.539253234863281,22.005306243896484,52.854583740234375
1703,-27874.302734375,-26122.2578125,11.558259963989258,22.03180503845215,52.93023681640625
1704,-27815.97265625,-26186.96875,11.548676490783691,22.008342742919922,52.95036697387695
1705,-28013.84765625,-26523.087890625,11.57136344909668,22.057453155517578,52.9449348449707
1706,-28013.642578125,-25756.8359375,11.552465438842773,22.052047729492188,52.81153106689453
1707,-28105.361328125,-26949.921875,11.549080848693848,22.07638931274414,52.93977355957031
1708,-27984.70703125,-27566.6796875,11.531208038330078,22.059226989746094,52.970191955566406
1709,-27569.072265625,-26371.0546875,11.540879249572754,22.02291488647461,52.903038024902344
1710,-28024.375,-25901.52734375,11.541068077087402,22.05598258972168,53.02857208251953
1711,-27877.333984375,-27153.5703125,11.533568382263184,22.049785614013672,52.95061492919922
1712,-27838.705078125,-27061.775390625,11.521889686584473,22.035785675048828,52.923919677734375
1713,-27991.18359375,-26906.294921875,11.555984497070312,22.07323455810547,52.92527770996094
1714,-27538.337890625,-25583.486328125,11.554159164428711,22.04854965209961,52.89104080200195
1715,-27946.201171875,-27076.400390625,11.560192108154297,22.049095153808594,52.87963104248047
1716,-28073.65625,-26187.3203125,11.546836853027344,22.033130645751953,52.796424865722656
1717,-27839.462890625,-25750.181640625,11.568863868713379,22.059288024902344,52.87626647949219
1718,-28043.42578125,-25892.791015625,11.555095672607422,22.089622497558594,52.96819305419922
1719,-27945.466796875,-26825.75390625,11.53268051147461,22.070297241210938,53.00475311279297
1720,-27984.83203125,-25227.875,11.530054092407227,22.043033599853516,52.87668991088867
1721,-27928.859375,-27226.580078125,11.560434341430664,22.08282470703125,52.92095947265625
1722,-28021.185546875,-25883.078125,11.570388793945312,22.0894775390625,52.884395599365234
1723,-27890.36328125,-26334.93359375,11.580076217651367,22.10584259033203,52.9639778137207
1724,-28028.763671875,-26801.37109375,11.555281639099121,22.09707260131836,52.98857879638672
1725,-27974.8828125,-27221.72265625,11.562827110290527,22.098133087158203,52.948612213134766
1726,-27974.0703125,-26079.857421875,11.575692176818848,22.08400535583496,52.903587341308594
1727,-27889.1640625,-26456.1640625,11.563348770141602,22.059886932373047,52.818153381347656
1728,-27982.337890625,-25468.625,11.561551094055176,22.074153900146484,52.98822021484375
1729,-27998.35546875,-26804.9375,11.563222885131836,22.07558822631836,52.92405700683594
1730,-27918.951171875,-25255.158203125,11.56370735168457,22.078441619873047,52.86853790283203
1731,-28071.8671875,-25409.365234375,11.560213088989258,22.102256774902344,52.962257385253906
1732,-28097.767578125,-26364.20703125,11.548578262329102,22.078651428222656,52.90300369262695
1733,-28067.107421875,-26468.3671875,11.56114673614502,22.09779930114746,52.94347381591797
1734,-28106.45703125,-26748.046875,11.571252822875977,22.082073211669922,52.855796813964844
1735,-28018.556640625,-26342.416015625,11.57718276977539,22.106229782104492,52.91477966308594
1736,-27751.84765625,-26306.859375,11.558305740356445,22.081933975219727,52.85021209716797
1737,-28016.41796875,-26737.0859375,11.554718971252441,22.070865631103516,52.817970275878906
1738,-28031.56640625,-25882.228515625,11.545463562011719,22.066091537475586,52.816192626953125
1739,-27816.37890625,-25494.703125,11.538331985473633,22.057828903198242,52.83424377441406
1740,-27847.427734375,-26437.486328125,11.564900398254395,22.102558135986328,52.906558990478516
1741,-27971.46875,-27400.1484375,11.556751251220703,22.08643341064453,52.818397521972656
1742,-27786.080078125,-25563.19140625,11.54439926147461,22.05424690246582,52.780235290527344
1743,-28116.9765625,-25549.330078125,11.55219841003418,22.076269149780273,52.88240051269531
1744,-27970.740234375,-26101.98828125,11.589533805847168,22.095279693603516,52.91302490234375
1745,-27947.58203125,-26179.134765625,11.557502746582031,22.061168670654297,52.91432189941406
1746,-28083.986328125,-27449.48828125,11.566146850585938,22.08372688293457,52.84320831298828
1747,-27914.2265625,-27127.439453125,11.55385971069336,22.106380462646484,52.85786437988281
1748,-28109.501953125,-26251.08984375,11.559137344360352,22.129867553710938,52.86747741699219
1749,-27866.951171875,-27238.017578125,11.562743186950684,22.118343353271484,52.87587356567383
1750,-27947.146484375,-25603.48828125,11.554230690002441,22.108793258666992,52.88495635986328
1751,-28092.708984375,-25666.08203125,11.533203125,22.09601593017578,52.844581604003906
1752,-27994.294921875,-27189.138671875,11.556934356689453,22.102909088134766,52.918251037597656
1753,-27806.630859375,-27194.796875,11.561041831970215,22.102401733398438,53.01103973388672
1754,-28078.984375,-25772.958984375,11.539796829223633,22.082393646240234,52.99409866333008
1755,-28036.8125,-27499.265625,11.543310165405273,22.07414436340332,52.9085807800293
1756,-28060.72265625,-26398.51953125,11.547833442687988,22.070037841796875,52.93292999267578
1757,-28124.99609375,-26058.5390625,11.56314468383789,22.105615615844727,53.03624725341797
1758,-28063.083984375,-25557.91015625,11.536466598510742,22.052173614501953,52.926307678222656
1759,-27925.162109375,-25906.3828125,11.561871528625488,22.05987548828125,52.984474182128906
1760,-27999.384765625,-26344.646484375,11.570566177368164,22.058086395263672,52.95393371582031
1761,-27985.8984375,-25948.546875,11.584077835083008,22.07339096069336,52.90751647949219
1762,-28084.26953125,-26666.021484375,11.547721862792969,22.042640686035156,52.83536911010742
1763,-28081.5703125,-27263.845703125,11.596355438232422,22.14301872253418,52.934539794921875
1764,-27886.837890625,-27116.97265625,11.561227798461914,22.081193923950195,52.8394660949707
1765,-27990.9765625,-27568.021484375,11.591629028320312,22.106101989746094,52.9107780456543
1766,-28012.720703125,-26970.17578125,11.597097396850586,22.15298080444336,53.027137756347656
1767,-28013.7421875,-26282.705078125,11.560832977294922,22.087360382080078,52.87617492675781
1768,-28120.98828125,-26158.619140625,11.569193840026855,22.111576080322266,52.850318908691406
1769,-27994.451171875,-25966.2578125,11.559209823608398,22.138391494750977,52.92678451538086
1770,-28024.53515625,-26571.82421875,11.552423477172852,22.135395050048828,52.921295166015625
1771,-28083.046875,-26032.83984375,11.593198776245117,22.15997314453125,52.906883239746094
1772,-28016.31640625,-25854.09765625,11.583196640014648,22.132495880126953,52.92951202392578
1773,-28038.927734375,-26907.41015625,11.558448791503906,22.11474609375,52.83685302734375
1774,-28000.21875,-25893.59765625,11.575679779052734,22.135608673095703,52.92665100097656
1775,-27857.078125,-26095.45703125,11.57472038269043,22.108793258666992,52.8350830078125
1776,-27933.142578125,-26959.787109375,11.559927940368652,22.104408264160156,52.927513122558594
1777,-27966.0078125,-26699.234375,11.587424278259277,22.153392791748047,52.91620635986328
1778,-27760.904296875,-26747.869140625,11.578357696533203,22.12879753112793,52.944915771484375
1779,-28138.849609375,-25642.935546875,11.590044021606445,22.140504837036133,52.98174285888672
1780,-28098.708984375,-26416.544921875,11.603772163391113,22.144834518432617,52.95524597167969
1781,-27953.8125,-25760.92578125,11.593310356140137,22.12045669555664,52.9334831237793
1782,-28097.203125,-27310.59765625,11.553665161132812,22.071727752685547,52.85320281982422
1783,-28086.470703125,-26189.111328125,11.570236206054688,22.07834243774414,52.886680603027344
1784,-28016.958984375,-26068.23046875,11.5850830078125,22.105979919433594,52.906803131103516
1785,-27944.66015625,-26381.63671875,11.580487251281738,22.105323791503906,52.841636657714844
1786,-27801.748046875,-25510.09375,11.58349323272705,22.0944881439209,52.85920715332031
1787,-28008.849609375,-26250.482421875,11.608527183532715,22.131000518798828,52.947265625
1788,-28023.15625,-26361.12109375,11.60622787475586,22.145408630371094,52.92557144165039
1789,-28175.775390625,-26018.84375,11.579023361206055,22.119714736938477,52.95771789550781
1790,-28080.166015625,-25969.408203125,11.586457252502441,22.134540557861328,52.92736053466797
1791,-28098.537109375,-25259.10546875,11.585614204406738,22.14466094970703,52.93468475341797
1792,-27985.802734375,-25973.2109375,11.572370529174805,22.128429412841797,52.90199279785156
1793,-28153.65234375,-27556.236328125,11.555655479431152,22.088825225830078,52.82737731933594
1794,-28103.533203125,-25609.048828125,11.561779022216797,22.140369415283203,52.93041229248047
1795,-28061.9375,-27135.84765625,11.598770141601562,22.186946868896484,52.937110900878906
1796,-28178.201171875,-26353.880859375,11.587913513183594,22.16367530822754,52.879127502441406
1797,-27854.712890625,-27137.70703125,11.591469764709473,22.146621704101562,52.94770431518555
1798,-28017.9765625,-25674.306640625,11.58544635772705,22.108177185058594,52.86158752441406
1799,-27902.61328125,-27119.998046875,11.601740837097168,22.12002182006836,52.83638000488281
1800,-28048.1875,-27616.4296875,11.564510345458984,22.070518493652344,52.774009704589844
1801,-28185.01171875,-25591.2421875,11.605810165405273,22.163467407226562,53.00732421875
1802,-27687.806640625,-26034.896484375,11.58694076538086,22.12458610534668,52.86984634399414
1803,-28029.17578125,-26217.86328125,11.59332275390625,22.09742546081543,52.78977966308594
1804,-28008.8984375,-26538.009765625,11.588696479797363,22.10971450805664,52.92823791503906
1805,-28168.15625,-26857.08984375,11.597871780395508,22.140657424926758,52.96031951904297
1806,-28068.08984375,-26576.12890625,11.592148780822754,22.09597396850586,52.75907897949219
1807,-28069.203125,-25660.513671875,11.588338851928711,22.10083770751953,52.8331298828125
1808,-28035.220703125,-26404.767578125,11.60568618774414,22.13909912109375,52.89979553222656
1809,-28124.265625,-26576.83203125,11.590038299560547,22.12701416015625,52.81137466430664
1810,-28136.150390625,-25618.228515625,11.582887649536133,22.144224166870117,52.84593200683594
1811,-28014.962890625,-26878.244140625,11.573278427124023,22.12429428100586,52.83705520629883
1812,-27919.640625,-27398.24609375,11.579497337341309,22.092355728149414,52.832855224609375
1813,-28026.7734375,-27386.615234375,11.57614803314209,22.083951950073242,52.83934020996094
1814,-28043.03515625,-26526.693359375,11.597578048706055,22.127830505371094,52.87273406982422
1815,-28165.35546875,-27010.0859375,11.594559669494629,22.111351013183594,52.78651809692383
1816,-28220.279296875,-26127.876953125,11.58751392364502,22.123516082763672,52.89751434326172
1817,-27975.025390625,-26260.48828125,11.575695037841797,22.118698120117188,52.94647216796875
1818,-27760.376953125,-26581.66796875,11.56857681274414,22.080474853515625,52.877532958984375
1819,-28071.953125,-26960.42578125,11.608710289001465,22.148426055908203,52.972686767578125
1820,-28068.412109375,-26469.74609375,11.589263916015625,22.112285614013672,52.87073516845703
1821,-28090.04296875,-26109.564453125,11.602967262268066,22.139392852783203,52.87503433227539
1822,-28076.990234375,-27013.939453125,11.603471755981445,22.160903930664062,52.95945358276367
1823,-27983.68359375,-26347.78515625,11.592412948608398,22.138912200927734,52.85704040527344
1824,-28117.970703125,-26460.30078125,11.593757629394531,22.12586212158203,52.91449737548828
1825,-28081.48046875,-26749.591796875,11.592653274536133,22.131908416748047,52.924468994140625
1826,-28129.435546875,-27021.470703125,11.615377426147461,22.15410614013672,52.9022216796875
1827,-28072.73828125,-25899.45703125,11.603727340698242,22.134830474853516,52.92066192626953
1828,-27983.044921875,-26384.53515625,11.578006744384766,22.1195125579834,52.971336364746094
1829,-27823.515625,-26473.859375,11.587367057800293,22.121307373046875,52.94523620605469
1830,-28143.92578125,-27472.1015625,11.597328186035156,22.16097640991211,52.965301513671875
1831,-28071.97265625,-26974.626953125,11.621525764465332,22.173337936401367,52.96778869628906
1832,-28089.875,-26898.623046875,11.597766876220703,22.121952056884766,52.885353088378906
1833,-28024.16015625,-27263.73828125,11.585953712463379,22.116436004638672,52.98316192626953
1834,-28095.150390625,-27119.75,11.59023666381836,22.121397018432617,52.94835662841797
1835,-28186.4296875,-25693.47265625,11.598430633544922,22.119558334350586,52.79956817626953
1836,-28028.666015625,-26478.662109375,11.592329025268555,22.10871696472168,52.83068084716797
1837,-28228.791015625,-26712.30078125,11.6057767868042,22.17747688293457,52.98279571533203
1838,-28091.650390625,-26976.083984375,11.594204902648926,22.15019989013672,52.84813690185547
1839,-28178.427734375,-27156.720703125,11.615876197814941,22.15872573852539,52.850502014160156
1840,-27831.46484375,-26661.419921875,11.598535537719727,22.129077911376953,52.913658142089844
1841,-28069.259765625,-24975.068359375,11.609119415283203,22.135574340820312,52.93242645263672
1842,-28092.30859375,-25692.46875,11.640311241149902,22.133502960205078,52.870391845703125
1843,-28059.7578125,-26055.498046875,11.614044189453125,22.11170196533203,52.910743713378906
1844,-28168.865234375,-27611.98828125,11.60860538482666,22.133092880249023,52.90406036376953
1845,-28090.841796875,-26234.56640625,11.602795600891113,22.136856079101562,52.856937408447266
1846,-28080.326171875,-26789.48046875,11.615945816040039,22.133153915405273,52.77039337158203
1847,-28150.427734375,-27497.693359375,11.602669715881348,22.135787963867188,52.80797576904297
1848,-28123.13671875,-26075.193359375,11.604935646057129,22.177589416503906,52.932472229003906
1849,-28048.48046875,-26957.3515625,11.604866027832031,22.168231964111328,52.93456268310547
1850,-27920.3203125,-26923.390625,11.581192016601562,22.136951446533203,52.8599967956543
1851,-28158.431640625,-26734.80859375,11.600536346435547,22.16903305053711,52.868431091308594
1852,-28080.837890625,-27739.265625,11.630023002624512,22.20867156982422,52.912261962890625
1853,-28047.734375,-26374.95703125,11.604601860046387,22.16008186340332,52.740997314453125
1854,-27843.123046875,-25251.94140625,11.620505332946777,22.206417083740234,52.900840759277344
1855,-27977.94140625,-26308.099609375,11.610177993774414,22.176855087280273,52.92866897583008
1856,-28175.396484375,-25542.294921875,11.61667537689209,22.169124603271484,52.86570739746094
1857,-28121.224609375,-25456.544921875,11.603484153747559,22.179311752319336,52.913333892822266
1858,-28145.078125,-25690.83984375,11.596457481384277,22.144018173217773,52.80766296386719
1859,-28025.078125,-26607.876953125,11.588744163513184,22.161392211914062,52.91563415527344
1860,-28246.2421875,-25641.671875,11.607381820678711,22.136764526367188,52.83558654785156
1861,-28053.27734375,-26229.95703125,11.593598365783691,22.116458892822266,52.80659103393555
1862,-28049.1796875,-27178.353515625,11.592544555664062,22.107219696044922,52.8765869140625
1863,-28160.791015625,-26480.611328125,11.594751358032227,22.132369995117188,52.885108947753906
1864,-28153.7890625,-25258.99609375,11.59691047668457,22.12212371826172,52.84593963623047
1865,-28077.115234375,-26879.646484375,11.624393463134766,22.146015167236328,52.858299255371094
1866,-27874.29296875,-26844.794921875,11.604469299316406,22.099292755126953,52.8175048828125
1867,-28094.625,-26241.158203125,11.619702339172363,22.150936126708984,52.91099548339844
1868,-28116.390625,-25767.19140625,11.648031234741211,22.21224594116211,52.874603271484375
1869,-28043.89453125,-26844.90234375,11.613773345947266,22.149171829223633,52.88665008544922
1870,-28230.869140625,-26796.37109375,11.59907341003418,22.150760650634766,52.94660186767578
1871,-28128.087890625,-25880.234375,11.607869148254395,22.146129608154297,52.949371337890625
1872,-28161.298828125,-25270.685546875,11.609624862670898,22.153106689453125,52.86891555786133
1873,-28117.205078125,-27383.818359375,11.617551803588867,22.189985275268555,52.92100524902344
1874,-28150.224609375,-26801.8125,11.606813430786133,22.170814514160156,52.87681579589844
1875,-28121.869140625,-26481.876953125,11.599740028381348,22.159353256225586,52.855506896972656
1876,-28036.271484375,-26052.41796875,11.599166870117188,22.162128448486328,52.92945098876953
1877,-28080.984375,-27104.283203125,11.611888885498047,22.172306060791016,52.86834716796875
1878,-28075.533203125,-26698.048828125,11.605710983276367,22.137889862060547,52.82300567626953
1879,-28203.939453125,-26395.244140625,11.633482933044434,22.146709442138672,52.82902145385742
1880,-28148.822265625,-25567.06640625,11.635088920593262,22.168739318847656,52.955780029296875
1881,-28083.509765625,-27363.34375,11.603700637817383,22.14150047302246,52.951446533203125
1882,-28123.380859375,-27230.65625,11.60041618347168,22.15436553955078,52.95942687988281
1883,-28214.92578125,-25212.751953125,11.631685256958008,22.171649932861328,52.9595947265625
1884,-28163.03125,-26348.232421875,11.595388412475586,22.12025260925293,52.8697509765625
1885,-28167.59765625,-26277.392578125,11.64449405670166,22.191951751708984,52.9771842956543
1886,-28153.064453125,-26735.958984375,11.602200508117676,22.147602081298828,52.930702209472656
1887,-28028.267578125,-27040.744140625,11.613003730773926,22.172218322753906,52.96527862548828
1888,-28300.92578125,-27023.349609375,11.606321334838867,22.171546936035156,52.92757797241211
1889,-28188.12109375,-26447.470703125,11.6163969039917,22.194660186767578,52.909698486328125
1890,-28133.705078125,-26607.185546875,11.63885498046875,22.18053436279297,52.90145492553711
1891,-28054.53125,-26396.6953125,11.603531837463379,22.124958038330078,52.813812255859375
1892,-28242.76953125,-26368.107421875,11.614171028137207,22.17129135131836,52.950584411621094
1893,-28192.994140625,-25969.1171875,11.646845817565918,22.219083786010742,52.985595703125
1894,-28156.39453125,-26851.04296875,11.654850959777832,22.23657989501953,53.00080490112305
1895,-28097.998046875,-25077.626953125,11.63607406616211,22.199901580810547,52.9466667175293
1896,-28079.615234375,-27526.8671875,11.595346450805664,22.155712127685547,52.85237121582031
1897,-27949.767578125,-25772.720703125,11.603835105895996,22.15792465209961,52.834346771240234
1898,-28226.095703125,-26195.5546875,11.626067161560059,22.171634674072266,52.82670593261719
1899,-28206.732421875,-26810.845703125,11.627280235290527,22.18053436279297,52.8458251953125
1900,-28112.25390625,-26327.26171875,11.606218338012695,22.188152313232422,52.89647674560547
1901,-28166.470703125,-25939.533203125,11.64411735534668,22.236238479614258,52.956329345703125
1902,-28214.099609375,-26443.888671875,11.619054794311523,22.190185546875,52.922332763671875
1903,-28080.529296875,-27284.75,11.611876487731934,22.177684783935547,52.94398498535156
1904,-27926.44921875,-26948.0390625,11.623553276062012,22.168201446533203,52.94415283203125
1905,-28064.67578125,-27316.951171875,11.62142562866211,22.154338836669922,52.931766510009766
1906,-28219.296875,-26231.154296875,11.619771003723145,22.16598129272461,52.978248596191406
1907,-28161.013671875,-24865.02734375,11.635887145996094,22.202892303466797,52.93947219848633
1908,-28187.263671875,-26370.650390625,11.6456880569458,22.21497917175293,52.994140625
1909,-28161.4296875,-27263.322265625,11.63011360168457,22.17000389099121,52.870399475097656
1910,-28103.75,-26872.6875,11.624378204345703,22.143508911132812,52.778709411621094
1911,-28176.025390625,-26944.3359375,11.627945899963379,22.131031036376953,52.744049072265625
1912,-28236.865234375,-27246.51171875,11.639689445495605,22.166147232055664,52.91625213623047
1913,-28182.8125,-25405.900390625,11.637186050415039,22.175220489501953,52.85443878173828
1914,-28232.828125,-27069.822265625,11.614809036254883,22.179386138916016,52.85210037231445
1915,-28107.392578125,-26756.7421875,11.626611709594727,22.16783905029297,52.818992614746094
1916,-28231.06640625,-26122.416015625,11.632149696350098,22.182147979736328,52.82731628417969
1917,-28228.11328125,-26650.677734375,11.64457893371582,22.19869041442871,52.83753967285156
1918,-28202.298828125,-25299.275390625,11.634106636047363,22.18897819519043,52.828067779541016
1919,-28155.177734375,-27391.6875,11.633760452270508,22.174823760986328,52.77098846435547
1920,-28166.2890625,-27579.6015625,11.636971473693848,22.192140579223633,52.83942413330078
1921,-27989.466796875,-26330.9140625,11.638529777526855,22.200824737548828,52.92332458496094
1922,-28236.712890625,-26920.537109375,11.643824577331543,22.16815185546875,52.82634735107422
1923,-28198.732421875,-25235.484375,11.648299217224121,22.17129898071289,52.871604919433594
1924,-28142.201171875,-26046.138671875,11.63361930847168,22.162425994873047,52.931671142578125
1925,-28106.615234375,-26802.1015625,11.637604713439941,22.16039276123047,52.91837692260742
1926,-28203.736328125,-27212.1484375,11.64721393585205,22.173677444458008,52.83837127685547
1927,-28210.62109375,-26763.62109375,11.636845588684082,22.189544677734375,52.84214782714844
1928,-28186.26953125,-26832.583984375,11.605199813842773,22.154115676879883,52.73070526123047
1929,-28129.90234375,-25222.7734375,11.651022911071777,22.19173812866211,52.766517639160156
1930,-28118.02734375,-26040.837890625,11.625739097595215,22.186918258666992,52.79280471801758
1931,-28195.931640625,-27657.6171875,11.631806373596191,22.185089111328125,52.791690826416016
1932,-28293.21875,-26155.126953125,11.62707805633545,22.177074432373047,52.79383850097656
1933,-28115.5390625,-26144.4296875,11.66408634185791,22.224132537841797,52.896148681640625
1934,-28189.689453125,-26139.205078125,11.647047996520996,22.194480895996094,52.825096130371094
1935,-28122.453125,-27390.0703125,11.64575481414795,22.19451141357422,52.78986358642578
1936,-28188.41796875,-27039.39453125,11.631691932678223,22.215999603271484,52.84651184082031
1937,-28187.427734375,-26480.6953125,11.610956192016602,22.184757232666016,52.9073486328125
1938,-28177.197265625,-26703.712890625,11.643795013427734,22.215557098388672,52.96920394897461
1939,-28059.6640625,-27088.66015625,11.649683952331543,22.180145263671875,52.82324981689453
1940,-28238.560546875,-26172.67578125,11.663029670715332,22.209320068359375,52.94237518310547
1941,-28163.169921875,-27753.634765625,11.626702308654785,22.164581298828125,52.870582580566406
1942,-28252.658203125,-26891.794921875,11.613731384277344,22.182987213134766,52.78038024902344
1943,-28168.658203125,-27228.66796875,11.635384559631348,22.215221405029297,52.749229431152344
1944,-28084.46875,-25090.599609375,11.643218994140625,22.240543365478516,52.87089920043945
1945,-28193.484375,-24921.16796875,11.652459144592285,22.245819091796875,52.91907501220703
1946,-28151.009765625,-26361.5,11.650458335876465,22.200435638427734,52.77327346801758
1947,-28089.09375,-27179.5234375,11.665934562683105,22.249629974365234,52.94154357910156
1948,-28264.125,-26759.86328125,11.634769439697266,22.204864501953125,52.89845657348633
1949,-27954.8671875,-25922.71484375,11.653831481933594,22.204296112060547,52.884456634521484
1950,-28160.244140625,-26232.892578125,11.667342185974121,22.192140579223633,52.826690673828125
1951,-28216.25,-26807.759765625,11.63148021697998,22.169506072998047,52.818359375
1952,-28209.6796875,-27367.984375,11.649575233459473,22.212753295898438,52.78288269042969
1953,-28228.466796875,-27358.615234375,11.633748054504395,22.20305061340332,52.8785285949707
1954,-28257.025390625,-26677.625,11.63210391998291,22.18236541748047,52.80625915527344
1955,-28202.630859375,-27513.3125,11.623177528381348,22.16858673095703,52.7481689453125
1956,-28229.111328125,-26020.599609375,11.649861335754395,22.219409942626953,52.82710266113281
1957,-28222.25390625,-26333.001953125,11.648643493652344,22.223716735839844,52.76852798461914
1958,-28252.203125,-27241.875,11.637565612792969,22.213390350341797,52.815040588378906
1959,-28270.814453125,-25818.56640625,11.631978034973145,22.204660415649414,52.869720458984375
1960,-28170.091796875,-27106.927734375,11.637056350708008,22.201702117919922,52.854827880859375
1961,-28263.740234375,-26575.71875,11.650983810424805,22.21987533569336,52.8927001953125
1962,-28039.625,-26995.1484375,11.642109870910645,22.20781898498535,52.895050048828125
1963,-28219.826171875,-26834.708984375,11.646240234375,22.207103729248047,52.92369079589844
1964,-28278.79296875,-25486.119140625,11.636173248291016,22.18679428100586,52.84011459350586
1965,-27984.546875,-26656.279296875,11.641823768615723,22.190776824951172,52.82954406738281
1966,-28143.8046875,-27527.322265625,11.65368938446045,22.219146728515625,52.79170608520508
1967,-28239.49609375,-27231.75,11.679244041442871,22.254047393798828,52.903297424316406
1968,-28153.865234375,-25693.392578125,11.671758651733398,22.233016967773438,52.86326599121094
1969,-27984.357421875,-26166.09375,11.63809871673584,22.196210861206055,52.80413818359375
1970,-28253.53125,-25355.72265625,11.639246940612793,22.21033477783203,52.84996032714844
1971,-28238.298828125,-26941.396484375,11.677230834960938,22.240890502929688,52.938865661621094
1972,-28137.841796875,-27250.826171875,11.657820701599121,22.197006225585938,52.878150939941406
1973,-28075.033203125,-26809.302734375,11.66852855682373,22.2091121673584,52.94657897949219
1974,-28255.45703125,-27266.509765625,11.666115760803223,22.192039489746094,52.921058654785156
1975,-28217.416015625,-26052.701171875,11.669102668762207,22.21761703491211,52.918434143066406
1976,-28297.935546875,-26844.78125,11.663081169128418,22.216053009033203,52.882720947265625
1977,-28221.513671875,-27193.791015625,11.637635231018066,22.19316291809082,52.91952133178711
1978,-28239.7890625,-27477.033203125,11.629182815551758,22.194446563720703,52.94004821777344
1979,-28197.986328125,-27069.041015625,11.628268241882324,22.215526580810547,52.87541961669922
1980,-28249.33203125,-25063.533203125,11.653719902038574,22.244709014892578,52.8660774230957
1981,-28081.212890625,-25284.341796875,11.684532165527344,22.270666122436523,52.902427673339844
1982,-28182.634765625,-27295.43359375,11.667831420898438,22.262880325317383,52.962745666503906
1983,-28171.669921875,-27037.021484375,11.64580249786377,22.20550537109375,52.83430099487305
1984,-27793.13671875,-25891.51953125,11.710549354553223,22.272329330444336,52.950374603271484
1985,-28010.70703125,-25325.453125,11.649212837219238,22.205638885498047,52.925514221191406
1986,-28058.728515625,-26864.91796875,11.677799224853516,22.211650848388672,52.94633865356445
1987,-28216.57421875,-26598.490234375,11.64455509185791,22.178604125976562,52.94622802734375
1988,-28221.177734375,-27398.31640625,11.646915435791016,22.212669372558594,52.91869354248047
1989,-28207.490234375,-26956.962890625,11.642474174499512,22.20256805419922,52.885826110839844
1990,-28213.64453125,-25433.748046875,11.66024398803711,22.19818878173828,52.852935791015625
1991,-28156.865234375,-26563.359375,11.646876335144043,22.196481704711914,52.821266174316406
1992,-28186.828125,-25848.640625,11.653731346130371,22.221832275390625,52.96704864501953
1993,-28231.91796875,-26922.88671875,11.645833015441895,22.227432250976562,52.93589782714844
1994,-28223.673828125,-27355.345703125,11.659012794494629,22.223188400268555,52.93073272705078
1995,-28215.2734375,-26926.30859375,11.659344673156738,22.202484130859375,52.86384201049805
1996,-27923.28515625,-25818.546875,11.624369621276855,22.124391555786133,52.675376892089844
1997,-27785.470703125,-25645.427734375,11.692870140075684,22.20403480529785,52.85942840576172
1998,-27988.046875,-26606.8203125,11.660907745361328,22.15453338623047,52.79149627685547
1999,-28156.5,-26794.439453125,11.68078327178955,22.1884822845459,52.90161895751953
2000,-28137.07421875,-26950.033203125,11.686918258666992,22.155261993408203,52.80669403076172
2001,-28200.44921875,-26988.02734375,11.662818908691406,22.165115356445312,52.842491149902344
2002,-28201.091796875,-27367.568359375,11.670592308044434,22.187076568603516,52.806358337402344
2003,-28155.26953125,-25817.33203125,11.6607027053833,22.205787658691406,52.906768798828125
2004,-28207.123046875,-27081.458984375,11.684664726257324,22.259305953979492,52.995635986328125
2005,-28210.16015625,-26828.025390625,11.653294563293457,22.18768882751465,52.91377258300781
2006,-28155.57421875,-26317.169921875,11.646007537841797,22.192726135253906,52.885562896728516
2007,-28246.01953125,-27090.7109375,11.657889366149902,22.216651916503906,52.95692443847656
2008,-28128.681640625,-26119.61328125,11.663561820983887,22.19095230102539,52.88909149169922
2009,-28220.99609375,-27581.17578125,11.670906066894531,22.174678802490234,52.79209899902344
2010,-28211.677734375,-27553.71484375,11.66594409942627,22.191505432128906,52.8309326171875
2011,-28137.10546875,-26622.416015625,11.63931941986084,22.15118408203125,52.78276824951172
2012,-28178.880859375,-25801.66796875,11.657759666442871,22.215848922729492,52.88456726074219
2013,-28236.435546875,-27072.81640625,11.677079200744629,22.233903884887695,52.894622802734375
2014,-28285.888671875,-26322.357421875,11.636107444763184,22.186214447021484,52.83478546142578
2015,-28170.048828125,-25309.708984375,11.642285346984863,22.21353530883789,52.90399169921875
2016,-28214.52734375,-26942.62109375,11.661589622497559,22.253135681152344,52.970977783203125
2017,-28274.83203125,-27453.34375,11.654316902160645,22.222654342651367,52.83403396606445
2018,-28222.5,-26360.47265625,11.653372764587402,22.2377986907959,52.83501434326172
2019,-28280.9609375,-27187.4375,11.69748592376709,22.274677276611328,52.893310546875
2020,-28310.625,-25677.6171875,11.665820121765137,22.223283767700195,52.812950134277344
2021,-28310.365234375,-27734.0859375,11.66671371459961,22.199796676635742,52.78014373779297
2022,-28288.55078125,-25679.27734375,11.671365737915039,22.200368881225586,52.86767578125
2023,-28338.19140625,-26745.16015625,11.656996726989746,22.187767028808594,52.89884948730469
2024,-28309.041015625,-27600.248046875,11.655345916748047,22.18731689453125,52.90373992919922
2025,-28235.13671875,-26182.923828125,11.673287391662598,22.217817306518555,52.86891174316406
2026,-28246.46875,-26639.16015625,11.672440528869629,22.23773956298828,52.92884826660156
2027,-28339.8828125,-26186.71484375,11.647759437561035,22.21122932434082,52.91685485839844
2028,-28239.7109375,-27296.58203125,11.670317649841309,22.250228881835938,52.91299819946289
2029,-28198.01171875,-27631.8125,11.6863374710083,22.252117156982422,52.83937454223633
2030,-28259.974609375,-26659.896484375,11.674211502075195,22.233985900878906,52.90105438232422
2031,-28211.0546875,-26974.279296875,11.700394630432129,22.245738983154297,52.9437370300293
2032,-28245.919921875,-27152.380859375,11.677194595336914,22.200307846069336,52.788272857666016
2033,-28292.767578125,-27588.51953125,11.655104637145996,22.18482780456543,52.764556884765625
2034,-28346.2109375,-26206.84375,11.664554595947266,22.219581604003906,52.818580627441406
2035,-28234.607421875,-27126.552734375,11.663437843322754,22.21526336669922,52.891231536865234
2036,-28264.83984375,-26522.71484375,11.674988746643066,22.204437255859375,52.90894317626953
2037,-28310.501953125,-27162.720703125,11.686262130737305,22.21432113647461,52.830169677734375
2038,-28192.974609375,-25944.1796875,11.682896614074707,22.204713821411133,52.83600616455078
2039,-28216.15625,-27055.271484375,11.677916526794434,22.19884490966797,52.779415130615234
2040,-28201.1171875,-27138.259765625,11.670157432556152,22.223039627075195,52.91981506347656
2041,-28242.59375,-26367.517578125,11.664817810058594,22.19559669494629,52.824588775634766
2042,-28274.705078125,-26856.158203125,11.6867094039917,22.21544647216797,52.8714599609375
2043,-28249.49609375,-26574.26953125,11.66817855834961,22.201557159423828,52.80342102050781
2044,-28229.740234375,-26954.21484375,11.680368423461914,22.22710418701172,52.81071472167969
2045,-28280.58984375,-26342.1171875,11.668444633483887,22.2333927154541,52.91893768310547
2046,-28263.884765625,-27120.765625,11.649346351623535,22.217060089111328,52.882530212402344
2047,-28267.572265625,-26054.09765625,11.665385246276855,22.252912521362305,52.933685302734375
2048,-28331.169921875,-25247.84765625,11.673495292663574,22.21487808227539,52.81172180175781
2049,-28208.01953125,-27560.185546875,11.64748477935791,22.218463897705078,52.9254264831543
2050,-28321.1640625,-26185.173828125,11.647950172424316,22.227951049804688,52.80493927001953
2051,-28276.275390625,-25998.79296875,11.700942993164062,22.27524757385254,52.80445098876953
2052,-28320.189453125,-26113.794921875,11.66483211517334,22.231582641601562,52.835601806640625
2053,-28318.421875,-25298.916015625,11.670960426330566,22.218822479248047,52.74913024902344
2054,-28273.365234375,-26376.3828125,11.673018455505371,22.20765495300293,52.90202331542969
2055,-28242.21875,-27521.3515625,11.699108123779297,22.252952575683594,53.028472900390625
2056,-28267.94921875,-25412.474609375,11.653800964355469,22.190475463867188,52.890445709228516
2057,-28183.56640625,-27361.33984375,11.666831970214844,22.20473289489746,52.877418518066406
2058,-28269.22265625,-26963.669921875,11.633068084716797,22.17738914489746,52.8736572265625
2059,-28269.796875,-25746.609375,11.652609825134277,22.182918548583984,52.82286071777344
2060,-28247.47265625,-27148.810546875,11.657642364501953,22.18545150756836,52.75053787231445
2061,-28326.53125,-25745.212890625,11.67149543762207,22.203855514526367,52.792274475097656
2062,-28265.443359375,-27039.513671875,11.680685997009277,22.218795776367188,52.94194030761719
2063,-28360.30859375,-26357.703125,11.689898490905762,22.20206069946289,52.83572006225586
2064,-28231.439453125,-26127.830078125,11.6923828125,22.230499267578125,52.83453369140625
2065,-28323.0546875,-26585.759765625,11.650944709777832,22.203887939453125,52.87248611450195
2066,-28297.865234375,-26953.0546875,11.699174880981445,22.228321075439453,52.814720153808594
2067,-28352.4296875,-26622.44921875,11.690176963806152,22.226715087890625,52.899776458740234
2068,-28401.693359375,-26891.521484375,11.693758964538574,22.228084564208984,52.893821716308594
2069,-28236.255859375,-26474.751953125,11.65951919555664,22.215608596801758,52.934425354003906
2070,-28199.751953125,-26956.8515625,11.683277130126953,22.211233139038086,52.79291534423828
2071,-28304.0546875,-26757.19921875,11.696991920471191,22.247276306152344,52.810970306396484
2072,-28293.5546875,-27445.453125,11.679624557495117,22.244705200195312,52.942909240722656
2073,-28279.68359375,-27481.001953125,11.680559158325195,22.206188201904297,52.897308349609375
2074,-28280.57421875,-27762.201171875,11.66360092163086,22.17507553100586,52.773712158203125
2075,-28277.48828125,-26206.505859375,11.695511817932129,22.239044189453125,52.90555191040039
2076,-28285.34375,-26616.384765625,11.688624382019043,22.247299194335938,52.955169677734375
2077,-28382.45703125,-26941.52734375,11.684490203857422,22.248432159423828,52.9542236328125
2078,-28241.375,-25982.548828125,11.684728622436523,22.214372634887695,52.83626937866211
2079,-28261.70703125,-26132.033203125,11.68757152557373,22.210906982421875,52.8134765625
2080,-28321.923828125,-27082.400390625,11.690113067626953,22.229206085205078,52.86103820800781
2081,-28257.61328125,-27053.447265625,11.679365158081055,22.231666564941406,52.92287826538086
2082,-28326.498046875,-25404.255859375,11.66585636138916,22.221477508544922,52.84459686279297
2083,-28234.1875,-27144.708984375,11.708009719848633,22.253700256347656,52.827056884765625
2084,-28390.345703125,-25612.314453125,11.705643653869629,22.244766235351562,52.900970458984375
2085,-28321.142578125,-27331.857421875,11.706318855285645,22.23843765258789,52.93195343017578
2086,-28231.767578125,-26357.37109375,11.689526557922363,22.195728302001953,52.83685302734375
2087,-28259.6484375,-27313.04296875,11.681197166442871,22.206466674804688,52.92728805541992
2088,-28380.57421875,-26881.330078125,11.681853294372559,22.19481658935547,52.88210678100586
2089,-28360.767578125,-26555.119140625,11.68934154510498,22.20954132080078,52.915802001953125
2090,-28349.173828125,-26328.861328125,11.683951377868652,22.215721130371094,52.88291549682617
2091,-28276.634765625,-27318.322265625,11.707533836364746,22.23571014404297,52.79172134399414
2092,-28336.080078125,-26935.728515625,11.691100120544434,22.23274040222168,52.769317626953125
2093,-28185.7265625,-26536.314453125,11.723698616027832,22.260906219482422,52.898826599121094
2094,-28319.15625,-25160.396484375,11.683416366577148,22.210445404052734,52.81890869140625
2095,-28329.3203125,-27108.373046875,11.681807518005371,22.222026824951172,52.78571319580078
2096,-28353.099609375,-26252.93359375,11.692376136779785,22.250011444091797,52.832115173339844
2097,-28310.83203125,-26314.51171875,11.691767692565918,22.25611686706543,52.88135528564453
2098,-28365.234375,-26254.0234375,11.6571626663208,22.221782684326172,52.85355758666992
2099,-28382.1796875,-27116.1015625,11.680662155151367,22.25341796875,52.83601379394531
2100,-28351.826171875,-26805.8515625,11.710354804992676,22.2856502532959,52.874263763427734
2101,-28234.498046875,-27250.642578125,11.692697525024414,22.25014877319336,52.905235290527344
2102,-28358.16015625,-24597.9765625,11.707940101623535,22.270906448364258,52.93189239501953
2103,-28289.193359375,-26104.0078125,11.700313568115234,22.242809295654297,52.89289093017578
2104,-28386.78515625,-25268.666015625,11.703166007995605,22.24942398071289,52.8763427734375
2105,-28351.353515625,-26172.171875,11.706679344177246,22.22533416748047,52.86979675292969
2106,-28436.947265625,-25762.52734375,11.704486846923828,22.233110427856445,52.87842559814453
2107,-28295.41796875,-27384.255859375,11.695759773254395,22.22747039794922,52.93199157714844
2108,-28297.146484375,-26409.4765625,11.693172454833984,22.223438262939453,52.962440490722656
2109,-28247.91796875,-26097.28125,11.724808692932129,22.241920471191406,52.848114013671875
2110,-28292.611328125,-26950.689453125,11.720526695251465,22.236434936523438,52.846858978271484
2111,-28239.92578125,-27610.552734375,11.700510025024414,22.230022430419922,52.8863525390625
2112,-28348.943359375,-26589.763671875,11.690445899963379,22.208358764648438,52.811866760253906
2113,-28314.587890625,-25724.07421875,11.694733619689941,22.23849868774414,52.80754852294922
2114,-28359.9296875,-26767.474609375,11.699858665466309,22.278072357177734,52.84508514404297
2115,-28332.30078125,-27292.3046875,11.674785614013672,22.227008819580078,52.83272171020508
2116,-28314.05078125,-27052.427734375,11.697179794311523,22.222332000732422,52.85407638549805
2117,-28265.10546875,-27004.890625,11.716517448425293,22.258312225341797,52.95392990112305
2118,-28230.62109375,-26504.349609375,11.717860221862793,22.231727600097656,52.92790222167969
2119,-28271.580078125,-25815.08984375,11.676339149475098,22.19969940185547,52.81219482421875
2120,-28349.75390625,-27406.30078125,11.714695930480957,22.237987518310547,52.85589599609375
2121,-28321.544921875,-25999.150390625,11.687932014465332,22.1898136138916,52.73143768310547
2122,-28342.4921875,-27073.806640625,11.694634437561035,22.224750518798828,52.786991119384766
2123,-28216.291015625,-26969.654296875,11.715086936950684,22.232868194580078,52.81199264526367
2124,-28293.7578125,-26702.568359375,11.718533515930176,22.23676300048828,52.866455078125
2125,-28428.0,-25847.25,11.702208518981934,22.248191833496094,52.867313385009766
2126,-28313.28125,-25768.3515625,11.698729515075684,22.24874496459961,52.76015853881836
2127,-28256.001953125,-26477.65625,11.720890045166016,22.263402938842773,52.76466751098633
2128,-28326.380859375,-26801.060546875,11.690536499023438,22.254112243652344,52.82647705078125
2129,-28347.123046875,-26486.037109375,11.681835174560547,22.207515716552734,52.73112487792969
2130,-28299.01953125,-26673.958984375,11.696483612060547,22.22018814086914,52.7738151550293
2131,-28390.96875,-25320.279296875,11.679882049560547,22.203603744506836,52.80760192871094
2132,-28438.771484375,-26538.908203125,11.69585132598877,22.22309112548828,52.859649658203125
2133,-28388.0078125,-27237.951171875,11.692086219787598,22.23834991455078,52.81169891357422
2134,-28293.265625,-27240.60546875,11.679691314697266,22.240379333496094,52.82539367675781
2135,-28357.859375,-25848.029296875,11.695209503173828,22.24230194091797,52.84087371826172
2136,-28311.677734375,-27291.244140625,11.715250015258789,22.264562606811523,52.86678695678711
2137,-28228.169921875,-27141.8671875,11.698399543762207,22.234527587890625,52.790992736816406
2138,-28394.517578125,-27431.416015625,11.68176555633545,22.226028442382812,52.85981750488281
2139,-28351.771484375,-25745.6328125,11.71030044555664,22.28147315979004,52.9703369140625
2140,-28328.994140625,-27662.37109375,11.715956687927246,22.26624870300293,52.881072998046875
2141,-28419.806640625,-25997.220703125,11.725652694702148,22.284164428710938,52.94084167480469
2142,-28205.69140625,-26206.486328125,11.69671630859375,22.24249839782715,52.8585205078125
2143,-28290.537109375,-25633.76171875,11.739484786987305,22.27055549621582,52.932647705078125
2144,-28445.025390625,-26451.66015625,11.708970069885254,22.252613067626953,52.84412384033203
2145,-28252.650390625,-26437.98046875,11.728074073791504,22.27100372314453,52.778541564941406
2146,-28350.8671875,-26740.419921875,11.7062349319458,22.263986587524414,52.830474853515625
2147,-28414.697265625,-25264.958984375,11.698808670043945,22.236082077026367,52.80397033691406
2148,-28270.673828125,-27467.927734375,11.735774040222168,22.27212905883789,52.835418701171875
2149,-28365.4375,-26275.255859375,11.72778606414795,22.288042068481445,52.996070861816406
2150,-28398.275390625,-26315.79296875,11.695321083068848,22.240276336669922,52.82490539550781
2151,-28434.046875,-25380.009765625,11.711627960205078,22.286222457885742,52.90509796142578
2152,-28342.787109375,-26305.763671875,11.71824836730957,22.273845672607422,52.887168884277344
2153,-28311.673828125,-25982.412109375,11.711594581604004,22.270973205566406,52.892127990722656
2154,-28185.671875,-27276.76953125,11.722928047180176,22.292083740234375,52.97636795043945
2155,-28364.865234375,-27102.599609375,11.710006713867188,22.240589141845703,52.859222412109375
2156,-28494.54296875,-26258.33984375,11.70773696899414,22.224369049072266,52.83633041381836
2157,-28313.154296875,-27454.03125,11.686945915222168,22.20907974243164,52.80084228515625
2158,-28249.333984375,-27146.0625,11.7053861618042,22.254837036132812,52.86817169189453
2159,-28344.46875,-27230.322265625,11.689242362976074,22.247180938720703,52.88664245605469
2160,-28407.4453125,-26772.5,11.728568077087402,22.273265838623047,52.9386100769043
2161,-28308.619140625,-27420.943359375,11.736845970153809,22.268463134765625,52.960105895996094
2162,-28407.90625,-25383.298828125,11.691305160522461,22.233829498291016,52.897369384765625
2163,-28343.435546875,-26073.08203125,11.69533920288086,22.234607696533203,52.811180114746094
2164,-28388.48046875,-27363.47265625,11.692973136901855,22.21895980834961,52.772735595703125
2165,-28380.548828125,-25065.07421875,11.735774040222168,22.28467559814453,52.919986724853516
2166,-28431.779296875,-27519.697265625,11.689593315124512,22.237903594970703,52.853843688964844
2167,-28320.08984375,-27304.287109375,11.655327796936035,22.19979476928711,52.845176696777344
2168,-28471.068359375,-26208.166015625,11.703923225402832,22.26253890991211,52.91732406616211
2169,-28392.48046875,-26908.0390625,11.722058296203613,22.2386474609375,52.85847854614258
2170,-28365.439453125,-26631.52734375,11.696329116821289,22.207664489746094,52.761199951171875
2171,-28392.53515625,-25739.966796875,11.689374923706055,22.222482681274414,52.77992248535156
2172,-28428.337890625,-27067.75390625,11.709567070007324,22.267166137695312,52.82904815673828
2173,-28344.0078125,-27704.392578125,11.709624290466309,22.24898910522461,52.915096282958984
2174,-28293.373046875,-27363.626953125,11.668408393859863,22.178422927856445,52.70918273925781
2175,-28320.53515625,-25808.326171875,11.70786190032959,22.264175415039062,52.96326446533203
2176,-28420.693359375,-25447.421875,11.729658126831055,22.262638092041016,52.83595275878906
2177,-28395.703125,-25261.6875,11.734034538269043,22.259578704833984,52.81966018676758
2178,-28293.283203125,-26808.953125,11.7177152633667,22.222734451293945,52.80293655395508
2179,-28411.400390625,-26148.20703125,11.732385635375977,22.253379821777344,52.888893127441406
2180,-28404.337890625,-26627.740234375,11.716414451599121,22.232410430908203,52.84783935546875
2181,-28299.42578125,-27481.86328125,11.723562240600586,22.22665023803711,52.83297348022461
2182,-28373.494140625,-26997.970703125,11.702245712280273,22.22006607055664,52.81584167480469
2183,-28417.4921875,-26819.953125,11.694258689880371,22.23584747314453,52.7973747253418
2184,-28447.318359375,-27722.123046875,11.705156326293945,22.24651527404785,52.816402435302734
2185,-28411.404296875,-25387.89453125,11.735647201538086,22.25724220275879,52.81843566894531
2186,-28457.572265625,-27328.66796875,11.731840133666992,22.287002563476562,52.85438537597656
2187,-28394.23046875,-27573.439453125,11.701769828796387,22.24087905883789,52.80474853515625
2188,-28387.693359375,-26746.11328125,11.714959144592285,22.24197006225586,52.765907287597656
2189,-28394.12890625,-25768.6953125,11.701766967773438,22.250343322753906,52.71590042114258
2190,-28402.0859375,-26315.92578125,11.711167335510254,22.26040267944336,52.819297790527344
2191,-28322.447265625,-27619.923828125,11.694010734558105,22.213878631591797,52.738037109375
2192,-28370.16015625,-26893.146484375,11.695838928222656,22.240358352661133,52.826690673828125
2193,-28269.29296875,-27618.994140625,11.720768928527832,22.288978576660156,52.99274444580078
2194,-28414.63671875,-25820.88671875,11.746965408325195,22.30400848388672,52.897491455078125
2195,-28325.517578125,-26900.673828125,11.741957664489746,22.27104949951172,52.755645751953125
2196,-28373.484375,-25618.791015625,11.730701446533203,22.232091903686523,52.811126708984375
2197,-28435.962890625,-26895.412109375,11.70146656036377,22.223899841308594,52.90742874145508
2198,-28227.787109375,-26482.552734375,11.725822448730469,22.231788635253906,52.80345916748047
2199,-28304.259765625,-25554.0703125,11.733715057373047,22.256778717041016,52.874855041503906
2200,-28320.970703125,-26218.455078125,11.692200660705566,22.215560913085938,52.83197021484375
2201,-28289.259765625,-26917.109375,11.713164329528809,22.254676818847656,52.85095977783203
2202,-28422.50390625,-26329.771484375,11.711316108703613,22.25238800048828,52.9124755859375
2203,-28408.474609375,-25130.7890625,11.702699661254883,22.23702049255371,52.8630256652832
2204,-28372.0234375,-26506.7578125,11.744424819946289,22.29587173461914,52.881866455078125
2205,-28522.40234375,-26900.140625,11.741787910461426,22.249418258666992,52.75908660888672
2206,-28332.298828125,-26353.9921875,11.744449615478516,22.270282745361328,52.86000061035156
2207,-28312.3046875,-26766.259765625,11.71748161315918,22.230712890625,52.82453155517578
2208,-28384.2890625,-26898.291015625,11.712446212768555,22.255929946899414,52.828857421875
2209,-28345.390625,-26628.19140625,11.755097389221191,22.28818130493164,52.858612060546875
2210,-28376.404296875,-26441.7265625,11.714943885803223,22.250669479370117,52.888267517089844
2211,-28437.18359375,-27459.92578125,11.740178108215332,22.26131820678711,52.84441375732422
2212,-28280.673828125,-26648.78515625,11.70354175567627,22.198165893554688,52.73603820800781
2213,-28319.15234375,-26489.3046875,11.74056339263916,22.259727478027344,52.796695709228516
2214,-28317.080078125,-25847.951171875,11.725146293640137,22.226184844970703,52.738746643066406
2215,-28409.287109375,-27542.734375,11.724584579467773,22.242509841918945,52.831974029541016
2216,-28366.416015625,-27140.4140625,11.732416152954102,22.269615173339844,52.95793914794922
2217,-28429.783203125,-27489.9609375,11.701055526733398,22.22821807861328,52.833152770996094
2218,-28494.484375,-26449.583984375,11.730707168579102,22.277923583984375,52.857147216796875
2219,-28310.634765625,-27407.271484375,11.725546836853027,22.260143280029297,52.79054260253906
2220,-28444.720703125,-27282.560546875,11.752385139465332,22.29358673095703,52.865665435791016
2221,-28316.2109375,-27173.02734375,11.733970642089844,22.2437686920166,52.837345123291016
2222,-28507.763671875,-27132.85546875,11.740386962890625,22.259689331054688,52.81097412109375
2223,-28369.28125,-26277.681640625,11.725428581237793,22.211456298828125,52.775291442871094
2224,-28365.509765625,-26961.53515625,11.75105094909668,22.269956588745117,52.8797607421875
2225,-28418.314453125,-26592.3125,11.737346649169922,22.240177154541016,52.787261962890625
2226,-28355.15234375,-26467.01953125,11.72040843963623,22.272823333740234,52.84668731689453
2227,-28508.63671875,-26907.625,11.72138500213623,22.3055362701416,52.87591552734375
2228,-28399.24609375,-26592.166015625,11.720396041870117,22.248472213745117,52.732521057128906
2229,-28470.400390625,-27606.375,11.745136260986328,22.292530059814453,52.77644348144531
2230,-28363.00390625,-25325.107421875,11.751084327697754,22.2918701171875,52.83842468261719
2231,-28402.07421875,-26208.875,11.727555274963379,22.23651123046875,52.75307846069336
2232,-28449.017578125,-26825.45703125,11.733591079711914,22.259281158447266,52.7816047668457
2233,-28339.99609375,-27295.1640625,11.716056823730469,22.254947662353516,52.791351318359375
2234,-28407.16015625,-27582.32421875,11.73611068725586,22.294452667236328,52.90776824951172
2235,-28418.798828125,-25390.81640625,11.74348258972168,22.254165649414062,52.77183532714844
2236,-28370.623046875,-27434.537109375,11.728982925415039,22.230680465698242,52.81065368652344
2237,-28472.349609375,-25250.755859375,11.748144149780273,22.263471603393555,52.83393859863281
2238,-28474.107421875,-25428.3046875,11.739029884338379,22.297119140625,52.94186019897461
2239,-28417.71875,-27382.517578125,11.738771438598633,22.26671028137207,52.870704650878906
2240,-28478.880859375,-26371.283203125,11.771669387817383,22.30105209350586,52.835636138916016
2241,-28426.44921875,-26884.849609375,11.753042221069336,22.279626846313477,52.87742233276367
2242,-28441.11328125,-26710.15625,11.736669540405273,22.256103515625,52.879600524902344
2243,-28387.841796875,-27064.779296875,11.721354484558105,22.21776008605957,52.75669860839844
2244,-28461.568359375,-27568.4765625,11.725762367248535,22.2735652923584,52.8736572265625
2245,-28446.125,-25720.44140625,11.738984107971191,22.292442321777344,52.86780548095703
2246,-28455.65625,-26421.7578125,11.742574691772461,22.310230255126953,52.869598388671875
2247,-28485.873046875,-27631.212890625,11.755104064941406,22.2701473236084,52.72211456298828
2248,-28488.283203125,-25972.46484375,11.747016906738281,22.26543617248535,52.78171157836914
2249,-28350.84765625,-26610.259765625,11.737404823303223,22.26775360107422,52.7828483581543
2250,-28386.037109375,-25774.130859375,11.731966972351074,22.266159057617188,52.81903839111328
2251,-28379.18359375,-26604.46875,11.742847442626953,22.27945327758789,52.841739654541016
2252,-28409.65234375,-27804.89453125,11.732474327087402,22.260902404785156,52.69340133666992
2253,-28356.599609375,-25728.01171875,11.775196075439453,22.336814880371094,52.96031951904297
2254,-28450.060546875,-27008.021484375,11.725667953491211,22.249622344970703,52.874290466308594
2255,-28431.470703125,-26034.357421875,11.77904987335205,22.324337005615234,52.92586135864258
2256,-28436.75390625,-26411.240234375,11.735197067260742,22.277450561523438,52.793304443359375
2257,-28429.509765625,-27711.498046875,11.728792190551758,22.286293029785156,52.82120132446289
2258,-28448.546875,-27618.62109375,11.744373321533203,22.265838623046875,52.698890686035156
2259,-28397.69921875,-26016.1328125,11.749217987060547,22.27792739868164,52.787940979003906
2260,-28369.080078125,-26261.486328125,11.741332054138184,22.252033233642578,52.784141540527344
2261,-28381.48046875,-27558.953125,11.745561599731445,22.30841827392578,52.84130096435547
2262,-28338.962890625,-26585.681640625,11.737250328063965,22.261837005615234,52.7965087890625
2263,-28409.833984375,-26852.02734375,11.737504959106445,22.258602142333984,52.811302185058594
2264,-28480.501953125,-27530.26953125,11.719510078430176,22.25829315185547,52.849632263183594
2265,-28396.96484375,-26396.5,11.758066177368164,22.268829345703125,52.87593078613281
2266,-28483.8671875,-27565.517578125,11.76015853881836,22.28106117248535,52.86400604248047
2267,-28476.9453125,-25507.919921875,11.730316162109375,22.261648178100586,52.830196380615234
2268,-28444.283203125,-26727.4453125,11.752986907958984,22.326744079589844,52.880550384521484
2269,-28479.35546875,-26641.701171875,11.730249404907227,22.267993927001953,52.6680908203125
2270,-28375.4921875,-25840.205078125,11.73520278930664,22.34298324584961,52.952301025390625
2271,-28383.76953125,-27231.150390625,11.743598937988281,22.324474334716797,52.91858673095703
2272,-28293.408203125,-26772.5625,11.7495698928833,22.320955276489258,52.94567108154297
2273,-28418.771484375,-26736.076171875,11.733952522277832,22.254199981689453,52.838035583496094
2274,-28452.8984375,-27574.193359375,11.762897491455078,22.262611389160156,52.77225875854492
2275,-28415.38671875,-25992.845703125,11.758963584899902,22.306407928466797,52.89127731323242
2276,-28304.697265625,-25561.056640625,11.75503921508789,22.285747528076172,52.87761306762695
2277,-28418.32421875,-25628.671875,11.763493537902832,22.29907989501953,52.87464141845703
2278,-28404.830078125,-27425.091796875,11.752057075500488,22.276103973388672,52.761661529541016
2279,-28412.892578125,-26099.8203125,11.73791217803955,22.273075103759766,52.84092330932617
2280,-28444.189453125,-25951.3046875,11.727349281311035,22.234703063964844,52.78717803955078
2281,-28478.482421875,-25462.9140625,11.743884086608887,22.285829544067383,52.783226013183594
2282,-28363.626953125,-26477.595703125,11.759513854980469,22.294742584228516,52.80059814453125
2283,-28340.345703125,-27678.57421875,11.748433113098145,22.32853126525879,52.891075134277344
2284,-28480.052734375,-27475.3125,11.759248733520508,22.339069366455078,52.913841247558594
2285,-28440.056640625,-27823.27734375,11.778057098388672,22.31886100769043,52.860633850097656
2286,-28514.302734375,-26364.5078125,11.753328323364258,22.257282257080078,52.81884002685547
2287,-28469.81640625,-27237.466796875,11.742006301879883,22.259296417236328,52.8603515625
2288,-28483.6875,-25769.671875,11.742887496948242,22.249553680419922,52.823604583740234
2289,-28404.53125,-26136.275390625,11.751463890075684,22.271892547607422,52.84358215332031
2290,-28419.580078125,-26995.52734375,11.747365951538086,22.263648986816406,52.82032775878906
2291,-28472.67578125,-25493.64453125,11.761771202087402,22.297828674316406,52.78241729736328
2292,-28465.359375,-26216.751953125,11.734149932861328,22.270374298095703,52.82414245605469
2293,-28499.357421875,-25827.021484375,11.740852355957031,22.284343719482422,52.887977600097656
2294,-28428.435546875,-27452.10546875,11.75190544128418,22.28074836730957,52.86329650878906
2295,-28484.9765625,-27232.986328125,11.749168395996094,22.276914596557617,52.87867736816406
2296,-28396.443359375,-26522.576171875,11.758038520812988,22.27414321899414,52.73258972167969
2297,-28453.21484375,-26260.998046875,11.749849319458008,22.263229370117188,52.74699401855469
2298,-28453.203125,-26746.681640625,11.743379592895508,22.283653259277344,52.873477935791016
2299,-28431.03125,-26853.0078125,11.743258476257324,22.26470184326172,52.85441589355469
2300,-28480.1171875,-26166.310546875,11.751399993896484,22.2670841217041,52.842926025390625
2301,-28395.1875,-26851.91015625,11.762885093688965,22.27245330810547,52.84600830078125
2302,-28428.212890625,-26308.58203125,11.756460189819336,22.272592544555664,52.82880783081055
2303,-28410.544921875,-26225.541015625,11.75670337677002,22.310205459594727,52.914955139160156
2304,-28474.310546875,-27586.998046875,11.762042045593262,22.303119659423828,52.90138244628906
2305,-28490.423828125,-27563.46875,11.768226623535156,22.320987701416016,52.862220764160156
2306,-28410.71484375,-26948.986328125,11.75663948059082,22.278926849365234,52.843231201171875
2307,-28402.751953125,-26424.91796875,11.768107414245605,22.30310821533203,52.81327438354492
2308,-28483.5625,-27135.806640625,11.750539779663086,22.264175415039062,52.714805603027344
2309,-28481.65234375,-24878.40234375,11.765812873840332,22.294551849365234,52.818321228027344
2310,-28378.896484375,-27176.357421875,11.732295036315918,22.26910400390625,52.79289245605469
2311,-28486.501953125,-27170.87890625,11.77521800994873,22.319705963134766,52.8050537109375
2312,-28386.044921875,-26902.2734375,11.776180267333984,22.323062896728516,52.87164306640625
2313,-28405.552734375,-26092.29296875,11.750467300415039,22.302753448486328,52.85092544555664
2314,-28490.89453125,-26406.39453125,11.746865272521973,22.296520233154297,52.805572509765625
2315,-28444.17578125,-26797.466796875,11.764275550842285,22.312549591064453,52.85660171508789
2316,-28455.224609375,-27455.96875,11.774349212646484,22.323810577392578,52.92156982421875
2317,-28405.439453125,-26949.396484375,11.733296394348145,22.240764617919922,52.77764129638672
2318,-28311.533203125,-27327.44921875,11.744871139526367,22.276153564453125,52.84832000732422
2319,-28432.138671875,-27084.962890625,11.753735542297363,22.278297424316406,52.80226135253906
2320,-28394.2109375,-25615.177734375,11.749162673950195,22.257400512695312,52.78681182861328
2321,-28527.76953125,-27295.384765625,11.761711120605469,22.277585983276367,52.77505874633789
2322,-28508.76171875,-25746.435546875,11.75101375579834,22.280193328857422,52.82068634033203
2323,-28581.38671875,-27041.62109375,11.762029647827148,22.308927536010742,52.845062255859375
2324,-28421.712890625,-26957.892578125,11.751670837402344,22.30290985107422,52.874290466308594
2325,-28512.640625,-27287.3203125,11.748442649841309,22.318851470947266,52.94132995605469
2326,-28532.041015625,-26277.587890625,11.759723663330078,22.326847076416016,52.9332389831543
2327,-28420.646484375,-25884.4140625,11.746044158935547,22.26942253112793,52.73438262939453
2328,-28443.904296875,-26913.251953125,11.77845573425293,22.306100845336914,52.882080078125
2329,-28493.90234375,-27171.025390625,11.793594360351562,22.33021354675293,52.83906555175781
2330,-28412.078125,-27443.669921875,11.749712944030762,22.28622055053711,52.838890075683594
2331,-28410.28125,-27189.666015625,11.769925117492676,22.326759338378906,52.94723892211914
2332,-28519.357421875,-26309.609375,11.75888729095459,22.30655288696289,52.84523010253906
2333,-28411.390625,-26683.494140625,11.77231216430664,22.300003051757812,52.8021240234375
2334,-28461.443359375,-26997.94140625,11.781106948852539,22.285810470581055,52.88047790527344
2335,-28513.703125,-26773.935546875,11.759967803955078,22.289676666259766,52.857540130615234
2336,-28444.537109375,-25441.56640625,11.758728981018066,22.272226333618164,52.806556701660156
2337,-28479.037109375,-27272.498046875,11.796745300292969,22.328048706054688,52.837223052978516
2338,-28425.06640625,-27223.87109375,11.772403717041016,22.282638549804688,52.75751495361328
2339,-28460.375,-26592.34765625,11.782261848449707,22.314102172851562,52.88438415527344
2340,-28533.11328125,-27236.783203125,11.772954940795898,22.31753158569336,52.955204010009766
2341,-28498.234375,-26872.8125,11.775050163269043,22.324825286865234,52.952491760253906
2342,-28469.728515625,-26901.119140625,11.739412307739258,22.279396057128906,52.848079681396484
2343,-28546.537109375,-25288.728515625,11.783468246459961,22.327255249023438,52.857566833496094
2344,-28417.072265625,-26052.06640625,11.787660598754883,22.3631591796875,52.83366394042969
2345,-28494.306640625,-27086.853515625,11.782526969909668,22.350507736206055,52.88758850097656
2346,-28444.865234375,-26668.45703125,11.768619537353516,22.32177734375,52.885345458984375
2347,-28504.1328125,-27673.498046875,11.783803939819336,22.30875015258789,52.79112243652344
2348,-28500.603515625,-26762.89453125,11.782304763793945,22.30689239501953,52.870155334472656
2349,-28488.431640625,-27449.810546875,11.765624046325684,22.29507064819336,52.80583953857422
2350,-28494.9453125,-26385.892578125,11.775312423706055,22.332828521728516,52.83662414550781
2351,-28521.65625,-26690.283203125,11.757165908813477,22.314977645874023,52.849666595458984
2352,-28445.265625,-25156.400390625,11.768978118896484,22.264129638671875,52.713375091552734
2353,-28425.654296875,-27119.40234375,11.75855541229248,22.25897216796875,52.797637939453125
2354,-28499.328125,-27617.3984375,11.767383575439453,22.30105209350586,52.82377624511719
2355,-28535.408203125,-27188.46484375,11.763751983642578,22.29804801940918,52.761783599853516
2356,-28516.27734375,-26323.90625,11.780006408691406,22.334291458129883,52.88090515136719
2357,-28443.02734375,-26860.8203125,11.801612854003906,22.354713439941406,52.96072006225586
2358,-28533.958984375,-26748.830078125,11.757789611816406,22.315753936767578,52.87966537475586
2359,-28444.42578125,-25269.037109375,11.765560150146484,22.311458587646484,52.805084228515625
2360,-28492.26953125,-25610.826171875,11.785720825195312,22.33002281188965,52.81785583496094
2361,-28441.41796875,-27515.693359375,11.756794929504395,22.268508911132812,52.805084228515625
2362,-28512.978515625,-25064.119140625,11.766096115112305,22.31667709350586,52.89308166503906
2363,-28418.09375,-26283.86328125,11.777109146118164,22.318565368652344,52.75563049316406
2364,-28443.658203125,-26432.94921875,11.785572052001953,22.33892822265625,52.842918395996094
2365,-28497.40234375,-27151.970703125,11.791608810424805,22.296184539794922,52.814292907714844
2366,-28499.033203125,-27376.103515625,11.773125648498535,22.265653610229492,52.815128326416016
2367,-28559.705078125,-26441.6875,11.789440155029297,22.31658172607422,52.88008117675781
2368,-28513.51953125,-26831.521484375,11.760356903076172,22.284624099731445,52.82806396484375
2369,-28426.388671875,-27167.8125,11.770025253295898,22.31405258178711,52.76068115234375
2370,-28439.701171875,-26448.41015625,11.748931884765625,22.302963256835938,52.8726921081543
2371,-28524.7421875,-26117.38671875,11.785440444946289,22.34695816040039,52.915435791015625
2372,-28435.095703125,-25795.998046875,11.777593612670898,22.297306060791016,52.76622009277344
2373,-28395.1953125,-25698.466796875,11.7833833694458,22.316925048828125,52.841697692871094
2374,-28517.8515625,-27382.037109375,11.747764587402344,22.273576736450195,52.90797424316406
2375,-28510.951171875,-26747.97265625,11.770476341247559,22.294464111328125,52.899688720703125
2376,-28593.734375,-25821.763671875,11.745044708251953,22.270769119262695,52.893856048583984
2377,-28485.70703125,-26216.2578125,11.776700973510742,22.310298919677734,52.88041305541992
2378,-28450.48046875,-27607.328125,11.786849021911621,22.299182891845703,52.84682846069336
2379,-28445.677734375,-26947.8125,11.780525207519531,22.30106544494629,52.90055465698242
2380,-28542.15234375,-27076.14453125,11.785139083862305,22.315181732177734,52.901092529296875
2381,-28493.587890625,-27250.89453125,11.75649642944336,22.278717041015625,52.85724639892578
2382,-28601.73828125,-26341.630859375,11.767626762390137,22.277971267700195,52.7752685546875
2383,-28436.2421875,-25950.35546875,11.792267799377441,22.319124221801758,52.79270935058594
2384,-28512.30859375,-27142.189453125,11.768186569213867,22.287532806396484,52.756046295166016
2385,-28439.177734375,-26521.115234375,11.78164291381836,22.335739135742188,52.84586715698242
2386,-28485.412109375,-26407.609375,11.778611183166504,22.31610870361328,52.760948181152344
2387,-28531.34765625,-26700.625,11.78371810913086,22.322744369506836,52.79058074951172
2388,-28479.58203125,-26357.505859375,11.799760818481445,22.313037872314453,52.82762145996094
2389,-28426.673828125,-26678.9765625,11.767024040222168,22.31261444091797,52.862186431884766
2390,-28475.013671875,-26626.490234375,11.766369819641113,22.32233428955078,52.77177429199219
2391,-28512.9453125,-26567.283203125,11.762943267822266,22.304691314697266,52.762786865234375
2392,-28483.818359375,-27606.939453125,11.75616455078125,22.310012817382812,52.8636474609375
2393,-28528.88671875,-26763.615234375,11.77707576751709,22.347230911254883,52.937034606933594
2394,-28599.71484375,-25839.654296875,11.772001266479492,22.330501556396484,52.820411682128906
2395,-28520.947265625,-27221.7421875,11.78994083404541,22.33536148071289,52.843994140625
2396,-28472.375,-25822.1484375,11.765411376953125,22.297313690185547,52.83808135986328
2397,-28572.845703125,-26373.025390625,11.773250579833984,22.337852478027344,52.82701110839844
2398,-28559.18359375,-26066.009765625,11.767687797546387,22.330137252807617,52.80156707763672
2399,-28445.58984375,-27377.00390625,11.785745620727539,22.329933166503906,52.84217071533203
2400,-28422.134765625,-27381.578125,11.811914443969727,22.336963653564453,52.871978759765625
2401,-28657.408203125,-27386.318359375,11.773164749145508,22.283432006835938,52.74543380737305
2402,-28453.240234375,-27639.95703125,11.805782318115234,22.319591522216797,52.69873046875
2403,-28477.818359375,-26039.611328125,11.763012886047363,22.3170166015625,52.86210632324219
2404,-28537.740234375,-26148.328125,11.768537521362305,22.31098175048828,52.82706832885742
2405,-28520.150390625,-26801.322265625,11.783905029296875,22.309213638305664,52.8973388671875
2406,-28507.0390625,-27264.8046875,11.79006576538086,22.328556060791016,52.85303497314453
2407,-28545.279296875,-27053.580078125,11.782828330993652,22.3309326171875,52.86892318725586
2408,-28521.1640625,-27143.201171875,11.768695831298828,22.289485931396484,52.76994705200195
2409,-28484.330078125,-26774.302734375,11.80162525177002,22.34143829345703,52.78553009033203
2410,-28576.40234375,-26908.22265625,11.7791109085083,22.314891815185547,52.81396484375
2411,-28508.45703125,-26123.400390625,11.766058921813965,22.27025604248047,52.78955841064453
2412,-28531.90234375,-25066.310546875,11.774991989135742,22.287704467773438,52.784156799316406
2413,-28500.119140625,-26973.1015625,11.780101776123047,22.324064254760742,52.90924072265625
2414,-28631.306640625,-26200.01953125,11.790166854858398,22.31930923461914,52.87330627441406
2415,-28448.080078125,-26957.71484375,11.775409698486328,22.309968948364258,52.858802795410156
2416,-28470.84375,-26614.923828125,11.757953643798828,22.29097557067871,52.786376953125
2417,-28496.509765625,-26485.24609375,11.769432067871094,22.3229923248291,52.813194274902344
2418,-28578.685546875,-26664.408203125,11.755708694458008,22.320396423339844,52.87848663330078
2419,-28486.658203125,-27733.083984375,11.785816192626953,22.344886779785156,52.776039123535156
2420,-28426.361328125,-27484.265625,11.792585372924805,22.321596145629883,52.77487564086914
2421,-28490.8984375,-26213.193359375,11.784431457519531,22.29657745361328,52.740966796875
2422,-28561.583984375,-27045.517578125,11.81113338470459,22.343658447265625,52.91559600830078
2423,-28635.734375,-27100.544921875,11.785520553588867,22.310121536254883,52.843849182128906
2424,-28552.125,-26146.533203125,11.803862571716309,22.348304748535156,52.794124603271484
2425,-28466.82421875,-27556.72265625,11.79839038848877,22.35993194580078,52.89189147949219
2426,-28552.791015625,-25433.916015625,11.798164367675781,22.351696014404297,52.91822814941406
2427,-28427.400390625,-25470.7578125,11.768582344055176,22.31135368347168,52.85050964355469
2428,-28525.46484375,-26880.72265625,11.772857666015625,22.29241180419922,52.72151565551758
2429,-28507.189453125,-25612.08203125,11.790151596069336,22.304719924926758,52.78508758544922
2430,-28571.68359375,-27292.7734375,11.791349411010742,22.339332580566406,52.865882873535156
2431,-28427.26171875,-26812.46875,11.80820083618164,22.33763313293457,52.86572265625
2432,-28541.158203125,-26954.0859375,11.787120819091797,22.318988800048828,52.898338317871094
2433,-28533.640625,-26254.509765625,11.802006721496582,22.324108123779297,52.92815399169922
2434,-28550.287109375,-27068.375,11.766071319580078,22.295385360717773,52.822998046875
2435,-28576.333984375,-27375.478515625,11.811270713806152,22.342952728271484,52.841156005859375
2436,-28441.599609375,-26243.390625,11.783276557922363,22.2730712890625,52.72274398803711
2437,-28588.591796875,-27075.55859375,11.787251472473145,22.264537811279297,52.76405334472656
2438,-28510.43359375,-27286.755859375,11.78752613067627,22.323123931884766,52.90620422363281
2439,-28579.646484375,-26139.330078125,11.801396369934082,22.36545181274414,52.894752502441406
2440,-28588.8828125,-26941.2890625,11.781828880310059,22.34317970275879,52.90971755981445
2441,-28474.095703125,-25083.89453125,11.802742004394531,22.343063354492188,52.90647888183594
2442,-28526.572265625,-26916.4609375,11.792816162109375,22.30817222595215,52.74757385253906
2443,-28518.48828125,-27190.892578125,11.797956466674805,22.319116592407227,52.80080032348633
2444,-28580.80859375,-26885.421875,11.800844192504883,22.341266632080078,52.805625915527344
2445,-28446.4296875,-27484.2734375,11.791465759277344,22.3273868560791,52.769859313964844
2446,-28594.69921875,-27148.7734375,11.791048049926758,22.337331771850586,52.86899185180664
2447,-28508.474609375,-26712.85546875,11.801973342895508,22.326885223388672,52.871116638183594
2448,-28528.400390625,-25305.904296875,11.793713569641113,22.331056594848633,52.933128356933594
2449,-28570.228515625,-26119.87890625,11.805770874023438,22.28435707092285,52.730384826660156
2450,-28520.40625,-26787.716796875,11.781652450561523,22.28673553466797,52.81214904785156
2451,-28523.685546875,-27361.291015625,11.764947891235352,22.25448226928711,52.76038360595703
2452,-28521.453125,-25884.279296875,11.783039093017578,22.30706024169922,52.836795806884766
2453,-28496.396484375,-27198.3671875,11.768634796142578,22.296680450439453,52.8095588684082
2454,-28572.064453125,-25816.119140625,11.784440994262695,22.325319290161133,52.86662292480469
2455,-28510.83984375,-26153.443359375,11.777825355529785,22.339683532714844,52.8619384765625
2456,-28568.19140625,-27038.830078125,11.775991439819336,22.314077377319336,52.72089767456055
2457,-28520.9375,-26003.19921875,11.784416198730469,22.34075927734375,52.909873962402344
2458,-28490.130859375,-27276.537109375,11.776884078979492,22.32497787475586,52.88660430908203
2459,-28558.88671875,-27617.556640625,11.801213264465332,22.343944549560547,52.890235900878906
2460,-28545.181640625,-27758.68359375,11.81042766571045,22.339157104492188,52.88559341430664
2461,-28565.072265625,-26072.13671875,11.815650939941406,22.361251831054688,52.950347900390625
2462,-28467.365234375,-26240.80859375,11.815290451049805,22.31790542602539,52.8709602355957
2463,-28524.021484375,-26607.345703125,11.796699523925781,22.30664825439453,52.856910705566406
2464,-28558.4296875,-27286.220703125,11.813576698303223,22.33025360107422,52.93712615966797
2465,-28479.845703125,-25974.28515625,11.794689178466797,22.276290893554688,52.807395935058594
2466,-28559.16015625,-26455.546875,11.79130744934082,22.340824127197266,52.950584411621094
2467,-28595.392578125,-26735.544921875,11.794015884399414,22.321273803710938,52.732688903808594
2468,-28503.90625,-26986.02734375,11.833388328552246,22.386579513549805,52.870574951171875
2469,-28501.77734375,-27644.146484375,11.818367958068848,22.35455322265625,52.83797073364258
2470,-28527.19140625,-26712.994140625,11.815834999084473,22.368850708007812,52.767234802246094
2471,-28591.046875,-27671.875,11.785114288330078,22.37065887451172,52.85501480102539
2472,-28526.984375,-27708.541015625,11.7808837890625,22.382604598999023,52.81049346923828
2473,-28526.25,-27128.27734375,11.818169593811035,22.399585723876953,52.82294464111328
2474,-28596.16015625,-26476.4609375,11.779413223266602,22.34429931640625,52.78502655029297
2475,-28541.05859375,-24871.447265625,11.808097839355469,22.372589111328125,52.858333587646484
2476,-28532.669921875,-26612.517578125,11.815858840942383,22.404094696044922,52.79584503173828
2477,-28520.548828125,-27377.240234375,11.814615249633789,22.412681579589844,52.809898376464844
2478,-28533.552734375,-26931.65234375,11.81257438659668,22.39188003540039,52.77699279785156
2479,-28497.37890625,-27114.5390625,11.805959701538086,22.403413772583008,52.86867141723633
2480,-28534.083984375,-25724.93359375,11.781539916992188,22.396726608276367,52.861656188964844
2481,-28571.84765625,-25867.15234375,11.811872482299805,22.394657135009766,52.768150329589844
2482,-28589.341796875,-27350.6953125,11.77408504486084,22.33310317993164,52.73204040527344
2483,-28620.57421875,-26761.912109375,11.808622360229492,22.36373519897461,52.839054107666016
2484,-28585.720703125,-25860.875,11.812767028808594,22.365673065185547,52.78532409667969
2485,-28585.4921875,-26137.734375,11.809383392333984,22.36660385131836,52.83776092529297
2486,-28497.521484375,-26707.146484375,11.795797348022461,22.35812759399414,52.79365539550781
2487,-28619.443359375,-27833.740234375,11.808650016784668,22.343406677246094,52.78310775756836
2488,-28496.927734375,-26839.623046875,11.791178703308105,22.32581329345703,52.795249938964844
2489,-28602.830078125,-26525.78515625,11.795894622802734,22.337242126464844,52.79273986816406
2490,-28550.134765625,-25489.65234375,11.805291175842285,22.350200653076172,52.87389373779297
2491,-28459.603515625,-27061.724609375,11.789178848266602,22.35396957397461,52.86907958984375
2492,-28464.95703125,-27345.99609375,11.784053802490234,22.347761154174805,52.81513214111328
2493,-28623.205078125,-26382.8515625,11.817329406738281,22.34748077392578,52.74010467529297
2494,-28530.064453125,-26685.9765625,11.785748481750488,22.32015609741211,52.72445297241211
2495,-28508.76171875,-25715.1953125,11.830249786376953,22.376712799072266,52.83009719848633
2496,-28620.330078125,-27560.771484375,11.792344093322754,22.325054168701172,52.71464157104492
2497,-28472.31640625,-26206.0390625,11.793569564819336,22.339763641357422,52.82868194580078
2498,-28552.27734375,-27369.201171875,11.796525955200195,22.368053436279297,52.85213851928711
2499,-28597.9921875,-27055.26953125,11.812650680541992,22.37481117248535,52.78400421142578
2500,-28560.294921875,-26913.744140625,11.789300918579102,22.32544708251953,52.74158477783203
2501,-28518.38671875,-27145.791015625,11.80996322631836,22.322078704833984,52.86254119873047
2502,-28636.322265625,-26214.390625,11.793146133422852,22.305030822753906,52.74072265625
2503,-28550.189453125,-27145.072265625,11.79649829864502,22.325462341308594,52.750850677490234
2504,-28529.158203125,-25949.767578125,11.793344497680664,22.34210777282715,52.74409103393555
2505,-28513.869140625,-25997.05859375,11.824007987976074,22.370872497558594,52.77678680419922
2506,-28583.751953125,-26687.712890625,11.819257736206055,22.36749839782715,52.86707305908203
2507,-28598.283203125,-27940.47265625,11.784746170043945,22.325040817260742,52.83476257324219
2508,-28485.01953125,-27006.955078125,11.792871475219727,22.301658630371094,52.72085189819336
2509,-28591.96875,-27415.853515625,11.79875659942627,22.329694747924805,52.823848724365234
2510,-28550.814453125,-27649.482421875,11.799583435058594,22.340803146362305,52.80852127075195
2511,-28600.962890625,-25754.193359375,11.79370403289795,22.340919494628906,52.812530517578125
2512,-28624.19140625,-25045.875,11.802396774291992,22.368663787841797,52.756141662597656
2513,-28571.880859375,-26680.400390625,11.801478385925293,22.348020553588867,52.72871780395508
2514,-28611.0,-27251.046875,11.78200912475586,22.355560302734375,52.77251434326172
2515,-28639.306640625,-25969.408203125,11.815214157104492,22.38986587524414,52.823936462402344
2516,-28596.046875,-26451.62109375,11.815733909606934,22.387590408325195,52.73486328125
2517,-28547.61328125,-26523.1875,11.80327320098877,22.388404846191406,52.91082000732422
2518,-28520.705078125,-27572.615234375,11.800621032714844,22.360382080078125,52.79970169067383
2519,-28613.20703125,-26526.396484375,11.79908561706543,22.350263595581055,52.75566864013672
2520,-28718.87890625,-27169.71484375,11.805801391601562,22.355823516845703,52.82435989379883
2521,-28489.666015625,-26760.017578125,11.830389976501465,22.358261108398438,52.79344940185547
2522,-28435.072265625,-26378.892578125,11.812318801879883,22.298526763916016,52.798988342285156
2523,-28594.783203125,-26708.974609375,11.813087463378906,22.288469314575195,52.77330780029297
2524,-28543.2890625,-25743.93359375,11.818496704101562,22.33313751220703,52.854515075683594
2525,-28594.2734375,-26501.71875,11.824888229370117,22.365394592285156,52.840415954589844
2526,-28574.646484375,-26941.994140625,11.801508903503418,22.324928283691406,52.69823455810547
2527,-28594.833984375,-26932.958984375,11.793121337890625,22.339828491210938,52.79529571533203
2528,-28550.384765625,-27335.048828125,11.793676376342773,22.341794967651367,52.79220962524414
2529,-28646.267578125,-27736.43359375,11.807809829711914,22.34000015258789,52.75888442993164
2530,-28654.921875,-27132.533203125,11.810815811157227,22.382143020629883,52.806068420410156
2531,-28567.884765625,-25811.044921875,11.802870750427246,22.35498809814453,52.7589111328125
2532,-28684.896484375,-27798.5,11.80477237701416,22.343734741210938,52.69647216796875
2533,-28590.505859375,-26164.171875,11.809242248535156,22.377506256103516,52.792213439941406
2534,-28565.109375,-27522.14453125,11.780990600585938,22.336971282958984,52.72154235839844
2535,-28575.724609375,-27134.787109375,11.827579498291016,22.371822357177734,52.84375
2536,-28587.677734375,-25638.115234375,11.794960975646973,22.310909271240234,52.71728515625
2537,-28518.470703125,-26388.841796875,11.786678314208984,22.337099075317383,52.74818801879883
2538,-28558.845703125,-27353.8359375,11.819660186767578,22.379730224609375,52.86467742919922
2539,-28558.625,-26966.791015625,11.838523864746094,22.413043975830078,52.89617156982422
2540,-28526.876953125,-27521.794921875,11.77794075012207,22.33563995361328,52.75392532348633
2541,-28653.099609375,-25126.64453125,11.812620162963867,22.41571044921875,52.814998626708984
2542,-28540.943359375,-26093.55078125,11.80813980102539,22.40509033203125,52.768367767333984
2543,-28569.193359375,-27299.576171875,11.811765670776367,22.377727508544922,52.78623962402344
2544,-28587.271484375,-27281.361328125,11.799226760864258,22.38109588623047,52.78519058227539
2545,-28590.333984375,-27194.5390625,11.793731689453125,22.35301971435547,52.79753494262695
2546,-28545.58984375,-25647.0078125,11.811047554016113,22.34980010986328,52.76994323730469
2547,-28600.970703125,-25524.84375,11.812944412231445,22.34630012512207,52.851341247558594
2548,-28509.546875,-25954.865234375,11.824716567993164,22.362525939941406,52.88135528564453
2549,-28595.28515625,-26022.822265625,11.808243751525879,22.312671661376953,52.793025970458984
2550,-28581.982421875,-27348.205078125,11.81798267364502,22.342609405517578,52.772125244140625
2551,-28603.96484375,-27445.16015625,11.815061569213867,22.318683624267578,52.78274917602539
2552,-28575.521484375,-26589.158203125,11.828007698059082,22.354976654052734,52.795406341552734
2553,-28612.732421875,-27560.56640625,11.821268081665039,22.352506637573242,52.72545623779297
2554,-28568.32421875,-27603.9765625,11.806249618530273,22.338834762573242,52.70206069946289
2555,-28592.591796875,-26192.33203125,11.849967002868652,22.410036087036133,52.86717224121094
2556,-28539.830078125,-27327.189453125,11.828105926513672,22.359188079833984,52.73591232299805
2557,-28596.76953125,-27571.888671875,11.819565773010254,22.352188110351562,52.731075286865234
2558,-28569.7734375,-27650.947265625,11.831253051757812,22.368505477905273,52.80514907836914
2559,-28647.884765625,-26653.98046875,11.827282905578613,22.37955093383789,52.83687973022461
2560,-28538.779296875,-26435.029296875,11.814502716064453,22.3690185546875,52.810062408447266
2561,-28582.998046875,-26442.7734375,11.801359176635742,22.353233337402344,52.74811935424805
2562,-28544.375,-27247.71484375,11.806447982788086,22.363712310791016,52.86994171142578
2563,-28546.37890625,-27462.6953125,11.839197158813477,22.352405548095703,52.75593566894531
2564,-28670.876953125,-26076.666015625,11.82210922241211,22.33462142944336,52.800682067871094
2565,-28561.38671875,-26279.330078125,11.811538696289062,22.322189331054688,52.81993103027344
2566,-28748.853515625,-25853.984375,11.803685188293457,22.334060668945312,52.81199264526367
2567,-28564.263671875,-27544.625,11.80682373046875,22.360401153564453,52.880531311035156
2568,-28634.833984375,-27375.43359375,11.809529304504395,22.38545036315918,52.793025970458984
2569,-28607.412109375,-25878.759765625,11.798609733581543,22.39232635498047,52.830467224121094
2570,-28648.60546875,-27272.1640625,11.807855606079102,22.406871795654297,52.851722717285156
2571,-28651.19921875,-26131.0859375,11.834358215332031,22.419986724853516,52.82434844970703
2572,-28663.451171875,-26676.931640625,11.844000816345215,22.42550277709961,52.79583740234375
2573,-28565.4609375,-27454.07421875,11.79069995880127,22.357051849365234,52.774688720703125
2574,-28553.017578125,-27044.91015625,11.812479972839355,22.374059677124023,52.76921463012695
2575,-28609.474609375,-26411.734375,11.813302040100098,22.3653564453125,52.759986877441406
2576,-28609.75390625,-26289.78125,11.807392120361328,22.38058090209961,52.89936447143555
2577,-28616.349609375,-26468.03125,11.814236640930176,22.367267608642578,52.79404830932617
2578,-28546.61328125,-27312.212890625,11.80453109741211,22.33150863647461,52.684234619140625
2579,-28619.384765625,-26459.482421875,11.806057929992676,22.371963500976562,52.77766036987305
2580,-28592.921875,-26686.177734375,11.778383255004883,22.332508087158203,52.72626495361328
2581,-28655.34375,-27090.736328125,11.80832290649414,22.389251708984375,52.76368713378906
2582,-28612.3125,-27689.79296875,11.804845809936523,22.344375610351562,52.695533752441406
2583,-28655.099609375,-26740.62109375,11.81439208984375,22.35894012451172,52.764686584472656
2584,-28576.69921875,-25509.876953125,11.798271179199219,22.344318389892578,52.721031188964844
2585,-28609.9609375,-25885.064453125,11.811139106750488,22.353525161743164,52.68257141113281
2586,-28580.46875,-25794.587890625,11.792746543884277,22.318645477294922,52.69829559326172
2587,-28623.52734375,-27510.60546875,11.815113067626953,22.355121612548828,52.849693298339844
2588,-28593.138671875,-27449.509765625,11.774855613708496,22.306358337402344,52.81731414794922
2589,-28267.767578125,-25415.767578125,11.78881549835205,22.295637130737305,52.58576202392578
2590,-27919.212890625,-25504.87890625,11.83647346496582,22.337772369384766,52.785606384277344
2591,-28373.041015625,-26468.53125,11.832054138183594,22.330699920654297,52.80889892578125
2592,-28417.23828125,-26008.013671875,11.83523941040039,22.339431762695312,52.832122802734375
2593,-28494.423828125,-25744.46875,11.810864448547363,22.29761505126953,52.71669006347656
2594,-28460.869140625,-27195.80078125,11.829671859741211,22.360525131225586,52.751319885253906
2595,-28501.0234375,-26290.970703125,11.792380332946777,22.326549530029297,52.75164794921875
2596,-28563.599609375,-27227.1328125,11.835230827331543,22.392946243286133,52.821929931640625
2597,-28472.123046875,-26119.84765625,11.823790550231934,22.39691734313965,52.7762451171875
2598,-28517.591796875,-27201.84375,11.825258255004883,22.40443992614746,52.72726058959961
2599,-28504.41015625,-26219.9375,11.802711486816406,22.36581802368164,52.732662200927734
2600,-28663.76953125,-26792.041015625,11.839895248413086,22.38336944580078,52.71406936645508
2601,-28609.40234375,-25696.119140625,11.823869705200195,22.341577529907227,52.736671447753906
2602,-28574.056640625,-27058.55078125,11.82349967956543,22.344074249267578,52.87607192993164
2603,-28612.990234375,-25768.314453125,11.826814651489258,22.302444458007812,52.687828063964844
2604,-28572.416015625,-27295.828125,11.825995445251465,22.292720794677734,52.68866729736328
2605,-28630.2578125,-25388.3359375,11.865128517150879,22.38226318359375,52.79483413696289
2606,-28569.83984375,-27695.515625,11.80710220336914,22.374813079833984,52.752159118652344
2607,-28577.322265625,-26315.626953125,11.816622734069824,22.374574661254883,52.735572814941406
2608,-28600.2734375,-27339.912109375,11.82321548461914,22.389793395996094,52.75807189941406
2609,-28600.587890625,-26815.951171875,11.821898460388184,22.376014709472656,52.74745178222656
2610,-28659.330078125,-26903.71875,11.823029518127441,22.39751434326172,52.79766845703125
2611,-28514.38671875,-26276.8515625,11.816699981689453,22.37973403930664,52.76258850097656
2612,-28644.447265625,-26632.638671875,11.83145809173584,22.35165786743164,52.692718505859375
2613,-28520.35546875,-27007.2421875,11.84957504272461,22.400867462158203,52.80752944946289
2614,-28537.072265625,-26056.080078125,11.845917701721191,22.433406829833984,52.87751007080078
2615,-28572.228515625,-27345.296875,11.830938339233398,22.375932693481445,52.72245788574219
2616,-28641.57421875,-25226.80078125,11.843526840209961,22.40249252319336,52.89545440673828
2617,-28590.861328125,-26635.06640625,11.81983470916748,22.37108612060547,52.845924377441406
2618,-28539.103515625,-25590.796875,11.821596145629883,22.370328903198242,52.87232971191406
2619,-28269.9140625,-26451.009765625,11.821834564208984,22.284374237060547,52.744529724121094
2620,-28375.166015625,-26092.0625,11.868459701538086,22.315670013427734,52.78816223144531
2621,-28549.830078125,-26420.36328125,11.828900337219238,22.278697967529297,52.67546081542969
2622,-28486.630859375,-26451.798828125,11.821601867675781,22.326923370361328,52.79335021972656
2623,-28592.4453125,-27482.736328125,11.831703186035156,22.361909866333008,52.748748779296875
2624,-28573.890625,-27390.232421875,11.853129386901855,22.385879516601562,52.767311096191406
2625,-28554.078125,-27080.65234375,11.825631141662598,22.337297439575195,52.686851501464844
2626,-28548.388671875,-27359.240234375,11.825029373168945,22.34404182434082,52.708553314208984
2627,-28678.013671875,-27444.44921875,11.806634902954102,22.318584442138672,52.667991638183594
2628,-28600.787109375,-27526.24609375,11.838094711303711,22.36069107055664,52.71491241455078
2629,-28526.248046875,-26667.685546875,11.841456413269043,22.414583206176758,52.874786376953125
2630,-28571.853515625,-25770.68359375,11.83345890045166,22.403629302978516,52.80385971069336
2631,-28630.96484375,-26762.55859375,11.81576156616211,22.373517990112305,52.84270477294922
2632,-28521.0234375,-26765.33203125,11.832807540893555,22.34480094909668,52.709197998046875
2633,-28629.734375,-26289.35546875,11.842288970947266,22.40254783630371,52.95240020751953
2634,-28568.75390625,-27290.671875,11.823704719543457,22.365413665771484,52.84107971191406
2635,-28577.400390625,-26326.45703125,11.812309265136719,22.324920654296875,52.65016174316406
2636,-28674.193359375,-26063.203125,11.825967788696289,22.374177932739258,52.76797103881836
2637,-28716.55078125,-26861.474609375,11.829888343811035,22.42498779296875,52.873409271240234
2638,-28592.55078125,-26834.935546875,11.831232070922852,22.39891815185547,52.77643585205078
2639,-28591.98828125,-26460.291015625,11.832834243774414,22.396240234375,52.734527587890625
2640,-28592.970703125,-25440.828125,11.839083671569824,22.422115325927734,52.898799896240234
2641,-28628.1328125,-27395.8984375,11.830087661743164,22.39434814453125,52.80517578125
2642,-28574.35546875,-26329.98828125,11.833930015563965,22.428543090820312,52.85829162597656
2643,-28661.501953125,-26794.751953125,11.815171241760254,22.402000427246094,52.79578399658203
2644,-28664.876953125,-27719.287109375,11.82409954071045,22.3841552734375,52.674537658691406
2645,-28590.251953125,-27154.21875,11.799199104309082,22.406673431396484,52.70970153808594
2646,-28515.4453125,-26102.279296875,11.83089828491211,22.423667907714844,52.842037200927734
2647,-28562.470703125,-26445.876953125,11.85322380065918,22.39057159423828,52.766998291015625
2648,-28623.0703125,-25475.326171875,11.841147422790527,22.3663330078125,52.73564529418945
2649,-28678.15625,-25910.380859375,11.844496726989746,22.399038314819336,52.77313232421875
2650,-28698.138671875,-27745.595703125,11.85676383972168,22.417987823486328,52.79521942138672
2651,-28671.505859375,-26145.787109375,11.819550514221191,22.393728256225586,52.77912521362305
2652,-28634.955078125,-26830.908203125,11.84008502960205,22.406803131103516,52.74761962890625
2653,-28614.08203125,-26592.595703125,11.848361015319824,22.398544311523438,52.745540618896484
2654,-28686.408203125,-26090.099609375,11.852826118469238,22.375442504882812,52.727867126464844
2655,-28736.18359375,-26698.185546875,11.826744079589844,22.381309509277344,52.765296936035156
2656,-28522.390625,-26208.626953125,11.829004287719727,22.404598236083984,52.77787399291992
2657,-28701.326171875,-26993.53515625,11.810861587524414,22.37791633605957,52.68736267089844
2658,-28648.8359375,-26072.875,11.835775375366211,22.427471160888672,52.84369659423828
2659,-28633.70703125,-26787.642578125,11.839405059814453,22.407550811767578,52.762290954589844
2660,-28582.001953125,-25476.412109375,11.837519645690918,22.392147064208984,52.69549560546875
2661,-28714.12109375,-26333.25,11.858627319335938,22.42987823486328,52.83491516113281
2662,-28637.185546875,-26835.53125,11.835555076599121,22.386978149414062,52.82476043701172
2663,-28559.01171875,-26853.71875,11.839154243469238,22.336530685424805,52.66667175292969
2664,-28583.197265625,-27455.41796875,11.846943855285645,22.364974975585938,52.765899658203125
2665,-28689.705078125,-27536.275390625,11.850619316101074,22.390098571777344,52.81254959106445
2666,-28651.259765625,-25577.2578125,11.842222213745117,22.36943244934082,52.77857971191406
2667,-28708.390625,-26984.5859375,11.840219497680664,22.396987915039062,52.76212692260742
2668,-28611.0703125,-25725.880859375,11.838150024414062,22.371864318847656,52.833106994628906
2669,-28680.5234375,-25716.359375,11.806619644165039,22.371238708496094,52.75355911254883
2670,-28627.583984375,-27337.3203125,11.82789134979248,22.3953857421875,52.75310516357422
2671,-28621.498046875,-27082.734375,11.82341480255127,22.36923599243164,52.70860290527344
2672,-28636.708984375,-27179.962890625,11.861345291137695,22.421306610107422,52.86241149902344
2673,-28713.54296875,-27556.955078125,11.81900691986084,22.340961456298828,52.67214584350586
2674,-28643.080078125,-26177.63671875,11.854403495788574,22.40375518798828,52.854034423828125
2675,-28684.7578125,-27356.142578125,11.805257797241211,22.32240867614746,52.744659423828125
2676,-28638.359375,-27039.5546875,11.876985549926758,22.40225601196289,52.754730224609375
2677,-28615.28125,-25968.13671875,11.85468864440918,22.37181282043457,52.68663024902344
2678,-28671.2421875,-26113.537109375,11.863852500915527,22.420333862304688,52.77770233154297
2679,-28640.76953125,-27229.041015625,11.829586029052734,22.402374267578125,52.85236358642578
2680,-28676.0546875,-25221.326171875,11.824634552001953,22.40670394897461,52.82225036621094
2681,-28642.3671875,-26270.55859375,11.839194297790527,22.391294479370117,52.72288513183594
2682,-28604.1328125,-27568.7890625,11.853987693786621,22.413000106811523,52.87922668457031
2683,-28659.458984375,-27345.3984375,11.823833465576172,22.396255493164062,52.867454528808594
2684,-28680.822265625,-27463.744140625,11.824698448181152,22.385379791259766,52.7702522277832
2685,-28592.62109375,-25468.15625,11.851370811462402,22.398822784423828,52.75066375732422
2686,-28758.54296875,-26443.935546875,11.83775520324707,22.405914306640625,52.87683868408203
2687,-28667.248046875,-25915.8828125,11.846426010131836,22.421730041503906,52.80036926269531
2688,-28597.013671875,-26974.34375,11.856554985046387,22.448768615722656,52.85805892944336
2689,-28611.263671875,-26424.5859375,11.82949447631836,22.41778564453125,52.779964447021484
2690,-28642.404296875,-26785.498046875,11.840213775634766,22.43254280090332,52.81112289428711
2691,-28698.693359375,-27650.42578125,11.834031105041504,22.442237854003906,52.8646240234375
2692,-28599.73046875,-25830.33203125,11.833658218383789,22.43846893310547,52.8201904296875
2693,-28667.796875,-27164.416015625,11.803234100341797,22.376014709472656,52.695594787597656
2694,-28658.4296875,-27576.857421875,11.844160079956055,22.421707153320312,52.843605041503906
2695,-28656.744140625,-26632.39453125,11.85173225402832,22.435970306396484,52.88166809082031
2696,-28632.505859375,-27284.873046875,11.841217041015625,22.391998291015625,52.806312561035156
2697,-28671.123046875,-25284.537109375,11.83860969543457,22.370243072509766,52.783546447753906
2698,-28718.49609375,-26346.6328125,11.860111236572266,22.402711868286133,52.755523681640625
2699,-28620.705078125,-26150.19921875,11.855252265930176,22.428508758544922,52.82178497314453
2700,-28638.677734375,-26362.404296875,11.87411880493164,22.437713623046875,52.84630584716797
2701,-28792.30078125,-27351.828125,11.85417652130127,22.424354553222656,52.807701110839844
2702,-28543.525390625,-25726.908203125,11.828221321105957,22.386302947998047,52.807640075683594
2703,-28644.978515625,-27436.4765625,11.84126091003418,22.391315460205078,52.82941436767578
2704,-28698.578125,-26679.900390625,11.860804557800293,22.41159439086914,52.86592102050781
2705,-28762.748046875,-27766.36328125,11.860617637634277,22.41244125366211,52.75458526611328
2706,-28690.056640625,-26433.19921875,11.854673385620117,22.421493530273438,52.82911682128906
2707,-28586.607421875,-27216.69921875,11.848346710205078,22.39826202392578,52.76464080810547
2708,-28666.484375,-25730.4140625,11.862276077270508,22.38857650756836,52.75971221923828
2709,-28702.564453125,-26077.58203125,11.840014457702637,22.36935806274414,52.742401123046875
2710,-28692.716796875,-26302.36328125,11.8479642868042,22.41446304321289,52.813106536865234
2711,-28669.91796875,-26936.462890625,11.844931602478027,22.438488006591797,52.69355773925781
2712,-28650.46484375,-27471.216796875,11.83697509765625,22.43059539794922,52.638038635253906
2713,-28708.72265625,-24964.923828125,11.825826644897461,22.416759490966797,52.743568420410156
2714,-28652.7109375,-26745.89453125,11.86473560333252,22.418813705444336,52.7630615234375
2715,-28654.0078125,-26982.97265625,11.867378234863281,22.401447296142578,52.725135803222656
2716,-28709.041015625,-27041.345703125,11.825298309326172,22.3719539642334,52.76972961425781
2717,-28627.087890625,-27336.39453125,11.85354995727539,22.414447784423828,52.827064514160156
2718,-28702.5703125,-25388.119140625,11.842947006225586,22.42875862121582,52.747867584228516
2719,-28629.208984375,-27211.51171875,11.856053352355957,22.441951751708984,52.780616760253906
2720,-28699.2421875,-26070.578125,11.864336967468262,22.42342185974121,52.80699920654297
2721,-28605.80859375,-26944.24609375,11.825754165649414,22.355417251586914,52.70489501953125
2722,-28654.064453125,-27170.91015625,11.860498428344727,22.40909194946289,52.791831970214844
2723,-28669.79296875,-27694.767578125,11.844772338867188,22.4107666015625,52.76868438720703
2724,-28698.21875,-26054.8984375,11.838544845581055,22.39295196533203,52.77362060546875
2725,-28662.58203125,-27792.62109375,11.864079475402832,22.453102111816406,52.77036666870117
2726,-28644.189453125,-27008.5859375,11.829751014709473,22.43971824645996,52.76779556274414
2727,-28654.78515625,-26470.376953125,11.846399307250977,22.450725555419922,52.883689880371094
2728,-28672.998046875,-27113.921875,11.83129596710205,22.42481231689453,52.86760330200195
2729,-28688.65625,-26581.138671875,11.835325241088867,22.396625518798828,52.79902648925781
2730,-28682.435546875,-25645.681640625,11.816705703735352,22.38283920288086,52.748897552490234
2731,-28716.8203125,-27411.326171875,11.866714477539062,22.447994232177734,52.764713287353516
2732,-28673.875,-26612.23828125,11.840229034423828,22.41746711730957,52.80879211425781
2733,-28630.810546875,-26556.9765625,11.84217643737793,22.442956924438477,52.83544158935547
2734,-28579.095703125,-25720.0625,11.824918746948242,22.393550872802734,52.773014068603516
2735,-28552.55078125,-27003.54296875,11.828570365905762,22.387346267700195,52.83237838745117
2736,-28730.576171875,-27337.5703125,11.844717025756836,22.38697052001953,52.75101089477539
2737,-28677.109375,-26172.1171875,11.84653377532959,22.40360450744629,52.69485092163086
2738,-28714.810546875,-26010.841796875,11.865910530090332,22.440568923950195,52.753440856933594
2739,-28679.814453125,-26005.49609375,11.862846374511719,22.431072235107422,52.74740982055664
2740,-28661.611328125,-27426.796875,11.841750144958496,22.404685974121094,52.813819885253906
2741,-28591.51171875,-27113.04296875,11.844812393188477,22.427772521972656,52.775299072265625
2742,-28692.25,-25262.732421875,11.852754592895508,22.47073745727539,52.82579803466797
2743,-28732.8046875,-25514.7734375,11.853373527526855,22.448719024658203,52.80157470703125
2744,-28780.80859375,-26882.390625,11.834590911865234,22.429859161376953,52.906986236572266
2745,-28708.845703125,-26310.0859375,11.841866493225098,22.433719635009766,52.738121032714844
2746,-28627.333984375,-27238.77734375,11.847734451293945,22.441375732421875,52.81831741333008
2747,-28707.240234375,-27572.623046875,11.839558601379395,22.431434631347656,52.77497100830078
2748,-28639.720703125,-25748.080078125,11.84166145324707,22.423694610595703,52.72515869140625
2749,-28744.787109375,-25273.640625,11.826921463012695,22.413497924804688,52.71674346923828
2750,-28592.62890625,-26842.2890625,11.851633071899414,22.457944869995117,52.80219268798828
2751,-28683.15625,-27189.52734375,11.831412315368652,22.43128204345703,52.789024353027344
2752,-28696.560546875,-27485.57421875,11.833333969116211,22.4365234375,52.76395797729492
2753,-28634.89453125,-26555.265625,11.856873512268066,22.45462417602539,52.737091064453125
2754,-28723.677734375,-27178.859375,11.860050201416016,22.47201156616211,52.893165588378906
2755,-28635.341796875,-26403.486328125,11.842926025390625,22.442045211791992,52.715511322021484
2756,-28630.123046875,-25717.52734375,11.864472389221191,22.45230484008789,52.82208251953125
2757,-28622.349609375,-27566.013671875,11.854039192199707,22.411949157714844,52.798500061035156
2758,-28623.662109375,-27521.162109375,11.835371017456055,22.389965057373047,52.819061279296875
2759,-28703.078125,-27370.044921875,11.885818481445312,22.446449279785156,52.80254364013672
2760,-28637.58203125,-26525.482421875,11.866414070129395,22.449466705322266,52.82102966308594
2761,-28717.673828125,-27756.494140625,11.851492881774902,22.423490524291992,52.77136993408203
2762,-28800.646484375,-25866.623046875,11.879742622375488,22.496578216552734,52.87396240234375
2763,-28660.654296875,-27268.576171875,11.871657371520996,22.473251342773438,52.772666931152344
2764,-28701.51171875,-25849.1796875,11.875328063964844,22.468191146850586,52.84588623046875
2765,-28683.16015625,-25484.388671875,11.84472942352295,22.407913208007812,52.75074005126953
2766,-28655.50390625,-26828.861328125,11.83555793762207,22.431110382080078,52.85331344604492
2767,-28656.162109375,-26315.236328125,11.843887329101562,22.4451904296875,52.76696014404297
2768,-28650.33984375,-27489.65234375,11.832733154296875,22.406532287597656,52.777854919433594
2769,-28719.263671875,-26902.328125,11.881023406982422,22.4656982421875,52.85877227783203
2770,-28761.078125,-25783.861328125,11.839288711547852,22.429765701293945,52.77265930175781
2771,-28798.07421875,-25733.3046875,11.85008430480957,22.43154525756836,52.77189636230469
2772,-28647.84765625,-27045.095703125,11.8409423828125,22.410781860351562,52.71416091918945
2773,-28657.208984375,-27018.7265625,11.830341339111328,22.409839630126953,52.748863220214844
2774,-28620.962890625,-25824.3984375,11.865545272827148,22.431114196777344,52.83316421508789
2775,-28666.3359375,-26513.244140625,11.828695297241211,22.402942657470703,52.71924591064453
2776,-28667.232421875,-27644.04296875,11.878493309020996,22.49474334716797,52.915672302246094
2777,-28611.40234375,-27409.1015625,11.844677925109863,22.439105987548828,52.8916130065918
2778,-28862.171875,-27230.1640625,11.820611000061035,22.401092529296875,52.808311462402344
2779,-28637.064453125,-26694.650390625,11.854569435119629,22.397502899169922,52.700927734375
2780,-28702.384765625,-26922.744140625,11.842657089233398,22.417236328125,52.73859405517578
2781,-28694.875,-27267.603515625,11.843017578125,22.426448822021484,52.76152038574219
2782,-28714.26953125,-25512.076171875,11.836996078491211,22.39495849609375,52.73651885986328
2783,-28629.865234375,-26789.7421875,11.865156173706055,22.446571350097656,52.737022399902344
2784,-28737.68359375,-26261.529296875,11.861395835876465,22.425844192504883,52.731651306152344
2785,-28697.732421875,-26925.015625,11.825719833374023,22.38188362121582,52.7780647277832
2786,-28672.37890625,-27153.912109375,11.849688529968262,22.424291610717773,52.76079559326172
2787,-28609.63671875,-26278.154296875,11.863055229187012,22.431493759155273,52.78788757324219
2788,-28774.392578125,-26125.404296875,11.852718353271484,22.414386749267578,52.759254455566406
2789,-28617.68359375,-26050.376953125,11.854094505310059,22.436389923095703,52.79494857788086
2790,-28683.72265625,-25286.2890625,11.85134506225586,22.425765991210938,52.75157165527344
2791,-28646.193359375,-27236.435546875,11.860071182250977,22.450042724609375,52.83197021484375
2792,-28697.443359375,-25627.13671875,11.869162559509277,22.430173873901367,52.76275634765625
2793,-28728.23828125,-25690.052734375,11.848687171936035,22.39925765991211,52.711421966552734
2794,-28697.48828125,-27601.17578125,11.886024475097656,22.440292358398438,52.857357025146484
2795,-28694.9765625,-26450.81640625,11.844086647033691,22.407548904418945,52.78498458862305
2796,-28645.2734375,-25933.669921875,11.86512279510498,22.425003051757812,52.80499267578125
2797,-28730.24609375,-27817.736328125,11.883275032043457,22.462865829467773,52.86008071899414
2798,-28738.82421875,-27630.505859375,11.856484413146973,22.457143783569336,52.815799713134766
2799,-28674.365234375,-25836.029296875,11.872446060180664,22.446853637695312,52.717002868652344
2800,-28720.154296875,-25905.060546875,11.871206283569336,22.431373596191406,52.7999382019043
2801,-28639.466796875,-27289.701171875,11.840032577514648,22.41149139404297,52.900230407714844
2802,-28718.95703125,-26468.3046875,11.857245445251465,22.43390464782715,52.79057312011719
2803,-28645.744140625,-27322.42578125,11.833008766174316,22.393798828125,52.76914978027344
2804,-28614.123046875,-26769.60546875,11.86644458770752,22.440303802490234,52.772369384765625
2805,-28730.2109375,-27222.041015625,11.861433029174805,22.485816955566406,52.885162353515625
2806,-28837.244140625,-26602.580078125,11.84830379486084,22.445926666259766,52.80589294433594
2807,-28718.8046875,-27096.748046875,11.85889720916748,22.45913314819336,52.81153106689453
2808,-28719.388671875,-26362.234375,11.873839378356934,22.480220794677734,52.78099060058594
2809,-28762.1015625,-26221.470703125,11.886147499084473,22.494850158691406,52.81793212890625
2810,-28591.13671875,-26977.708984375,11.844503402709961,22.426084518432617,52.766151428222656
2811,-28754.2578125,-26203.486328125,11.862040519714355,22.46377944946289,52.84162139892578
2812,-28646.138671875,-26468.28515625,11.86171817779541,22.463909149169922,52.75800323486328
2813,-28764.390625,-26348.658203125,11.870712280273438,22.47246742248535,52.79283905029297
2814,-28633.49609375,-27451.380859375,11.827407836914062,22.408031463623047,52.77766418457031
2815,-28511.7734375,-26199.11328125,11.87386703491211,22.47099494934082,52.770851135253906
2816,-28590.36328125,-26934.109375,11.869776725769043,22.463623046875,52.81861114501953
2817,-28710.33984375,-26523.533203125,11.853554725646973,22.439189910888672,52.749717712402344
2818,-28637.09765625,-27371.171875,11.85484504699707,22.42963409423828,52.65486526489258
2819,-28671.576171875,-27501.93359375,11.852681159973145,22.4508056640625,52.78656005859375
2820,-28688.873046875,-25747.275390625,11.859047889709473,22.452369689941406,52.784637451171875
2821,-28795.208984375,-26451.966796875,11.86707592010498,22.447982788085938,52.761505126953125
2822,-28753.564453125,-27739.046875,11.830313682556152,22.39065170288086,52.74153137207031
2823,-28765.94921875,-27498.87890625,11.845112800598145,22.394989013671875,52.70812225341797
2824,-28711.46484375,-27019.189453125,11.863852500915527,22.416248321533203,52.749359130859375
2825,-28753.009765625,-26383.640625,11.851968765258789,22.411884307861328,52.841617584228516
2826,-28719.095703125,-26280.908203125,11.858283996582031,22.45134735107422,52.829010009765625
2827,-28757.103515625,-27350.974609375,11.868184089660645,22.47998809814453,52.83721160888672
2828,-28696.92578125,-27079.44921875,11.85012435913086,22.451229095458984,52.76850891113281
2829,-28708.837890625,-27477.701171875,11.870282173156738,22.480823516845703,52.83629608154297
2830,-28659.73046875,-25520.169921875,11.854530334472656,22.402488708496094,52.80089569091797
2831,-28740.3984375,-27499.728515625,11.850132942199707,22.408153533935547,52.828468322753906
2832,-28681.806640625,-26362.89453125,11.879002571105957,22.463008880615234,52.848228454589844
2833,-28711.7890625,-27099.802734375,11.859387397766113,22.42670440673828,52.83768081665039
2834,-28753.216796875,-25767.5078125,11.84738826751709,22.400659561157227,52.77326202392578
2835,-28752.685546875,-26348.48046875,11.86782455444336,22.436565399169922,52.727760314941406
2836,-28756.072265625,-26421.509765625,11.885486602783203,22.48933219909668,52.87936019897461
2837,-28670.70703125,-25629.435546875,11.842463493347168,22.395301818847656,52.684165954589844
2838,-28709.87109375,-26025.419921875,11.864624977111816,22.468414306640625,52.73326110839844
2839,-28664.61328125,-27586.994140625,11.86008071899414,22.488243103027344,52.83732604980469
2840,-28651.306640625,-27301.1484375,11.8598051071167,22.46758270263672,52.743019104003906
2841,-28703.69140625,-26020.291015625,11.847835540771484,22.455883026123047,52.78249740600586
2842,-28712.634765625,-27415.001953125,11.870015144348145,22.437511444091797,52.69461441040039
2843,-28696.19140625,-27511.79296875,11.841964721679688,22.41085433959961,52.75560760498047
2844,-28731.853515625,-26582.53515625,11.858633995056152,22.435497283935547,52.721805572509766
2845,-28770.359375,-27191.255859375,11.844659805297852,22.431564331054688,52.76097106933594
2846,-28710.0390625,-26585.05078125,11.86098575592041,22.431720733642578,52.81345748901367
2847,-28738.41796875,-25585.642578125,11.8695707321167,22.427722930908203,52.69111633300781
2848,-28780.048828125,-26345.97265625,11.853039741516113,22.43844223022461,52.68352127075195
2849,-28670.40625,-27332.482421875,11.863229751586914,22.457012176513672,52.71247863769531
2850,-28745.716796875,-26289.546875,11.870736122131348,22.43385887145996,52.6785888671875
2851,-28730.048828125,-26110.958984375,11.8661527633667,22.452884674072266,52.78614807128906
2852,-28829.853515625,-26974.669921875,11.865030288696289,22.474712371826172,52.86311721801758
2853,-28738.130859375,-25859.841796875,11.858173370361328,22.4554500579834,52.86481475830078
2854,-28742.96875,-26297.138671875,11.867677688598633,22.439346313476562,52.68854522705078
2855,-28731.0546875,-26869.2109375,11.873431205749512,22.475128173828125,52.827850341796875
2856,-28729.37890625,-27173.720703125,11.857771873474121,22.457782745361328,52.718544006347656
2857,-28681.08203125,-27545.34375,11.84526252746582,22.437171936035156,52.79920196533203
2858,-28793.51953125,-27504.060546875,11.860393524169922,22.46634292602539,52.768924713134766
2859,-28629.814453125,-26617.92578125,11.855304718017578,22.447677612304688,52.79151153564453
2860,-28776.072265625,-27074.08984375,11.864428520202637,22.456253051757812,52.79448318481445
2861,-28692.37109375,-27272.6171875,11.856696128845215,22.448009490966797,52.81366729736328
2862,-28795.662109375,-26606.921875,11.870331764221191,22.493968963623047,52.815025329589844
2863,-28712.388671875,-26333.337890625,11.851593971252441,22.434627532958984,52.74800109863281
2864,-28735.37890625,-27557.912109375,11.852295875549316,22.420879364013672,52.828269958496094
2865,-28724.943359375,-27470.21875,11.851872444152832,22.415979385375977,52.71774673461914
2866,-28641.884765625,-27479.009765625,11.843664169311523,22.434293746948242,52.76811599731445
2867,-28776.166015625,-27300.484375,11.868926048278809,22.49410629272461,52.85920715332031
2868,-28778.021484375,-26209.525390625,11.85211181640625,22.43141746520996,52.6988525390625
2869,-28835.41796875,-26582.33203125,11.888768196105957,22.475229263305664,52.83537292480469
2870,-28865.25,-27270.30078125,11.855196952819824,22.44195556640625,52.744728088378906
2871,-28785.7734375,-25775.181640625,11.868855476379395,22.4547061920166,52.75242233276367
2872,-28714.205078125,-25311.482421875,11.87781810760498,22.43710708618164,52.677574157714844
2873,-28771.884765625,-26872.505859375,11.888875961303711,22.449485778808594,52.74901580810547
2874,-28759.962890625,-27052.125,11.864150047302246,22.43239402770996,52.78361511230469
2875,-28669.8984375,-25589.455078125,11.871970176696777,22.44365882873535,52.7252082824707
2876,-28786.63671875,-26212.708984375,11.876917839050293,22.449398040771484,52.739234924316406
2877,-28817.34375,-27139.87890625,11.911293983459473,22.474782943725586,52.7430305480957
2878,-28662.79296875,-25746.693359375,11.87674617767334,22.478397369384766,52.73405456542969
2879,-28659.431640625,-27527.205078125,11.86620807647705,22.475006103515625,52.81739044189453
2880,-28737.09765625,-26471.068359375,11.872040748596191,22.480934143066406,52.727813720703125
2881,-28696.361328125,-26649.046875,11.880345344543457,22.45322036743164,52.736000061035156
2882,-28735.166015625,-27208.380859375,11.887317657470703,22.466026306152344,52.839698791503906
2883,-28695.673828125,-26994.720703125,11.896468162536621,22.500423431396484,52.77608108520508
2884,-28690.26953125,-26307.849609375,11.84822940826416,22.44493865966797,52.777503967285156
2885,-28796.322265625,-27580.12109375,11.865367889404297,22.451194763183594,52.77484893798828
2886,-28670.9921875,-26564.119140625,11.898362159729004,22.48120880126953,52.76844024658203
2887,-28581.0,-27136.947265625,11.845354080200195,22.409992218017578,52.69997024536133
2888,-28701.529296875,-25544.3203125,11.863205909729004,22.461421966552734,52.79705810546875
2889,-28748.658203125,-26176.388671875,11.857775688171387,22.499027252197266,52.769287109375
2890,-28773.54296875,-25275.58984375,11.870116233825684,22.495328903198242,52.854820251464844
2891,-28771.68359375,-27406.0625,11.866938591003418,22.46520233154297,52.69715118408203
2892,-28744.13671875,-27531.013671875,11.884860038757324,22.49081039428711,52.73677444458008
2893,-28785.201171875,-26165.849609375,11.865257263183594,22.479402542114258,52.72948455810547
2894,-28744.46484375,-27410.82421875,11.86296558380127,22.478668212890625,52.72914123535156
2895,-28753.30078125,-25955.861328125,11.877068519592285,22.486454010009766,52.75165939331055
2896,-28715.2109375,-27195.96484375,11.881475448608398,22.49616050720215,52.74954605102539
2897,-28763.431640625,-26652.7890625,11.884119987487793,22.487289428710938,52.78025817871094
2898,-28784.6640625,-26154.13671875,11.858119010925293,22.42967987060547,52.669281005859375
2899,-28577.0,-26042.185546875,11.872035026550293,22.47460174560547,52.79391860961914
2900,-28693.03515625,-26067.62890625,11.855424880981445,22.43780517578125,52.72087097167969
2901,-28766.79296875,-27528.75390625,11.874468803405762,22.47901153564453,52.75341033935547
2902,-28745.068359375,-26973.513671875,11.88192367553711,22.482215881347656,52.806907653808594
2903,-28714.283203125,-25754.650390625,11.876826286315918,22.477378845214844,52.77907943725586
2904,-28710.912109375,-25304.470703125,11.851282119750977,22.465003967285156,52.761741638183594
2905,-28759.662109375,-27409.556640625,11.870776176452637,22.46761131286621,52.81169891357422
2906,-28849.56640625,-27052.4453125,11.878951072692871,22.455995559692383,52.80531311035156
2907,-28873.21875,-27180.755859375,11.859709739685059,22.45013427734375,52.79890823364258
2908,-28720.8515625,-25811.873046875,11.868407249450684,22.439708709716797,52.802955627441406
2909,-28759.720703125,-26999.92578125,11.87993049621582,22.430469512939453,52.702919006347656
2910,-28731.05078125,-26811.61328125,11.876893997192383,22.47119903564453,52.81078338623047
2911,-28726.564453125,-27376.703125,11.859626770019531,22.448383331298828,52.76526641845703
2912,-28702.90625,-25755.736328125,11.863720893859863,22.47503089904785,52.862083435058594
2913,-28659.154296875,-26864.490234375,11.881613731384277,22.48413848876953,52.82726287841797
2914,-28722.69921875,-27649.787109375,11.853419303894043,22.442211151123047,52.858909606933594
2915,-28719.552734375,-26499.21484375,11.85694408416748,22.434974670410156,52.822593688964844
2916,-28675.390625,-26129.4140625,11.867438316345215,22.437013626098633,52.739173889160156
2917,-28740.712890625,-27151.99609375,11.87881851196289,22.46474266052246,52.78416442871094
2918,-28765.822265625,-26986.505859375,11.84309196472168,22.44679069519043,52.82267761230469
2919,-28846.375,-27182.435546875,11.877584457397461,22.507068634033203,52.80574035644531
2920,-28712.8203125,-26080.544921875,11.885272026062012,22.516048431396484,52.83026123046875
2921,-28737.07421875,-26608.291015625,11.867471694946289,22.44843292236328,52.64454650878906
2922,-28803.84375,-27657.6875,11.860749244689941,22.437549591064453,52.76981735229492
2923,-28694.951171875,-27509.642578125,11.879064559936523,22.44921112060547,52.72980499267578
2924,-28749.865234375,-26148.138671875,11.869263648986816,22.466506958007812,52.83921432495117
2925,-28782.859375,-26693.73046875,11.877277374267578,22.441852569580078,52.7400016784668
2926,-28760.529296875,-25747.6953125,11.891266822814941,22.474042892456055,52.79643630981445
2927,-28828.60546875,-26445.123046875,11.889195442199707,22.448644638061523,52.76790237426758
2928,-28804.77734375,-26998.83984375,11.876924514770508,22.45330810546875,52.78997802734375
2929,-28738.056640625,-27159.16796875,11.897608757019043,22.497276306152344,52.837345123291016
2930,-28751.0703125,-25704.470703125,11.880188941955566,22.484752655029297,52.866790771484375
2931,-28734.4375,-25592.09765625,11.891374588012695,22.473670959472656,52.823028564453125
2932,-28820.7109375,-26456.29296875,11.874640464782715,22.423789978027344,52.73582077026367
2933,-28837.58203125,-26088.119140625,11.874861717224121,22.461896896362305,52.827903747558594
2934,-28696.91015625,-26085.888671875,11.875247955322266,22.43609619140625,52.725852966308594
2935,-28744.16796875,-26331.6015625,11.874070167541504,22.456775665283203,52.836090087890625
2936,-28765.865234375,-26555.900390625,11.864628791809082,22.45956802368164,52.756649017333984
2937,-28804.642578125,-26728.32421875,11.879875183105469,22.469327926635742,52.775386810302734
2938,-28810.029296875,-25614.298828125,11.878376960754395,22.474925994873047,52.74790954589844
2939,-28808.720703125,-26756.890625,11.867318153381348,22.45263671875,52.763710021972656
2940,-28776.802734375,-25761.39453125,11.8854341506958,22.512771606445312,52.83903503417969
2941,-28795.8671875,-26737.720703125,11.87930965423584,22.447967529296875,52.708251953125
2942,-28799.626953125,-26483.40625,11.87781810760498,22.461788177490234,52.824790954589844
2943,-28670.798828125,-27656.10546875,11.870352745056152,22.47211456298828,52.79173278808594
2944,-28793.58984375,-27509.82421875,11.872995376586914,22.5050106048584,52.76306915283203
2945,-28680.953125,-25710.021484375,11.864956855773926,22.506940841674805,52.73344421386719
2946,-28738.6640625,-27348.439453125,11.87023639678955,22.491641998291016,52.69468688964844
2947,-28746.09375,-27675.087890625,11.881115913391113,22.501361846923828,52.766387939453125
2948,-28778.701171875,-25942.28125,11.87318229675293,22.49117088317871,52.75457763671875
2949,-28791.962890625,-27057.400390625,11.878010749816895,22.50712776184082,52.840919494628906
2950,-28774.169921875,-27688.884765625,11.87282943725586,22.46015167236328,52.76844024658203
2951,-28693.146484375,-27456.068359375,11.890698432922363,22.422088623046875,52.743003845214844
2952,-28706.140625,-25231.345703125,11.895275115966797,22.44361114501953,52.83715057373047
2953,-28717.146484375,-26129.0390625,11.877765655517578,22.442358016967773,52.762481689453125
2954,-28765.453125,-26407.20703125,11.882906913757324,22.452617645263672,52.77845764160156
2955,-28824.70703125,-25877.953125,11.890098571777344,22.47003936767578,52.859283447265625
2956,-28784.125,-25648.439453125,11.882562637329102,22.487451553344727,52.857879638671875
2957,-28732.19140625,-27150.107421875,11.863631248474121,22.439908981323242,52.70764923095703
2958,-28676.609375,-25275.615234375,11.877209663391113,22.477176666259766,52.862693786621094
2959,-28772.18359375,-26828.66015625,11.8643798828125,22.45089340209961,52.77381134033203
2960,-28721.263671875,-26812.35546875,11.877747535705566,22.441617965698242,52.83994674682617
2961,-28445.900390625,-27078.958984375,11.886958122253418,22.437902450561523,52.89895248413086
2962,-28732.3203125,-25743.853515625,11.900982856750488,22.48923110961914,52.85799789428711
2963,-28832.490234375,-25704.650390625,11.889416694641113,22.492145538330078,52.764671325683594
2964,-28822.19921875,-26395.626953125,11.850996017456055,22.43956184387207,52.69493103027344
2965,-28728.16796875,-27561.26953125,11.867705345153809,22.489456176757812,52.835121154785156
2966,-28737.1015625,-27144.42578125,11.880133628845215,22.481727600097656,52.841617584228516
2967,-28780.03515625,-27570.2109375,11.867815971374512,22.46656036376953,52.80802536010742
2968,-28776.775390625,-25739.26171875,11.868634223937988,22.499759674072266,52.778961181640625
2969,-28873.14453125,-26939.29296875,11.887649536132812,22.474349975585938,52.76969909667969
2970,-28724.130859375,-24965.857421875,11.880891799926758,22.4569091796875,52.79668426513672
2971,-28767.82421875,-26172.75390625,11.883944511413574,22.45421028137207,52.73970031738281
2972,-28633.837890625,-25743.35546875,11.886507034301758,22.475622177124023,52.82759475708008
2973,-28805.11328125,-26020.84765625,11.863677978515625,22.444183349609375,52.668052673339844
2974,-28791.310546875,-27717.3515625,11.89984130859375,22.500057220458984,52.84777069091797
2975,-28833.765625,-25170.8203125,11.869745254516602,22.47085189819336,52.77247619628906
2976,-28797.90625,-27056.302734375,11.873489379882812,22.471330642700195,52.83831024169922
2977,-28747.236328125,-25552.525390625,11.895339965820312,22.48069190979004,52.83839416503906
2978,-28716.884765625,-27111.099609375,11.893031120300293,22.432607650756836,52.7868766784668
2979,-28728.375,-27666.958984375,11.919373512268066,22.485929489135742,52.85218811035156
2980,-28801.4453125,-26384.076171875,11.898138046264648,22.455738067626953,52.74406814575195
2981,-28732.234375,-26638.134765625,11.89202880859375,22.466632843017578,52.781158447265625
2982,-28747.07421875,-27111.93359375,11.871068000793457,22.45661735534668,52.80377197265625
2983,-28803.0390625,-26880.22265625,11.887843132019043,22.46575927734375,52.81732940673828
2984,-28766.84375,-26453.572265625,11.908126831054688,22.502361297607422,52.848453521728516
2985,-28733.375,-26845.138671875,11.917486190795898,22.519987106323242,52.791507720947266
2986,-28748.30859375,-26853.15625,11.868459701538086,22.451602935791016,52.71180725097656
2987,-28788.84375,-27458.95703125,11.888567924499512,22.452972412109375,52.715065002441406
2988,-28853.263671875,-27800.400390625,11.906637191772461,22.498153686523438,52.857879638671875
2989,-28885.06640625,-25689.84375,11.886734008789062,22.48429298400879,52.74224090576172
2990,-28723.013671875,-27516.328125,11.887895584106445,22.46554183959961,52.697608947753906
2991,-28788.15234375,-26157.78125,11.89202880859375,22.464099884033203,52.82806396484375
2992,-28858.21484375,-27566.08984375,11.866315841674805,22.44559669494629,52.78888702392578
2993,-28814.716796875,-25640.537109375,11.903982162475586,22.522558212280273,52.8465576171875
2994,-28769.05078125,-27339.361328125,11.905797004699707,22.49285125732422,52.84490966796875
2995,-28782.212890625,-25736.0,11.881674766540527,22.45509910583496,52.76104736328125
2996,-28773.943359375,-27584.91796875,11.919722557067871,22.477476119995117,52.76021194458008
2997,-28799.11328125,-27154.837890625,11.89968490600586,22.44979476928711,52.73857116699219
2998,-28742.099609375,-26529.5859375,11.880234718322754,22.45856285095215,52.722530364990234
2999,-28784.982421875,-26967.470703125,11.910382270812988,22.51720428466797,52.857177734375
3000,-28767.314453125,-26993.017578125,11.900493621826172,22.511274337768555,52.79889678955078
3001,-28767.953125,-27483.572265625,11.880839347839355,22.45035743713379,52.654052734375
3002,-28790.166015625,-25938.2109375,11.889155387878418,22.483551025390625,52.75031280517578
3003,-28478.044921875,-26512.318359375,11.912700653076172,22.41718292236328,52.728233337402344
3004,-28673.14453125,-26526.138671875,11.89829158782959,22.432655334472656,52.79294204711914
3005,-28765.693359375,-25962.443359375,11.88655948638916,22.424518585205078,52.746524810791016
3006,-28682.923828125,-27002.728515625,11.912140846252441,22.45513153076172,52.773719787597656
3007,-28734.638671875,-26044.103515625,11.892447471618652,22.46967124938965,52.778770446777344
3008,-28844.8984375,-27522.875,11.898869514465332,22.466087341308594,52.77622985839844
3009,-28799.298828125,-27405.02734375,11.918067932128906,22.482189178466797,52.830753326416016
3010,-28841.6640625,-26125.19921875,11.898153305053711,22.448701858520508,52.728668212890625
3011,-28728.248046875,-26491.142578125,11.910075187683105,22.500133514404297,52.80260467529297
3012,-28815.26171875,-26567.384765625,11.879015922546387,22.474491119384766,52.77061462402344
3013,-28810.8828125,-27293.30078125,11.849289894104004,22.445049285888672,52.71413803100586
3014,-28712.65625,-26918.6171875,11.892797470092773,22.480571746826172,52.77587127685547
3015,-28832.8359375,-27532.048828125,11.901360511779785,22.514034271240234,52.818660736083984
3016,-28726.103515625,-26991.60546875,11.858296394348145,22.45879554748535,52.741485595703125
3017,-28783.376953125,-26638.71484375,11.887591361999512,22.515464782714844,52.925453186035156
3018,-28833.669921875,-26889.548828125,11.883941650390625,22.503692626953125,52.85169982910156
3019,-28770.9921875,-26845.478515625,11.887404441833496,22.505077362060547,52.793392181396484
3020,-28880.48828125,-26305.94921875,11.891626358032227,22.48558807373047,52.785728454589844
3021,-28876.380859375,-27332.001953125,11.899346351623535,22.473739624023438,52.77247619628906
3022,-28825.44140625,-27244.30078125,11.9051513671875,22.4730167388916,52.73735046386719
3023,-28776.03125,-27820.064453125,11.893433570861816,22.48181915283203,52.775333404541016
3024,-28759.72265625,-27320.197265625,11.892656326293945,22.481395721435547,52.8023567199707
3025,-28855.298828125,-26300.958984375,11.896010398864746,22.4918212890625,52.801456451416016
3026,-28800.859375,-26766.197265625,11.90501880645752,22.479900360107422,52.7379150390625
3027,-28751.77734375,-27247.3203125,11.913673400878906,22.503582000732422,52.844444274902344
3028,-28719.0078125,-27477.77734375,11.887822151184082,22.437454223632812,52.77174758911133
3029,-28756.451171875,-26976.345703125,11.881730079650879,22.44188690185547,52.74563980102539
3030,-28838.828125,-27230.078125,11.854584693908691,22.45321273803711,52.742942810058594
3031,-28880.529296875,-26911.1171875,11.90744686126709,22.498538970947266,52.92023468017578
3032,-28867.12890625,-26003.255859375,11.866861343383789,22.457530975341797,52.842079162597656
3033,-28746.525390625,-25661.931640625,11.910271644592285,22.522415161132812,52.81501007080078
3034,-28655.560546875,-26821.49609375,11.873388290405273,22.466848373413086,52.66218185424805
3035,-28743.384765625,-25939.96484375,11.88233470916748,22.494749069213867,52.883689880371094
3036,-28796.185546875,-27365.052734375,11.886948585510254,22.439552307128906,52.75047302246094
3037,-28822.77734375,-26864.841796875,11.918628692626953,22.47177505493164,52.72568130493164
3038,-28811.482421875,-26666.818359375,11.913208961486816,22.472326278686523,52.79065704345703
3039,-28786.03515625,-26585.025390625,11.8536958694458,22.39303207397461,52.71424865722656
3040,-28780.0546875,-27614.896484375,11.895432472229004,22.46573257446289,52.790672302246094
3041,-28801.1953125,-25990.654296875,11.897292137145996,22.47262954711914,52.71109390258789
3042,-28883.255859375,-26388.0234375,11.905735969543457,22.525474548339844,52.80720520019531
3043,-28807.71875,-26665.427734375,11.883788108825684,22.465471267700195,52.79469299316406
3044,-28769.703125,-26190.853515625,11.91254711151123,22.480222702026367,52.744117736816406
3045,-28812.80078125,-26695.580078125,11.906424522399902,22.507015228271484,52.75727844238281
3046,-28816.927734375,-26651.63671875,11.913187026977539,22.530288696289062,52.80400085449219
3047,-28778.28515625,-26039.912109375,11.89285945892334,22.47985076904297,52.792152404785156
3048,-28792.05078125,-27272.65234375,11.893667221069336,22.50261878967285,52.764686584472656
3049,-28851.470703125,-25509.68359375,11.877111434936523,22.495494842529297,52.862945556640625
3050,-28757.02734375,-27352.078125,11.910201072692871,22.471206665039062,52.72442626953125
3051,-28831.048828125,-26501.099609375,11.917987823486328,22.467178344726562,52.736297607421875
3052,-28841.18359375,-27170.759765625,11.891472816467285,22.47323226928711,52.76274108886719
3053,-28829.54296875,-27274.193359375,11.917624473571777,22.520814895629883,52.86460494995117
3054,-28735.125,-25640.921875,11.880753517150879,22.450836181640625,52.78559112548828
3055,-28793.52734375,-26384.234375,11.8969144821167,22.451496124267578,52.75785827636719
3056,-28811.6953125,-25555.97265625,11.908388137817383,22.46996307373047,52.715858459472656
3057,-28807.806640625,-26818.5625,11.911860466003418,22.49192237854004,52.81494140625
3058,-28830.962890625,-26699.59765625,11.886153221130371,22.46532440185547,52.79644775390625
3059,-28776.169921875,-25870.9140625,11.884439468383789,22.462360382080078,52.74382781982422
3060,-28875.193359375,-26503.431640625,11.88318920135498,22.473716735839844,52.83124542236328
3061,-28799.24609375,-27197.822265625,11.904960632324219,22.464141845703125,52.68004608154297
3062,-28768.556640625,-25833.755859375,11.904037475585938,22.520069122314453,52.81717300415039
3063,-28916.517578125,-25955.263671875,11.87957763671875,22.505069732666016,52.74617004394531
3064,-28839.203125,-26718.0,11.90731143951416,22.498279571533203,52.749794006347656
3065,-28887.814453125,-27644.625,11.90358829498291,22.462697982788086,52.73839569091797
3066,-28862.677734375,-26159.119140625,11.89321231842041,22.478519439697266,52.80585861206055
3067,-28731.748046875,-27322.646484375,11.918234825134277,22.51696014404297,52.78092956542969
3068,-28784.3359375,-27093.046875,11.884857177734375,22.471691131591797,52.7047119140625
3069,-28866.779296875,-26073.115234375,11.891500473022461,22.457584381103516,52.720008850097656
3070,-28778.23828125,-27221.623046875,11.87024211883545,22.449077606201172,52.804893493652344
3071,-28397.455078125,-26249.49609375,11.931318283081055,22.55865478515625,52.815879821777344
3072,-28612.46875,-27692.130859375,11.906126976013184,22.48531150817871,52.663604736328125
3073,-28783.74609375,-25941.244140625,11.893636703491211,22.490951538085938,52.77176284790039
3074,-28741.017578125,-27577.67578125,11.91445255279541,22.51911163330078,52.757965087890625
3075,-28842.841796875,-26653.541015625,11.911429405212402,22.525157928466797,52.7694091796875
3076,-28825.41015625,-26639.029296875,11.9171781539917,22.538814544677734,52.80231475830078
3077,-28754.658203125,-27603.734375,11.901782035827637,22.507816314697266,52.73224639892578
3078,-28859.494140625,-27483.814453125,11.922507286071777,22.542278289794922,52.80644989013672
3079,-28851.166015625,-27509.521484375,11.909422874450684,22.52251434326172,52.78827667236328
3080,-28802.134765625,-26786.201171875,11.875911712646484,22.482826232910156,52.67608642578125
3081,-28795.880859375,-27511.04296875,11.900776863098145,22.52373504638672,52.79804992675781
3082,-28767.634765625,-27321.7265625,11.888728141784668,22.490699768066406,52.75489044189453
3083,-28899.212890625,-26266.4765625,11.899004936218262,22.49227523803711,52.71638488769531
3084,-28785.916015625,-27487.462890625,11.894061088562012,22.47431182861328,52.68391418457031
3085,-28783.056640625,-25609.822265625,11.940953254699707,22.52936363220215,52.81580352783203
3086,-28874.234375,-26394.970703125,11.92995548248291,22.520631790161133,52.77442932128906
3087,-28727.021484375,-26476.404296875,11.898740768432617,22.501590728759766,52.759605407714844
3088,-28792.591796875,-27539.208984375,11.878640174865723,22.522354125976562,52.78087615966797
3089,-28749.05078125,-25532.5078125,11.89462947845459,22.52869987487793,52.83344268798828
3090,-28837.798828125,-27394.6171875,11.92234992980957,22.527557373046875,52.72913360595703
3091,-28835.11328125,-26940.689453125,11.899531364440918,22.50054931640625,52.70990753173828
3092,-28759.693359375,-27667.392578125,11.899805068969727,22.505619049072266,52.72773742675781
3093,-28878.97265625,-26919.921875,11.904356956481934,22.521202087402344,52.739952087402344
3094,-28789.01171875,-26227.814453125,11.890009880065918,22.491247177124023,52.7850456237793
3095,-28800.775390625,-27692.60546875,11.902976036071777,22.47296905517578,52.751678466796875
3096,-28853.947265625,-27297.3046875,11.910188674926758,22.50212860107422,52.813255310058594
3097,-28886.244140625,-26692.029296875,11.891020774841309,22.475011825561523,52.769622802734375
3098,-28894.376953125,-26367.142578125,11.883194923400879,22.484111785888672,52.81356430053711
3099,-28751.365234375,-26091.97265625,11.918148040771484,22.511615753173828,52.69567108154297
3100,-28818.22265625,-26626.85546875,11.896544456481934,22.479188919067383,52.771949768066406
3101,-28884.43359375,-26580.4375,11.892868041992188,22.47426986694336,52.77733612060547
3102,-28784.078125,-27662.078125,11.912528038024902,22.51034164428711,52.81554412841797
3103,-28799.326171875,-25377.302734375,11.9102783203125,22.517364501953125,52.75859832763672
3104,-28799.875,-26188.6015625,11.909092903137207,22.513275146484375,52.78225326538086
3105,-28806.421875,-27651.787109375,11.908902168273926,22.516752243041992,52.82737731933594
3106,-28773.546875,-26105.984375,11.86457633972168,22.504558563232422,52.766937255859375
3107,-28768.5703125,-27275.490234375,11.92619514465332,22.553279876708984,52.80079650878906
3108,-28866.33984375,-25541.537109375,11.898758888244629,22.4771785736084,52.723388671875
3109,-28909.66796875,-26217.365234375,11.886411666870117,22.479616165161133,52.763946533203125
3110,-28830.51953125,-26623.787109375,11.91861343383789,22.537126541137695,52.84209442138672
3111,-28858.755859375,-26766.392578125,11.928019523620605,22.54640769958496,52.87167739868164
3112,-28894.447265625,-26345.958984375,11.914647102355957,22.479572296142578,52.71271896362305
3113,-28793.177734375,-27372.453125,11.911767959594727,22.470176696777344,52.66115951538086
3114,-28864.0703125,-26962.830078125,11.873995780944824,22.488922119140625,52.76510238647461
3115,-28878.62109375,-26551.0234375,11.887742042541504,22.505664825439453,52.77661895751953
3116,-28893.798828125,-27616.763671875,11.920594215393066,22.550199508666992,52.839332580566406
3117,-28829.94921875,-27291.208984375,11.908763885498047,22.52414321899414,52.739112854003906
3118,-28887.02734375,-26666.640625,11.889238357543945,22.50216293334961,52.688907623291016
3119,-28857.96484375,-27567.958984375,11.909154891967773,22.515111923217773,52.76057052612305
3120,-28844.033203125,-26894.76953125,11.903736114501953,22.489959716796875,52.818904876708984
3121,-28821.525390625,-26804.158203125,11.903347969055176,22.460153579711914,52.695648193359375
3122,-28938.453125,-27085.4921875,11.922740936279297,22.519826889038086,52.82863235473633
3123,-28799.796875,-27242.28125,11.888172149658203,22.461109161376953,52.74211883544922
3124,-28821.775390625,-25665.552734375,11.933158874511719,22.52166748046875,52.78450012207031
3125,-28824.62890625,-25497.34375,11.897393226623535,22.477542877197266,52.75623321533203
3126,-28814.15625,-27361.421875,11.905043601989746,22.48665428161621,52.753807067871094
3127,-28812.890625,-26504.1015625,11.909363746643066,22.48210906982422,52.72001647949219
3128,-28771.517578125,-27662.876953125,11.896723747253418,22.468610763549805,52.74919128417969
3129,-28964.306640625,-25792.634765625,11.91972827911377,22.490873336791992,52.81092071533203
3130,-28807.1875,-27633.33984375,11.918822288513184,22.49382209777832,52.72382354736328
3131,-28904.744140625,-27044.73046875,11.908382415771484,22.51629066467285,52.805335998535156
3132,-28768.98828125,-27292.751953125,11.928349494934082,22.549976348876953,52.74652862548828
3133,-28768.66796875,-26629.404296875,11.923134803771973,22.519393920898438,52.79324722290039
3134,-28850.607421875,-25997.580078125,11.898934364318848,22.473876953125,52.694488525390625
3135,-28829.0546875,-26333.46875,11.911044120788574,22.47977638244629,52.683692932128906
3136,-28820.0,-26919.10546875,11.90983772277832,22.501434326171875,52.72411346435547
3137,-28790.2109375,-26716.93359375,11.909960746765137,22.511882781982422,52.795921325683594
3138,-28817.408203125,-27553.98046875,11.910724639892578,22.507644653320312,52.75130844116211
3139,-28887.88671875,-26892.328125,11.923493385314941,22.54077911376953,52.810455322265625
3140,-28886.7734375,-26398.90625,11.930769920349121,22.53948974609375,52.79179382324219
3141,-28857.0,-27669.599609375,11.899127960205078,22.5134334564209,52.747802734375
3142,-28797.736328125,-26824.919921875,11.915976524353027,22.532798767089844,52.80638885498047
3143,-28828.85546875,-26427.408203125,11.920845985412598,22.529064178466797,52.77128982543945
3144,-28908.138671875,-26439.55078125,11.87723445892334,22.488204956054688,52.763648986816406
3145,-28850.90234375,-27437.373046875,11.921884536743164,22.540817260742188,52.873939514160156
3146,-28844.009765625,-25487.28125,11.909872055053711,22.513912200927734,52.73399353027344
3147,-28828.1953125,-25428.65234375,11.91334056854248,22.50954818725586,52.790260314941406
3148,-28819.908203125,-26493.27734375,11.932011604309082,22.516178131103516,52.724769592285156
3149,-28844.578125,-26824.34765625,11.910201072692871,22.50282859802246,52.76123046875
3150,-28878.759765625,-27474.087890625,11.9131441116333,22.50442886352539,52.826026916503906
3151,-28882.75,-27074.876953125,11.913652420043945,22.517332077026367,52.839698791503906
3152,-28790.498046875,-27289.001953125,11.90216064453125,22.490745544433594,52.73183059692383
3153,-28899.1015625,-27230.291015625,11.906455993652344,22.49764060974121,52.78902816772461
3154,-28797.0703125,-27346.4921875,11.899463653564453,22.524568557739258,52.86237335205078
3155,-28835.58203125,-27368.9375,11.893046379089355,22.508380889892578,52.83395004272461
3156,-28935.91796875,-27299.044921875,11.894033432006836,22.425697326660156,52.69257354736328
3157,-28894.826171875,-25266.669921875,11.920948028564453,22.51963233947754,52.86174011230469
3158,-28908.529296875,-27375.130859375,11.887563705444336,22.45212173461914,52.7591667175293
3159,-28872.029296875,-26631.560546875,11.922515869140625,22.489410400390625,52.82178497314453
3160,-28774.56640625,-26309.3203125,11.933045387268066,22.478961944580078,52.72657775878906
3161,-28817.498046875,-26035.904296875,11.940435409545898,22.537311553955078,52.86960983276367
3162,-28805.126953125,-25285.08984375,11.899115562438965,22.479429244995117,52.67033767700195
3163,-28875.00390625,-27307.849609375,11.919620513916016,22.54721450805664,52.84082794189453
3164,-28812.78125,-26196.7265625,11.898798942565918,22.517681121826172,52.742347717285156
3165,-28799.298828125,-26949.130859375,11.912405014038086,22.540756225585938,52.81584167480469
3166,-28874.2578125,-26078.287109375,11.916685104370117,22.5391788482666,52.827606201171875
3167,-28888.298828125,-27306.111328125,11.898974418640137,22.505413055419922,52.70808029174805
3168,-28862.3359375,-26304.375,11.931673049926758,22.552135467529297,52.84110641479492
3169,-28851.61328125,-26202.404296875,11.916519165039062,22.4990234375,52.73360061645508
3170,-28837.1875,-27750.533203125,11.928522109985352,22.532154083251953,52.76313400268555
3171,-28862.59375,-25966.953125,11.921236991882324,22.557445526123047,52.758094787597656
3172,-28849.068359375,-27370.478515625,11.906523704528809,22.55990982055664,52.78374481201172
3173,-28848.578125,-25953.455078125,11.929280281066895,22.55866050720215,52.77239990234375
3174,-28858.072265625,-27625.2109375,11.9275484085083,22.51602554321289,52.746864318847656
3175,-28841.6640625,-26495.234375,11.93288803100586,22.502803802490234,52.75083923339844
3176,-28833.091796875,-27497.7421875,11.907169342041016,22.53578758239746,52.811363220214844
3177,-28899.296875,-25986.8828125,11.894865989685059,22.502094268798828,52.78089904785156
3178,-28855.3125,-27733.015625,11.908068656921387,22.513656616210938,52.785892486572266
3179,-28867.474609375,-26335.314453125,11.913344383239746,22.525226593017578,52.74800109863281
3180,-28857.451171875,-26376.548828125,11.90764331817627,22.508991241455078,52.722225189208984
3181,-28844.376953125,-25933.84375,11.916439056396484,22.519994735717773,52.73777770996094
3182,-28914.037109375,-27098.005859375,11.917587280273438,22.527881622314453,52.76533508300781
3183,-28883.59765625,-25848.47265625,11.916278839111328,22.516462326049805,52.81816101074219
3184,-28867.689453125,-26070.767578125,11.909869194030762,22.503074645996094,52.79209899902344
3185,-28940.447265625,-26514.869140625,11.923283576965332,22.531898498535156,52.823509216308594
3186,-28857.53515625,-27526.76953125,11.919703483581543,22.531898498535156,52.81976318359375
3187,-28883.58203125,-25759.341796875,11.921459197998047,22.53247833251953,52.78974151611328
3188,-28810.50390625,-27029.529296875,11.94477653503418,22.51540756225586,52.68588638305664
3189,-28845.6171875,-25944.697265625,11.929469108581543,22.501724243164062,52.761146545410156
3190,-28838.150390625,-26995.046875,11.920245170593262,22.488056182861328,52.681480407714844
3191,-28928.771484375,-26589.41796875,11.926558494567871,22.510473251342773,52.74214553833008
3192,-28871.490234375,-27348.19140625,11.935410499572754,22.524904251098633,52.75397872924805
3193,-28908.3359375,-27461.671875,11.9188871383667,22.532817840576172,52.71462631225586
3194,-28888.900390625,-26529.375,11.931931495666504,22.56085205078125,52.799041748046875
3195,-28840.607421875,-27673.513671875,11.926312446594238,22.553998947143555,52.80546951293945
3196,-28883.39453125,-26812.841796875,11.929375648498535,22.521888732910156,52.759490966796875
3197,-28910.15234375,-27583.060546875,11.936625480651855,22.494728088378906,52.78070831298828
3198,-28811.00390625,-27008.158203125,11.917017936706543,22.50762939453125,52.77299880981445
3199,-28833.734375,-27427.9296875,11.929915428161621,22.542922973632812,52.80321502685547
3200,-28843.3515625,-25719.068359375,11.934386253356934,22.54327392578125,52.74114990234375
3201,-28937.671875,-26948.67578125,11.92745304107666,22.52666473388672,52.73189163208008
3202,-28970.65234375,-25720.701171875,11.946039199829102,22.533681869506836,52.710540771484375
3203,-28867.396484375,-27702.345703125,11.922762870788574,22.48662567138672,52.671409606933594
3204,-28927.736328125,-26274.265625,11.93816089630127,22.525440216064453,52.835792541503906
3205,-28894.251953125,-27678.837890625,11.93492317199707,22.506839752197266,52.768802642822266
3206,-28756.884765625,-26439.2890625,11.933876991271973,22.529220581054688,52.80949401855469
3207,-28778.63671875,-26254.529296875,11.921822547912598,22.47274398803711,52.72373962402344
3208,-28872.751953125,-26760.951171875,11.908683776855469,22.493757247924805,52.71537780761719
3209,-28858.95703125,-27055.076171875,11.943113327026367,22.563329696655273,52.75770568847656
3210,-28803.953125,-26115.810546875,11.939346313476562,22.550783157348633,52.77171325683594
3211,-28880.37109375,-27327.5625,11.89997386932373,22.497249603271484,52.62543487548828
3212,-28795.685546875,-25908.75,11.92592716217041,22.58365249633789,52.711631774902344
3213,-28907.3515625,-26226.009765625,11.93138599395752,22.583755493164062,52.694400787353516
3214,-28870.26171875,-27133.10546875,11.930177688598633,22.56289291381836,52.750797271728516
3215,-28848.666015625,-27363.759765625,11.892234802246094,22.515636444091797,52.740196228027344
3216,-28934.310546875,-27272.75390625,11.9396333694458,22.551366806030273,52.7769775390625
3217,-28863.02734375,-26209.076171875,11.90351390838623,22.529293060302734,52.767066955566406
3218,-28931.888671875,-27513.732421875,11.933711051940918,22.522937774658203,52.74615478515625
3219,-28857.5078125,-26905.63671875,11.930402755737305,22.518573760986328,52.72557830810547
3220,-28867.138671875,-26597.9296875,11.922383308410645,22.50384521484375,52.704681396484375
3221,-28801.18359375,-26396.03125,11.907904624938965,22.510211944580078,52.73420715332031
3222,-28839.326171875,-26249.921875,11.91439151763916,22.547313690185547,52.787681579589844
3223,-28931.6953125,-27635.390625,11.945412635803223,22.527202606201172,52.69248962402344
3224,-28813.16015625,-26954.978515625,11.907443046569824,22.48849105834961,52.69174575805664
3225,-28904.294921875,-27160.529296875,11.925150871276855,22.533329010009766,52.75154113769531
3226,-28916.755859375,-25555.53125,11.915213584899902,22.566608428955078,52.77265167236328
3227,-28834.388671875,-25213.228515625,11.94202709197998,22.58814239501953,52.72261428833008
3228,-28917.837890625,-26263.63671875,11.924198150634766,22.512088775634766,52.66077423095703
3229,-28811.814453125,-25612.244140625,11.92389965057373,22.50156021118164,52.705589294433594
3230,-28878.83984375,-26782.7734375,11.921894073486328,22.475753784179688,52.70857238769531
3231,-28838.994140625,-26258.29296875,11.944304466247559,22.538585662841797,52.76603698730469
3232,-28911.376953125,-27408.4296875,11.936245918273926,22.532512664794922,52.79594421386719
3233,-28956.85546875,-27027.05859375,11.919173240661621,22.509952545166016,52.747833251953125
3234,-28855.71484375,-26188.546875,11.922577857971191,22.506961822509766,52.733482360839844
3235,-28876.5703125,-27521.634765625,11.933378219604492,22.532028198242188,52.73747253417969
3236,-28904.4140625,-26251.712890625,11.927289009094238,22.550975799560547,52.74900817871094
3237,-28870.94921875,-27367.34375,11.920476913452148,22.559040069580078,52.82940673828125
3238,-28858.130859375,-27496.94921875,11.930618286132812,22.549571990966797,52.74440002441406
3239,-28902.43359375,-25876.765625,11.93117618560791,22.536178588867188,52.74250793457031
3240,-28819.150390625,-27099.392578125,11.93956184387207,22.521434783935547,52.729164123535156
3241,-28978.8203125,-27207.24609375,11.910853385925293,22.489383697509766,52.724979400634766
3242,-28821.8984375,-27505.49609375,11.964652061462402,22.527664184570312,52.723480224609375
3243,-28892.2578125,-27001.96875,11.942508697509766,22.50995635986328,52.70381164550781
3244,-28917.87109375,-26268.7109375,11.92525577545166,22.533096313476562,52.745994567871094
3245,-28904.173828125,-27087.640625,11.899592399597168,22.498798370361328,52.670074462890625
3246,-28815.142578125,-27613.783203125,11.930930137634277,22.569902420043945,52.83721160888672
3247,-28855.845703125,-26469.48828125,11.940805435180664,22.547183990478516,52.79863739013672
3248,-28834.51953125,-26613.63671875,11.92626953125,22.503643035888672,52.7491455078125
3249,-28878.8984375,-26510.91796875,11.914064407348633,22.532604217529297,52.79371643066406
3250,-28896.544921875,-26499.66015625,11.903997421264648,22.499736785888672,52.72674560546875
3251,-28923.177734375,-26806.357421875,11.925366401672363,22.51616668701172,52.74005889892578
3252,-28874.4921875,-25404.8671875,11.9306001663208,22.56252098083496,52.79901885986328
3253,-28881.9375,-25786.583984375,11.93254566192627,22.565410614013672,52.773651123046875
3254,-28885.45703125,-27482.34375,11.93775463104248,22.547706604003906,52.81346130371094
3255,-28823.025390625,-27515.857421875,11.927976608276367,22.531383514404297,52.687339782714844
3256,-28830.65234375,-27711.5625,11.918305397033691,22.521060943603516,52.775245666503906
3257,-28919.833984375,-25510.9453125,11.906055450439453,22.52055549621582,52.798553466796875
3258,-28845.474609375,-25611.81640625,11.893021583557129,22.49759292602539,52.78260040283203
3259,-28946.19921875,-26104.271484375,11.942249298095703,22.534069061279297,52.7174072265625
3260,-28845.71875,-27268.92578125,11.900890350341797,22.534902572631836,52.80552673339844
3261,-28881.416015625,-27071.55859375,11.901090621948242,22.533470153808594,52.755401611328125
3262,-28931.51171875,-26914.900390625,11.911259651184082,22.5469970703125,52.79500961303711
3263,-28906.974609375,-25749.5078125,11.931793212890625,22.54452133178711,52.7950439453125
3264,-28887.296875,-26971.052734375,11.92575454711914,22.534910202026367,52.7386474609375
3265,-28787.52734375,-27462.4765625,11.920797348022461,22.518686294555664,52.74763488769531
3266,-28950.12109375,-26051.41796875,11.930344581604004,22.515628814697266,52.79850769042969
3267,-28890.3828125,-27187.587890625,11.922638893127441,22.49843406677246,52.69721221923828
3268,-28839.673828125,-26156.845703125,11.953272819519043,22.549644470214844,52.7987060546875
3269,-28900.548828125,-27179.822265625,11.887892723083496,22.48552703857422,52.738502502441406
3270,-28881.57421875,-27148.951171875,11.932801246643066,22.550424575805664,52.75384521484375
3271,-28935.8515625,-25967.615234375,11.914116859436035,22.519020080566406,52.770347595214844
3272,-28911.34375,-26932.52734375,11.926032066345215,22.512916564941406,52.789276123046875
3273,-28937.765625,-26820.31640625,11.929447174072266,22.510990142822266,52.79413604736328
3274,-28845.802734375,-25707.62109375,11.945240020751953,22.526103973388672,52.78856658935547
3275,-28891.953125,-26154.61328125,11.920454978942871,22.53351593017578,52.77947235107422
3276,-28850.181640625,-27047.193359375,11.951269149780273,22.569538116455078,52.65209197998047
3277,-28852.4765625,-26081.076171875,11.910717964172363,22.480514526367188,52.680259704589844
3278,-28906.275390625,-26476.49609375,11.928513526916504,22.528324127197266,52.8040771484375
3279,-28784.427734375,-25583.072265625,11.928528785705566,22.55060577392578,52.79730224609375
3280,-28803.9765625,-27482.267578125,11.949604988098145,22.556472778320312,52.67108154296875
3281,-28890.48828125,-27147.890625,11.935830116271973,22.552494049072266,52.78662872314453
3282,-28924.060546875,-27322.982421875,11.937041282653809,22.501049041748047,52.619956970214844
3283,-28931.91796875,-25310.544921875,11.921767234802246,22.53618621826172,52.73185348510742
3284,-28839.27734375,-27289.02734375,11.90405559539795,22.529205322265625,52.776832580566406
3285,-28954.716796875,-26436.51953125,11.918606758117676,22.56512451171875,52.80327606201172
3286,-28914.30078125,-26846.572265625,11.92785358428955,22.562191009521484,52.75048065185547
3287,-28861.595703125,-25739.087890625,11.934660911560059,22.553442001342773,52.71769714355469
3288,-28869.623046875,-24913.37109375,11.929415702819824,22.562026977539062,52.774078369140625
3289,-28922.892578125,-26629.880859375,11.92137336730957,22.563610076904297,52.735984802246094
3290,-28881.900390625,-26977.017578125,11.93359375,22.557126998901367,52.71991729736328
3291,-28845.58203125,-27273.00390625,11.929126739501953,22.52281951904297,52.76860809326172
3292,-28894.515625,-26262.59765625,11.920504570007324,22.522953033447266,52.70368957519531
3293,-28847.19921875,-27568.73046875,11.923239707946777,22.523929595947266,52.682579040527344
3294,-28965.73828125,-27242.607421875,11.927268028259277,22.548377990722656,52.79950714111328
3295,-28877.2734375,-27499.44140625,11.945051193237305,22.544784545898438,52.8306884765625
3296,-28926.798828125,-26035.400390625,11.930732727050781,22.513957977294922,52.74740219116211
3297,-28849.71875,-27235.888671875,11.938201904296875,22.534454345703125,52.78086853027344
3298,-28913.162109375,-27421.86328125,11.932795524597168,22.52785301208496,52.74547576904297
3299,-28906.8203125,-26979.9375,11.93635082244873,22.509201049804688,52.668548583984375
3300,-28848.486328125,-25779.82421875,11.941866874694824,22.525753021240234,52.723690032958984
3301,-28924.470703125,-26661.59375,11.948221206665039,22.555177688598633,52.78710174560547
3302,-28820.720703125,-27434.857421875,11.919940948486328,22.538223266601562,52.767921447753906
3303,-28926.30078125,-26321.15234375,11.928393363952637,22.563575744628906,52.847145080566406
3304,-28968.029296875,-27975.814453125,11.94617748260498,22.542129516601562,52.871192932128906
3305,-28907.046875,-26871.115234375,11.905230522155762,22.51068115234375,52.73881530761719
3306,-28932.18359375,-26946.37890625,11.917266845703125,22.51297378540039,52.74981689453125
3307,-28966.5,-26194.216796875,11.912768363952637,22.52344512939453,52.79058074951172
3308,-28875.8515625,-26929.8984375,11.914600372314453,22.492517471313477,52.654876708984375
3309,-28933.08984375,-25883.154296875,11.959176063537598,22.549114227294922,52.783111572265625
3310,-28969.05078125,-26206.453125,11.936683654785156,22.512489318847656,52.69694519042969
3311,-28900.455078125,-26901.91796875,11.93502140045166,22.577537536621094,52.7978515625
3312,-28836.810546875,-27087.310546875,11.919580459594727,22.556259155273438,52.84423828125
3313,-28796.033203125,-27425.14453125,11.956957817077637,22.566608428955078,52.73271179199219
3314,-28797.015625,-26125.583984375,11.947671890258789,22.56633186340332,52.7474479675293
3315,-28851.419921875,-27314.986328125,11.926047325134277,22.53057098388672,52.78547668457031
3316,-28932.03125,-27141.830078125,11.941839218139648,22.56479835510254,52.85186767578125
3317,-28909.158203125,-27429.431640625,11.909102439880371,22.494409561157227,52.68804931640625
3318,-29018.978515625,-27011.197265625,11.916747093200684,22.50806999206543,52.738555908203125
3319,-28899.42578125,-26627.375,11.929259300231934,22.510494232177734,52.72791290283203
3320,-28897.0234375,-26599.41796875,11.927464485168457,22.51712417602539,52.78886032104492
3321,-28849.466796875,-25624.7890625,11.951910972595215,22.537166595458984,52.728065490722656
3322,-28799.49609375,-27271.69921875,11.94821548461914,22.560277938842773,52.823204040527344
3323,-28944.998046875,-25984.234375,11.929619789123535,22.540481567382812,52.801841735839844
3324,-28840.662109375,-27470.560546875,11.928854942321777,22.49538230895996,52.66790008544922
3325,-28864.77734375,-27320.22265625,11.935678482055664,22.513038635253906,52.73051452636719
3326,-28956.8515625,-26103.130859375,11.947455406188965,22.530567169189453,52.817962646484375
3327,-28846.716796875,-26245.818359375,11.965276718139648,22.546520233154297,52.82133483886719
3328,-28956.87890625,-26199.9375,11.945999145507812,22.565818786621094,52.699424743652344
3329,-28834.916015625,-27223.162109375,11.928574562072754,22.57395362854004,52.720741271972656
3330,-28927.6015625,-26480.64453125,11.943063735961914,22.602725982666016,52.739990234375
3331,-28987.263671875,-26005.5859375,11.9142427444458,22.516674041748047,52.68873596191406
3332,-28869.748046875,-26302.134765625,11.936622619628906,22.533432006835938,52.736663818359375
3333,-28855.53515625,-27038.51953125,11.906182289123535,22.500713348388672,52.70452880859375
3334,-28998.23828125,-27437.462890625,11.9479341506958,22.57360076904297,52.81017303466797
3335,-28876.91796875,-26665.630859375,11.927508354187012,22.534156799316406,52.72721481323242
3336,-28890.529296875,-25991.41796875,11.89472770690918,22.494924545288086,52.679691314697266
3337,-28922.767578125,-26724.091796875,11.920938491821289,22.560970306396484,52.81074142456055
3338,-28858.8984375,-27483.458984375,11.930177688598633,22.52955436706543,52.700775146484375
3339,-28918.193359375,-25880.755859375,11.94583797454834,22.521854400634766,52.723934173583984
3340,-28836.6796875,-25592.701171875,11.93264389038086,22.547317504882812,52.763431549072266
3341,-28888.201171875,-27544.693359375,11.931358337402344,22.533016204833984,52.67748260498047
3342,-28902.275390625,-26032.84765625,11.924149513244629,22.549474716186523,52.782806396484375
3343,-28990.533203125,-26411.83203125,11.924586296081543,22.524978637695312,52.738136291503906
3344,-28955.2578125,-27260.943359375,11.92948055267334,22.524185180664062,52.77112579345703
3345,-28953.11328125,-26875.66796875,11.943095207214355,22.561532974243164,52.753074645996094
3346,-28890.544921875,-27178.7578125,11.955491065979004,22.565570831298828,52.682960510253906
3347,-28829.654296875,-25850.6015625,11.938837051391602,22.57997703552246,52.75748062133789
3348,-28868.390625,-26792.66796875,11.931046485900879,22.565582275390625,52.78445053100586
3349,-28909.578125,-27413.099609375,11.92089557647705,22.554180145263672,52.65586853027344
3350,-28837.552734375,-26585.310546875,11.93526554107666,22.57935905456543,52.75641632080078
3351,-28863.20703125,-27663.306640625,11.935511589050293,22.52800750732422,52.738433837890625
3352,-28941.90234375,-26927.0703125,11.942267417907715,22.53522491455078,52.74601745605469
3353,-28905.546875,-26279.0,11.93131160736084,22.523738861083984,52.74391555786133
3354,-28930.8125,-27423.798828125,11.951583862304688,22.56891441345215,52.79130172729492
3355,-28920.599609375,-26315.359375,11.950506210327148,22.55594253540039,52.72911071777344
3356,-28865.185546875,-27280.580078125,11.945240020751953,22.5445556640625,52.79138946533203
3357,-28894.322265625,-26961.947265625,11.917799949645996,22.53091049194336,52.72702407836914
3358,-28961.705078125,-27232.501953125,11.933488845825195,22.554779052734375,52.75861358642578
3359,-28859.578125,-27419.611328125,11.91704273223877,22.53628158569336,52.75680923461914
3360,-28892.935546875,-26891.3515625,11.943854331970215,22.55611801147461,52.77329635620117
3361,-28917.052734375,-25852.642578125,11.944091796875,22.530975341796875,52.78828048706055
3362,-28872.279296875,-26030.822265625,11.926993370056152,22.509817123413086,52.73937225341797
3363,-28948.130859375,-26906.3515625,11.954492568969727,22.57073211669922,52.81524658203125
3364,-28963.373046875,-26630.453125,11.939352035522461,22.53521728515625,52.74469757080078
3365,-28953.443359375,-27427.748046875,11.933948516845703,22.519926071166992,52.727699279785156
3366,-28866.326171875,-27715.06640625,11.923945426940918,22.496530532836914,52.63896179199219
3367,-28954.615234375,-26068.4921875,11.948941230773926,22.557884216308594,52.694129943847656
3368,-28904.599609375,-26950.796875,11.928321838378906,22.539194107055664,52.721187591552734
3369,-28939.181640625,-25592.166015625,11.961301803588867,22.55597686767578,52.72157287597656
3370,-28896.041015625,-27348.57421875,11.955020904541016,22.565998077392578,52.79887008666992
3371,-28909.556640625,-26241.576171875,11.927144050598145,22.522254943847656,52.7490348815918
3372,-29008.169921875,-27274.357421875,11.943779945373535,22.56671714782715,52.81123733520508
3373,-29007.876953125,-27595.044921875,11.921687126159668,22.556196212768555,52.77442932128906
3374,-28898.505859375,-26937.189453125,11.938312530517578,22.578563690185547,52.738670349121094
3375,-28903.046875,-27513.943359375,11.936498641967773,22.54995346069336,52.72229766845703
3376,-28992.755859375,-26491.63671875,11.928994178771973,22.511571884155273,52.688880920410156
3377,-28946.95703125,-27586.359375,11.952658653259277,22.55734634399414,52.78266906738281
3378,-28931.837890625,-25924.923828125,11.924010276794434,22.52618408203125,52.728492736816406
3379,-28959.89453125,-25894.1484375,11.94590950012207,22.57442855834961,52.81510925292969
3380,-28889.412109375,-27041.380859375,11.950506210327148,22.523303985595703,52.661251068115234
3381,-28962.80078125,-27474.001953125,11.914202690124512,22.484128952026367,52.649288177490234
3382,-28900.291015625,-26293.05859375,11.928589820861816,22.571243286132812,52.884796142578125
3383,-28981.826171875,-27256.71875,11.928393363952637,22.565553665161133,52.75225830078125
3384,-28900.556640625,-25978.90234375,11.946832656860352,22.578147888183594,52.7337532043457
3385,-28926.07421875,-26432.451171875,11.918335914611816,22.546113967895508,52.77973175048828
3386,-28927.560546875,-26637.671875,11.927366256713867,22.523012161254883,52.75907897949219
3387,-28938.16796875,-27323.8046875,11.936421394348145,22.55445098876953,52.77973556518555
3388,-28977.037109375,-26279.263671875,11.93727970123291,22.55336570739746,52.8634033203125
3389,-28854.810546875,-25871.4140625,11.948588371276855,22.542465209960938,52.72963333129883
3390,-28896.9140625,-26594.54296875,11.948397636413574,22.54227066040039,52.701446533203125
3391,-28910.58984375,-27099.78515625,11.965548515319824,22.556781768798828,52.766048431396484
3392,-28894.7421875,-27317.29296875,11.927120208740234,22.539642333984375,52.72499084472656
3393,-28944.693359375,-25977.796875,11.938794136047363,22.559600830078125,52.791160583496094
3394,-28917.564453125,-26527.1796875,11.95596981048584,22.545299530029297,52.736534118652344
3395,-29009.98046875,-26154.681640625,11.973349571228027,22.570384979248047,52.825714111328125
3396,-28956.78515625,-26764.06640625,11.958690643310547,22.562522888183594,52.747920989990234
3397,-28960.994140625,-27127.0859375,11.957934379577637,22.577190399169922,52.79083251953125
3398,-28930.587890625,-26414.03515625,11.941802024841309,22.53887176513672,52.75209045410156
3399,-28877.69921875,-27104.255859375,11.956988334655762,22.566425323486328,52.83784103393555
3400,-28906.73828125,-26655.373046875,11.944541931152344,22.53890609741211,52.78428268432617
3401,-28911.537109375,-26308.853515625,11.908370018005371,22.501197814941406,52.7398681640625
3402,-28932.328125,-27402.890625,11.941771507263184,22.557594299316406,52.75959014892578
3403,-28930.998046875,-27645.677734375,11.935275077819824,22.545085906982422,52.62090301513672
3404,-28918.552734375,-26436.0859375,11.946946144104004,22.548198699951172,52.75275421142578
3405,-28894.826171875,-26315.978515625,11.938460350036621,22.531208038330078,52.747291564941406
3406,-29035.671875,-27511.388671875,11.943017959594727,22.569114685058594,52.85562515258789
3407,-28969.515625,-25849.60546875,11.947724342346191,22.576398849487305,52.736549377441406
3408,-28840.310546875,-27572.73046875,11.968986511230469,22.591064453125,52.77232360839844
3409,-28883.66015625,-25685.767578125,11.953770637512207,22.56637191772461,52.75300598144531
3410,-28911.5234375,-26630.955078125,11.947714805603027,22.564220428466797,52.75254821777344
3411,-28943.6875,-26722.849609375,11.966887474060059,22.564151763916016,52.71363830566406
3412,-28895.685546875,-27452.8671875,11.943665504455566,22.544208526611328,52.708251953125
3413,-28969.28125,-27443.2734375,11.936995506286621,22.555978775024414,52.79081726074219
3414,-28967.623046875,-25416.708984375,11.95638370513916,22.604028701782227,52.80790710449219
3415,-28892.443359375,-27559.84375,11.934534072875977,22.57695770263672,52.73005294799805
3416,-28872.205078125,-25918.689453125,11.95603084564209,22.554977416992188,52.77766418457031
3417,-28949.455078125,-25591.62109375,11.932181358337402,22.52172088623047,52.72620391845703
3418,-28974.759765625,-26066.533203125,11.970606803894043,22.559038162231445,52.878929138183594
3419,-28944.615234375,-27458.5,11.949378967285156,22.554656982421875,52.72105026245117
3420,-28992.376953125,-27058.830078125,11.92806625366211,22.520376205444336,52.68098068237305
3421,-28966.896484375,-25904.8125,11.926583290100098,22.55140495300293,52.76264190673828
3422,-28917.1171875,-26677.126953125,11.935508728027344,22.522226333618164,52.71693420410156
3423,-28908.849609375,-27667.736328125,11.943138122558594,22.531940460205078,52.70782470703125
3424,-28862.431640625,-26515.5234375,11.923455238342285,22.52748680114746,52.684452056884766
3425,-28943.08203125,-26790.849609375,11.921647071838379,22.532804489135742,52.677940368652344
3426,-28917.130859375,-27601.3203125,11.93142032623291,22.560943603515625,52.74954605102539
3427,-28978.76953125,-26483.544921875,11.9362154006958,22.540977478027344,52.82952117919922
3428,-28876.052734375,-26656.810546875,11.945514678955078,22.50389862060547,52.65806198120117
3429,-28953.23828125,-26653.447265625,11.938300132751465,22.555160522460938,52.79136657714844
3430,-28948.267578125,-25824.3515625,11.949721336364746,22.570499420166016,52.747581481933594
3431,-29011.5546875,-27491.4296875,11.945940017700195,22.54097557067871,52.68663787841797
3432,-28983.41015625,-25255.732421875,11.951055526733398,22.546733856201172,52.85044860839844
3433,-28953.775390625,-26713.853515625,11.922127723693848,22.501787185668945,52.750816345214844
3434,-28915.625,-27575.59765625,11.9315767288208,22.51946258544922,52.749778747558594
3435,-28884.00390625,-26470.6328125,11.935725212097168,22.542278289794922,52.833717346191406
3436,-28956.564453125,-26576.8203125,11.926959037780762,22.52016830444336,52.731101989746094
3437,-28644.751953125,-27194.599609375,11.951648712158203,22.571537017822266,52.71092224121094
3438,-28863.646484375,-26565.953125,11.944162368774414,22.53127670288086,52.63715362548828
3439,-28888.701171875,-27300.70703125,11.967573165893555,22.563119888305664,52.789276123046875
3440,-28888.548828125,-25664.1015625,11.926395416259766,22.52191925048828,52.75164794921875
3441,-28935.16796875,-27368.91796875,11.954310417175293,22.555910110473633,52.815093994140625
3442,-28965.498046875,-26894.529296875,11.959803581237793,22.52906036376953,52.79546356201172
3443,-28925.587890625,-27768.1875,11.975214958190918,22.54825210571289,52.736053466796875
3444,-28977.193359375,-27539.736328125,11.971198081970215,22.5523624420166,52.78125
3445,-28919.740234375,-27282.244140625,11.939456939697266,22.540382385253906,52.72393035888672
3446,-28937.13671875,-26185.0859375,11.915970802307129,22.53005599975586,52.754276275634766
3447,-28962.638671875,-26413.14453125,11.934386253356934,22.55569839477539,52.848297119140625
3448,-28992.865234375,-24766.6484375,11.938667297363281,22.54300880432129,52.65202331542969
3449,-28905.685546875,-27740.61328125,11.929817199707031,22.548295974731445,52.762718200683594
3450,-28873.3984375,-26175.587890625,11.961172103881836,22.539329528808594,52.703460693359375
3451,-28995.453125,-25506.4765625,11.954647064208984,22.526737213134766,52.80653381347656
3452,-28893.21875,-27699.1484375,11.932560920715332,22.495620727539062,52.71733093261719
3453,-29029.69921875,-27315.998046875,11.967545509338379,22.551647186279297,52.71720886230469
3454,-28993.78515625,-25284.421875,11.958165168762207,22.57806396484375,52.84709930419922
3455,-28961.025390625,-27554.171875,11.943619728088379,22.58262825012207,52.762569427490234
3456,-28937.021484375,-26813.0078125,11.936591148376465,22.571544647216797,52.71410369873047
3457,-28998.14453125,-27506.892578125,11.948410034179688,22.548324584960938,52.72043991088867
3458,-28981.6796875,-26532.435546875,11.959515571594238,22.550918579101562,52.74428176879883
3459,-28969.927734375,-27766.802734375,11.936227798461914,22.518463134765625,52.751800537109375
3460,-28982.181640625,-27138.490234375,11.929375648498535,22.502607345581055,52.721588134765625
3461,-28847.515625,-27100.201171875,11.966002464294434,22.572063446044922,52.8748779296875
3462,-28977.99609375,-26280.001953125,11.942696571350098,22.555025100708008,52.710044860839844
3463,-28925.79296875,-27505.478515625,11.956942558288574,22.57762908935547,52.681427001953125
3464,-28940.439453125,-26866.03125,11.961333274841309,22.567913055419922,52.77037811279297
3465,-29002.08203125,-26543.60546875,11.954569816589355,22.549701690673828,52.754600524902344
3466,-28968.767578125,-27128.595703125,11.962723731994629,22.569564819335938,52.77253723144531
3467,-28891.841796875,-25907.705078125,11.932073593139648,22.54444122314453,52.74505615234375
3468,-28882.900390625,-26070.837890625,11.946088790893555,22.55593490600586,52.755584716796875
3469,-28993.494140625,-26715.28125,11.969233512878418,22.570056915283203,52.72127151489258
3470,-28909.6796875,-26381.48828125,11.939669609069824,22.512266159057617,52.73753356933594
3471,-28966.107421875,-27159.951171875,11.930359840393066,22.531322479248047,52.7362060546875
3472,-28988.29296875,-26282.115234375,11.96666145324707,22.581005096435547,52.810340881347656
3473,-28967.087890625,-27263.3984375,11.955873489379883,22.56433868408203,52.784732818603516
3474,-29006.357421875,-26770.634765625,11.94198989868164,22.55079460144043,52.713157653808594
3475,-28948.333984375,-27009.318359375,11.930960655212402,22.5922794342041,52.78816223144531
3476,-28958.228515625,-27697.3828125,11.97098445892334,22.590696334838867,52.65776062011719
3477,-28934.12890625,-26847.126953125,11.943702697753906,22.568904876708984,52.737632751464844
3478,-28949.00390625,-26644.82421875,11.973477363586426,22.618789672851562,52.87919616699219
3479,-28977.091796875,-27670.080078125,11.959858894348145,22.619827270507812,52.80358123779297
3480,-28997.0234375,-27577.974609375,11.949907302856445,22.600116729736328,52.765113830566406
3481,-28927.765625,-26279.75,11.931598663330078,22.536481857299805,52.73139190673828
3482,-28941.623046875,-26265.689453125,11.951179504394531,22.55245018005371,52.766082763671875
3483,-28976.72265625,-27684.771484375,11.950870513916016,22.586772918701172,52.80381774902344
3484,-28948.212890625,-25148.8984375,11.939441680908203,22.574329376220703,52.71820831298828
3485,-28843.822265625,-25761.587890625,11.939056396484375,22.56227684020996,52.700347900390625
3486,-28916.98828125,-26843.828125,11.958125114440918,22.561599731445312,52.73797607421875
3487,-28946.771484375,-27224.572265625,11.941746711730957,22.525156021118164,52.746070861816406
3488,-28987.38671875,-26015.748046875,11.962355613708496,22.551362991333008,52.72186279296875
3489,-28906.623046875,-27669.419921875,11.98029899597168,22.600509643554688,52.810855865478516
3490,-28978.462890625,-26781.279296875,11.939870834350586,22.54710578918457,52.684898376464844
3491,-28945.751953125,-27512.28515625,11.948187828063965,22.583831787109375,52.78606033325195
3492,-28921.46484375,-27072.662109375,11.943514823913574,22.542278289794922,52.7076301574707
3493,-28952.638671875,-27555.79296875,11.98018741607666,22.58763313293457,52.72168731689453
3494,-28988.603515625,-26953.33203125,11.948323249816895,22.549442291259766,52.685523986816406
3495,-28962.662109375,-26536.1171875,11.974831581115723,22.58694839477539,52.758811950683594
3496,-28980.787109375,-27891.294921875,11.95401668548584,22.549274444580078,52.716915130615234
3497,-29011.984375,-27136.884765625,11.946980476379395,22.5335693359375,52.785987854003906
3498,-28932.416015625,-25840.66796875,11.959796905517578,22.54148292541504,52.77739715576172
3499,-28989.927734375,-25967.541015625,11.951129913330078,22.56147575378418,52.73006057739258
3500,-28967.5625,-27707.94140625,11.962445259094238,22.578886032104492,52.750911712646484
3501,-28924.85546875,-27031.255859375,11.967888832092285,22.554262161254883,52.76750946044922
3502,-29050.517578125,-26906.408203125,11.933843612670898,22.523963928222656,52.69120407104492
3503,-28912.40625,-26440.712890625,11.949944496154785,22.555362701416016,52.749839782714844
3504,-29023.39453125,-25981.16015625,11.98901653289795,22.560115814208984,52.75829315185547
3505,-28970.34765625,-26568.29296875,11.975747108459473,22.525653839111328,52.6414794921875
3506,-28853.900390625,-26388.6953125,11.971980094909668,22.547203063964844,52.77494430541992
3507,-29031.72265625,-26365.0703125,11.971992492675781,22.55278778076172,52.753238677978516
3508,-28958.205078125,-26279.587890625,11.948567390441895,22.540006637573242,52.70512390136719
3509,-28986.13671875,-26356.705078125,11.943819999694824,22.5784912109375,52.7248649597168
3510,-28914.087890625,-25707.896484375,11.961771965026855,22.566505432128906,52.73577117919922
3511,-28962.57421875,-27263.12109375,11.959092140197754,22.58913803100586,52.77074432373047
3512,-28830.375,-26262.29296875,11.94678020477295,22.555404663085938,52.757591247558594
3513,-28963.091796875,-27410.369140625,11.936200141906738,22.543731689453125,52.71118927001953
3514,-28963.251953125,-25767.048828125,11.948237419128418,22.532928466796875,52.73179626464844
3515,-28992.97265625,-27133.1953125,11.973095893859863,22.550582885742188,52.79095458984375
3516,-28964.44140625,-27074.900390625,11.969128608703613,22.5787353515625,52.750946044921875
3517,-28965.951171875,-27318.197265625,11.952402114868164,22.555103302001953,52.7716064453125
3518,-28963.640625,-25831.935546875,11.937226295471191,22.5556697845459,52.803653717041016
3519,-28948.40625,-27780.279296875,11.966948509216309,22.56427574157715,52.725250244140625
3520,-28994.330078125,-26858.6171875,11.966188430786133,22.57305145263672,52.76421356201172
3521,-29068.703125,-27621.123046875,11.943548202514648,22.591663360595703,52.82546615600586
3522,-29046.70703125,-25520.388671875,11.954063415527344,22.55307960510254,52.69121170043945
3523,-29032.013671875,-27799.955078125,11.940835952758789,22.554235458374023,52.71300506591797
3524,-28961.5078125,-27549.552734375,11.953449249267578,22.59244155883789,52.73194885253906
3525,-28989.216796875,-26777.68359375,11.966806411743164,22.567710876464844,52.64674377441406
3526,-28892.048828125,-26030.298828125,11.955521583557129,22.558639526367188,52.75159454345703
3527,-28947.96484375,-27591.373046875,11.954792976379395,22.53761100769043,52.816749572753906
3528,-28993.0,-25967.515625,11.966442108154297,22.54443359375,52.7428092956543
3529,-28960.72265625,-27424.8984375,11.950762748718262,22.511520385742188,52.67328643798828
3530,-28994.71875,-25932.169921875,11.957489013671875,22.573331832885742,52.743980407714844
3531,-28995.9609375,-26034.814453125,11.960409164428711,22.597209930419922,52.71559143066406
3532,-28959.345703125,-26843.7265625,11.951065063476562,22.55337142944336,52.63920593261719
3533,-28975.166015625,-27748.337890625,11.969991683959961,22.617908477783203,52.70802307128906
3534,-28998.2890625,-27024.15234375,11.968281745910645,22.606525421142578,52.696800231933594
3535,-28948.056640625,-27271.81640625,11.957693099975586,22.585033416748047,52.77776336669922
3536,-28886.2421875,-27085.51953125,11.959195137023926,22.57141876220703,52.7255973815918
3537,-28960.08984375,-26125.359375,11.95444393157959,22.551780700683594,52.726585388183594
3538,-28901.6953125,-27049.453125,11.957621574401855,22.560306549072266,52.81454086303711
3539,-29010.5859375,-27727.375,11.966485023498535,22.60431480407715,52.792850494384766
3540,-28989.0078125,-27447.767578125,11.985589027404785,22.639171600341797,52.8116569519043
3541,-28999.470703125,-26701.626953125,11.9697847366333,22.578125,52.675987243652344
3542,-28972.921875,-27118.125,11.958456039428711,22.5980224609375,52.772010803222656
3543,-28920.88671875,-25887.404296875,11.964485168457031,22.587833404541016,52.772377014160156
3544,-28942.517578125,-25910.01171875,11.956215858459473,22.55033302307129,52.726600646972656
3545,-29029.83203125,-26917.65625,11.968392372131348,22.557212829589844,52.704322814941406
3546,-28986.296875,-27190.4765625,11.966930389404297,22.56598663330078,52.773216247558594
3547,-28989.609375,-26783.51953125,11.969317436218262,22.551172256469727,52.707698822021484
3548,-28970.34765625,-27213.029296875,11.94545841217041,22.514678955078125,52.655174255371094
3549,-29004.830078125,-27276.814453125,11.960847854614258,22.578886032104492,52.743125915527344
3550,-28932.60546875,-26430.267578125,11.975945472717285,22.590213775634766,52.794151306152344
3551,-29008.13671875,-27035.001953125,11.972258567810059,22.57452392578125,52.67428207397461
3552,-28926.25390625,-27467.177734375,11.971061706542969,22.56280517578125,52.69221496582031
3553,-28974.5,-27317.603515625,11.96806526184082,22.541790008544922,52.77616500854492
3554,-28920.970703125,-26191.1171875,11.96201229095459,22.569019317626953,52.79667663574219
3555,-28974.591796875,-25918.80078125,11.978816986083984,22.615394592285156,52.82646179199219
3556,-28942.328125,-26982.03125,11.943079948425293,22.537885665893555,52.67820739746094
3557,-29005.17578125,-25857.1875,11.973631858825684,22.578222274780273,52.755775451660156
3558,-28932.447265625,-27622.5546875,11.975796699523926,22.588075637817383,52.75666809082031
3559,-28939.48828125,-27417.78515625,11.960152626037598,22.611183166503906,52.76660919189453
3560,-28919.736328125,-26711.03125,11.945708274841309,22.58469009399414,52.78752899169922
3561,-28919.666015625,-27472.658203125,11.9700345993042,22.579113006591797,52.76397705078125
3562,-28960.669921875,-26822.310546875,11.97119140625,22.598224639892578,52.74782943725586
3563,-29043.685546875,-27605.0,11.946930885314941,22.579675674438477,52.76042938232422
3564,-29000.69921875,-27399.935546875,11.948345184326172,22.590145111083984,52.72046661376953
3565,-28955.224609375,-26600.35546875,11.963150024414062,22.605762481689453,52.800559997558594
3566,-28882.908203125,-27550.0390625,11.984031677246094,22.584320068359375,52.769065856933594
3567,-28982.44921875,-25926.099609375,11.956639289855957,22.555286407470703,52.712493896484375
3568,-28964.703125,-26518.4765625,11.991930961608887,22.60540008544922,52.75420379638672
3569,-28934.0703125,-26191.328125,11.950166702270508,22.56452178955078,52.69420623779297
3570,-28952.73046875,-26458.34765625,11.963730812072754,22.593873977661133,52.76203536987305
3571,-29025.31640625,-27141.73828125,11.945134162902832,22.564956665039062,52.759437561035156
3572,-29009.689453125,-26949.64453125,11.975407600402832,22.62952995300293,52.81954574584961
3573,-28968.478515625,-26393.20703125,11.964383125305176,22.624359130859375,52.86140060424805
3574,-28994.6484375,-26540.892578125,11.95437240600586,22.569019317626953,52.729652404785156
3575,-28973.15625,-27119.373046875,11.967338562011719,22.56401824951172,52.668357849121094
3576,-29047.0390625,-26188.91796875,11.974453926086426,22.587108612060547,52.8028564453125
3577,-29027.578125,-26563.84375,11.950246810913086,22.55972671508789,52.7126579284668
3578,-29020.220703125,-26965.72265625,11.982518196105957,22.579307556152344,52.77030563354492
3579,-28987.970703125,-27219.75390625,11.953903198242188,22.55199432373047,52.71424102783203
3580,-29043.021484375,-27894.015625,11.96872615814209,22.58979034423828,52.720157623291016
3581,-29045.77734375,-25308.46484375,11.956021308898926,22.582666397094727,52.772178649902344
3582,-28869.283203125,-25351.3125,11.963690757751465,22.565109252929688,52.760169982910156
3583,-28947.708984375,-27419.30859375,11.97390365600586,22.55954360961914,52.77151870727539
3584,-28898.427734375,-26586.197265625,11.982171058654785,22.58184814453125,52.76814651489258
3585,-28937.802734375,-27290.205078125,11.968485832214355,22.584325790405273,52.813331604003906
3586,-29003.064453125,-25812.326171875,11.985331535339355,22.597400665283203,52.739540100097656
3587,-28999.892578125,-26215.025390625,11.985198974609375,22.597314834594727,52.62755584716797
3588,-28912.623046875,-25887.896484375,11.972268104553223,22.58779525756836,52.7945556640625
3589,-28986.841796875,-26447.6328125,11.971467018127441,22.56401824951172,52.69828796386719
3590,-29026.568359375,-26327.646484375,11.973251342773438,22.579870223999023,52.85052490234375
3591,-29006.654296875,-25653.3671875,11.965075492858887,22.56224822998047,52.779754638671875
3592,-28909.763671875,-27558.34375,11.952284812927246,22.534767150878906,52.819061279296875
3593,-29029.90234375,-26618.572265625,11.975484848022461,22.61530113220215,52.80644989013672
3594,-28938.1484375,-26770.32421875,11.947464942932129,22.592937469482422,52.76238250732422
3595,-29076.470703125,-26389.357421875,11.996208190917969,22.620281219482422,52.783447265625
3596,-29019.837890625,-27016.921875,11.998046875,22.611997604370117,52.776607513427734
3597,-29031.380859375,-26768.37890625,11.973699569702148,22.547744750976562,52.7584114074707
3598,-28928.15234375,-25567.42578125,11.993374824523926,22.55927085876465,52.85103988647461
3599,-29058.970703125,-26629.076171875,11.97070598602295,22.58444595336914,52.81842041015625
3600,-29007.662109375,-27342.41796875,11.931946754455566,22.554054260253906,52.70016860961914
3601,-29011.763671875,-27533.392578125,11.96257209777832,22.570816040039062,52.83613586425781
3602,-29099.1796875,-25677.50390625,11.968025207519531,22.57515525817871,52.788673400878906
3603,-28931.201171875,-27087.236328125,11.974445343017578,22.590173721313477,52.7247428894043
3604,-28938.484375,-26882.736328125,11.956080436706543,22.580745697021484,52.78080749511719
3605,-29004.515625,-27680.810546875,11.954115867614746,22.556564331054688,52.71132278442383
3606,-29022.46484375,-26846.455078125,11.972848892211914,22.611438751220703,52.79185485839844
3607,-29042.73046875,-26933.734375,11.973170280456543,22.57281494140625,52.73249816894531
3608,-29010.607421875,-26492.46484375,11.956596374511719,22.57912826538086,52.82634735107422
3609,-28942.87890625,-25438.8359375,11.97739028930664,22.602825164794922,52.70590591430664
3610,-29012.505859375,-26090.576171875,11.953754425048828,22.598262786865234,52.72934341430664
3611,-29036.19921875,-26861.025390625,11.993764877319336,22.58911895751953,52.7043342590332
3612,-29010.884765625,-27620.357421875,11.975119590759277,22.553735733032227,52.651031494140625
3613,-28937.232421875,-27452.251953125,11.973984718322754,22.59194564819336,52.74906539916992
3614,-28908.50390625,-27647.205078125,11.974271774291992,22.57206916809082,52.73313903808594
3615,-28997.392578125,-27589.248046875,11.963817596435547,22.572633743286133,52.775291442871094
3616,-29011.65234375,-26485.87890625,11.969728469848633,22.578611373901367,52.74860763549805
3617,-29037.123046875,-27265.015625,11.975001335144043,22.60867691040039,52.75707244873047
3618,-28995.7890625,-26612.486328125,11.954005241394043,22.587085723876953,52.70698165893555
3619,-29000.556640625,-26521.5,11.976412773132324,22.579891204833984,52.74290466308594
3620,-28950.59765625,-26180.419921875,11.952593803405762,22.587398529052734,52.746124267578125
3621,-29043.80078125,-25750.666015625,11.979098320007324,22.615537643432617,52.713470458984375
3622,-28905.90625,-26446.1953125,11.96684741973877,22.580612182617188,52.71845245361328
3623,-28952.388671875,-27639.345703125,11.953390121459961,22.5682373046875,52.71856689453125
3624,-29016.806640625,-25804.373046875,11.972978591918945,22.579389572143555,52.79615020751953
3625,-28912.50390625,-27343.71875,11.96159553527832,22.562971115112305,52.7349967956543
3626,-29055.44140625,-27224.990234375,11.968080520629883,22.60403060913086,52.73198699951172
3627,-28973.91015625,-26693.955078125,11.983050346374512,22.608016967773438,52.65491485595703
3628,-29019.26953125,-27147.70703125,11.965010643005371,22.580778121948242,52.664794921875
3629,-29078.07421875,-27586.958984375,11.97679615020752,22.573284149169922,52.70978546142578
3630,-29053.69140625,-26447.265625,11.989611625671387,22.592750549316406,52.75450134277344
3631,-28937.455078125,-25643.146484375,11.963134765625,22.558799743652344,52.737693786621094
3632,-28907.47265625,-27669.3359375,11.973736763000488,22.56433868408203,52.82131576538086
3633,-29062.091796875,-27596.359375,11.983221054077148,22.56793975830078,52.72246551513672
3634,-29035.921875,-27440.330078125,11.986199378967285,22.569446563720703,52.715850830078125
3635,-29024.4140625,-25577.818359375,11.965025901794434,22.561573028564453,52.70349884033203
3636,-29032.466796875,-27312.37109375,11.982861518859863,22.626813888549805,52.81711196899414
3637,-28977.119140625,-27019.49609375,11.9790678024292,22.628093719482422,52.82635498046875
3638,-29024.51171875,-25431.953125,11.96902084350586,22.613122940063477,52.725555419921875
3639,-29025.564453125,-27382.923828125,11.980788230895996,22.617122650146484,52.736328125
3640,-28963.96875,-26252.80078125,11.978748321533203,22.594341278076172,52.78466796875
3641,-28952.462890625,-27681.419921875,11.960140228271484,22.59585952758789,52.82792663574219
3642,-29012.857421875,-26781.013671875,11.965944290161133,22.593116760253906,52.6486701965332
3643,-29050.984375,-27600.025390625,12.005948066711426,22.62602996826172,52.79214096069336
3644,-28978.208984375,-27239.619140625,11.969208717346191,22.561695098876953,52.76497268676758
3645,-28948.6015625,-26787.970703125,11.9768705368042,22.601085662841797,52.796478271484375
3646,-29036.640625,-27434.619140625,11.982397079467773,22.633647918701172,52.807952880859375
3647,-29057.1953125,-27673.09765625,11.978068351745605,22.59510040283203,52.768585205078125
3648,-28996.576171875,-26110.916015625,11.983842849731445,22.587778091430664,52.769309997558594
3649,-29121.63671875,-27603.412109375,11.979989051818848,22.613401412963867,52.73223114013672
3650,-29013.482421875,-26008.138671875,11.981973648071289,22.60511589050293,52.718833923339844
3651,-28956.0234375,-27480.34765625,11.985325813293457,22.614212036132812,52.6672477722168
3652,-29048.443359375,-24966.78125,11.964287757873535,22.597747802734375,52.77907943725586
3653,-28980.77734375,-26594.15234375,11.975567817687988,22.575183868408203,52.71916580200195
3654,-29102.1484375,-27681.8359375,11.982474327087402,22.56653594970703,52.707542419433594
3655,-28936.859375,-27175.42578125,11.986712455749512,22.601409912109375,52.83061218261719
3656,-29036.70703125,-26443.658203125,11.959799766540527,22.55856704711914,52.72475814819336
3657,-29056.44921875,-27135.357421875,11.9800386428833,22.542722702026367,52.65623092651367
3658,-28993.93359375,-26116.384765625,11.979881286621094,22.565319061279297,52.753028869628906
3659,-28957.755859375,-27512.703125,11.968615531921387,22.567148208618164,52.66294860839844
3660,-29066.916015625,-26198.12109375,11.946671485900879,22.55397605895996,52.71337127685547
3661,-28981.845703125,-25570.833984375,11.967885971069336,22.552425384521484,52.67731475830078
3662,-28991.115234375,-27581.494140625,12.014996528625488,22.611162185668945,52.763587951660156
3663,-28924.365234375,-27126.046875,11.964173316955566,22.56460189819336,52.717041015625
3664,-28997.1484375,-27598.837890625,11.971395492553711,22.581262588500977,52.74248504638672
3665,-28979.1328125,-27498.19921875,11.996744155883789,22.582725524902344,52.77609634399414
3666,-29057.296875,-26205.0078125,11.99423599243164,22.577293395996094,52.666969299316406
3667,-29019.1171875,-26348.376953125,11.993064880371094,22.59255599975586,52.743064880371094
3668,-29001.1015625,-27686.27734375,11.965100288391113,22.610301971435547,52.75602722167969
3669,-29036.12890625,-26029.111328125,11.986174583435059,22.569011688232422,52.710594177246094
3670,-28993.220703125,-26839.75390625,11.966818809509277,22.546903610229492,52.686981201171875
3671,-29063.38671875,-26667.08984375,11.977835655212402,22.579877853393555,52.76746368408203
3672,-28976.92578125,-25595.3984375,11.976078987121582,22.585037231445312,52.73097229003906
3673,-29008.43359375,-27654.515625,11.956541061401367,22.571243286132812,52.687957763671875
3674,-28977.751953125,-27380.951171875,11.993102073669434,22.6214599609375,52.74713134765625
3675,-28977.822265625,-26294.990234375,11.978275299072266,22.61443328857422,52.77134704589844
3676,-29006.302734375,-26449.111328125,11.977461814880371,22.606834411621094,52.707359313964844
3677,-29053.3671875,-26837.44921875,11.976090431213379,22.587177276611328,52.78858184814453
3678,-28954.919921875,-26382.8125,11.962148666381836,22.575077056884766,52.734352111816406
3679,-28989.98046875,-26518.2421875,11.986468315124512,22.615867614746094,52.74574279785156
3680,-28975.27734375,-27183.955078125,11.96936321258545,22.613018035888672,52.73994445800781
3681,-29037.3671875,-27441.48828125,11.996330261230469,22.613525390625,52.71270751953125
3682,-29057.587890625,-27159.435546875,11.95482349395752,22.573566436767578,52.74895095825195
3683,-29074.369140625,-26470.720703125,11.98801040649414,22.623687744140625,52.76759338378906
3684,-29058.78125,-26956.40234375,11.95714282989502,22.577232360839844,52.716156005859375
3685,-29090.17578125,-26780.25390625,11.973965644836426,22.592727661132812,52.73822021484375
3686,-29047.58984375,-26328.9453125,11.955517768859863,22.589550018310547,52.73830032348633
3687,-29025.09375,-25995.833984375,11.980463027954102,22.630413055419922,52.76758575439453
3688,-29075.978515625,-27370.556640625,11.9544095993042,22.563068389892578,52.66755676269531
3689,-28998.953125,-25969.671875,11.974324226379395,22.59644317626953,52.78407287597656
3690,-28959.0390625,-27049.1640625,11.989670753479004,22.591102600097656,52.68535232543945
3691,-29027.171875,-25565.810546875,11.993476867675781,22.62222671508789,52.72745132446289
3692,-28965.880859375,-27427.90234375,11.975276947021484,22.591720581054688,52.748802185058594
3693,-29026.28125,-25698.86328125,11.984908103942871,22.5732421875,52.689109802246094
3694,-29003.005859375,-27352.861328125,11.985554695129395,22.62408447265625,52.78881072998047
3695,-29026.12890625,-27098.58203125,11.977675437927246,22.602916717529297,52.807369232177734
3696,-29059.380859375,-27752.1875,11.985363006591797,22.622337341308594,52.73409652709961
3697,-29013.86328125,-26529.73828125,11.998056411743164,22.62204360961914,52.76732635498047
3698,-28944.7265625,-26398.38671875,11.9674654006958,22.517045974731445,52.644134521484375
3699,-29088.34375,-27369.978515625,11.977656364440918,22.53970718383789,52.714317321777344
3700,-29062.4296875,-26526.1171875,11.969233512878418,22.550018310546875,52.70497131347656
3701,-29016.455078125,-27738.693359375,11.973087310791016,22.586475372314453,52.72821044921875
3702,-28994.4375,-27114.033203125,11.979265213012695,22.609451293945312,52.773597717285156
3703,-29098.353515625,-25761.892578125,11.98758316040039,22.603408813476562,52.78327560424805
3704,-28989.78515625,-26361.53515625,11.974831581115723,22.638336181640625,52.772193908691406
3705,-29034.58203125,-25982.3046875,11.965316772460938,22.542583465576172,52.6517448425293
3706,-29033.75390625,-25956.619140625,11.999866485595703,22.596797943115234,52.74467086791992
3707,-28955.6953125,-27607.330078125,11.972870826721191,22.59986114501953,52.79692840576172
3708,-28890.228515625,-26177.259765625,11.976861000061035,22.61528968811035,52.806480407714844
3709,-28979.58203125,-26802.615234375,11.96516227722168,22.551498413085938,52.672271728515625
3710,-29118.9296875,-25783.109375,11.9996337890625,22.611427307128906,52.85087585449219
3711,-29116.654296875,-27356.5078125,11.965468406677246,22.590606689453125,52.78553009033203
3712,-29045.296875,-26362.708984375,11.981062889099121,22.631736755371094,52.82948684692383
3713,-29031.181640625,-27260.0546875,12.003433227539062,22.657001495361328,52.81877899169922
3714,-29000.7421875,-27753.845703125,11.978522300720215,22.608844757080078,52.75775146484375
3715,-29039.099609375,-26478.611328125,11.999980926513672,22.615144729614258,52.78425598144531
3716,-29008.982421875,-26323.34375,11.977034568786621,22.577930450439453,52.736507415771484
3717,-29029.73046875,-26027.017578125,12.000699043273926,22.604602813720703,52.75105285644531
3718,-28896.423828125,-27480.724609375,11.97927474975586,22.561050415039062,52.55577087402344
3719,-29030.896484375,-25698.60546875,11.990062713623047,22.60750961303711,52.71672439575195
3720,-29071.193359375,-26107.8671875,11.970479965209961,22.59988784790039,52.70268630981445
3721,-29002.33984375,-27182.896484375,11.990103721618652,22.612289428710938,52.744964599609375
3722,-29072.6484375,-26854.390625,11.973109245300293,22.593399047851562,52.759212493896484
3723,-29051.95703125,-26813.673828125,11.990741729736328,22.599958419799805,52.77955627441406
3724,-28909.107421875,-26314.37109375,11.985539436340332,22.580883026123047,52.70944595336914
3725,-29058.439453125,-26205.888671875,11.997718811035156,22.610891342163086,52.8182373046875
3726,-28962.08984375,-27068.666015625,12.01250171661377,22.60552215576172,52.699371337890625
3727,-29089.9609375,-26412.009765625,11.981719017028809,22.58487319946289,52.6492919921875
3728,-28998.0859375,-25213.28515625,11.97449779510498,22.63313865661621,52.819427490234375
3729,-28986.255859375,-27496.439453125,11.985331535339355,22.60057830810547,52.71074676513672
3730,-28955.654296875,-27381.0859375,11.984465599060059,22.610519409179688,52.71831512451172
3731,-29024.1875,-26797.244140625,11.972301483154297,22.629867553710938,52.70917510986328
3732,-29037.85546875,-27455.76953125,11.971144676208496,22.59188461303711,52.67192077636719
3733,-29038.095703125,-26076.048828125,11.955641746520996,22.57392120361328,52.713035583496094
3734,-29035.177734375,-27581.4375,12.002230644226074,22.650983810424805,52.7923583984375
3735,-29033.994140625,-26204.8046875,11.992782592773438,22.59942054748535,52.75218963623047
3736,-29018.880859375,-25888.330078125,11.985718727111816,22.58777618408203,52.72563171386719
3737,-28938.9296875,-25618.828125,11.9830322265625,22.585308074951172,52.7447395324707
3738,-28987.849609375,-27679.109375,11.987198829650879,22.607860565185547,52.75514221191406
3739,-28639.65625,-26004.177734375,11.986356735229492,22.575349807739258,52.49241638183594
3740,-28843.08203125,-27597.853515625,12.00483512878418,22.639564514160156,52.74277877807617
3741,-28914.50390625,-27505.255859375,12.008772850036621,22.665607452392578,52.78792953491211
3742,-29035.85546875,-26844.349609375,11.998332023620605,22.636402130126953,52.74318313598633
3743,-28933.9921875,-26342.298828125,12.01099967956543,22.62665367126465,52.73822784423828
3744,-28966.861328125,-26747.6015625,11.981141090393066,22.585243225097656,52.68384552001953
3745,-29092.005859375,-27277.453125,11.984617233276367,22.646886825561523,52.79639434814453
3746,-29002.00390625,-25539.82421875,11.986294746398926,22.616130828857422,52.709476470947266
3747,-29008.56640625,-25965.142578125,12.001635551452637,22.624065399169922,52.75987243652344
3748,-29026.35546875,-27419.529296875,11.978841781616211,22.579853057861328,52.70179748535156
3749,-28994.79296875,-26384.7265625,12.00623893737793,22.62290382385254,52.778350830078125
3750,-29043.25,-27118.259765625,11.998363494873047,22.59881591796875,52.73619842529297
3751,-29076.76171875,-27478.83984375,11.998682975769043,22.590499877929688,52.679561614990234
3752,-28972.0234375,-26714.376953125,11.9795503616333,22.593738555908203,52.71002197265625
3753,-29028.775390625,-26642.103515625,11.982558250427246,22.622047424316406,52.8764533996582
3754,-29044.8828125,-26540.3359375,11.966046333312988,22.57461166381836,52.74640655517578
3755,-29012.9140625,-25765.986328125,11.997101783752441,22.613094329833984,52.74683380126953
3756,-28938.673828125,-27622.212890625,11.994303703308105,22.60561752319336,52.78455352783203
3757,-29021.001953125,-26376.373046875,11.985102653503418,22.6159725189209,52.81443786621094
3758,-29097.400390625,-27490.30859375,12.011788368225098,22.62445068359375,52.67808532714844
3759,-29033.228515625,-26063.14453125,11.989124298095703,22.5864315032959,52.705657958984375
3760,-29152.6875,-26412.083984375,11.982152938842773,22.610328674316406,52.79121398925781
3761,-29087.783203125,-26013.2109375,11.99107837677002,22.582210540771484,52.747650146484375
3762,-29052.6875,-25661.974609375,11.992197036743164,22.604658126831055,52.78700256347656
3763,-29049.01171875,-26403.478515625,11.986245155334473,22.59117317199707,52.74065017700195
3764,-29034.275390625,-27157.474609375,11.97668170928955,22.607540130615234,52.76842498779297
3765,-29001.40625,-26159.666015625,11.98760986328125,22.63374137878418,52.70985412597656
3766,-29093.03515625,-26832.11328125,11.988313674926758,22.602645874023438,52.708290100097656
3767,-29034.71875,-27585.16796875,11.98271656036377,22.604698181152344,52.73701477050781
3768,-29023.17578125,-27848.841796875,12.005266189575195,22.607913970947266,52.67494583129883
3769,-29020.99609375,-26319.794921875,11.989418983459473,22.617210388183594,52.71597671508789
3770,-29019.57421875,-27125.546875,11.982227325439453,22.635345458984375,52.751190185546875
3771,-29050.400390625,-25872.068359375,12.001179695129395,22.627819061279297,52.779296875
3772,-28949.017578125,-27683.34375,11.961976051330566,22.59978675842285,52.61865234375
3773,-29064.130859375,-27489.732421875,11.990828514099121,22.629518508911133,52.80952453613281
3774,-29038.162109375,-26124.228515625,11.980562210083008,22.609745025634766,52.73529052734375
3775,-29035.60546875,-27416.2734375,11.998983383178711,22.620962142944336,52.731231689453125
3776,-29129.70703125,-25701.005859375,12.005460739135742,22.61919403076172,52.764015197753906
3777,-29064.333984375,-26046.455078125,11.974686622619629,22.585758209228516,52.64990234375
3778,-28941.853515625,-26778.46875,12.00352668762207,22.622146606445312,52.742637634277344
3779,-29033.080078125,-26990.248046875,11.99377155303955,22.627395629882812,52.81012725830078
3780,-29034.1015625,-27212.43359375,12.00641918182373,22.59022331237793,52.69248962402344
3781,-29106.541015625,-26936.34375,11.992311477661133,22.599546432495117,52.715415954589844
3782,-29047.69921875,-27721.9453125,11.9988374710083,22.636247634887695,52.80325698852539
3783,-29022.013671875,-26174.896484375,12.00754165649414,22.637203216552734,52.74771499633789
3784,-28953.640625,-26218.904296875,11.981097221374512,22.595382690429688,52.721519470214844
3785,-29018.203125,-27428.0625,11.996376037597656,22.609737396240234,52.74575424194336
3786,-29045.580078125,-26876.666015625,11.969168663024902,22.599905014038086,52.76201629638672
3787,-29075.630859375,-26450.568359375,11.997374534606934,22.597766876220703,52.770565032958984
3788,-29065.15625,-26483.908203125,11.974114418029785,22.595561981201172,52.77899932861328
3789,-29030.7421875,-27142.61328125,12.006964683532715,22.615779876708984,52.7064208984375
3790,-29010.86328125,-25922.126953125,11.972146987915039,22.60295295715332,52.741119384765625
3791,-29022.646484375,-26408.48046875,12.00845718383789,22.632869720458984,52.838623046875
3792,-29071.177734375,-25939.953125,11.986845970153809,22.56751251220703,52.76195526123047
3793,-29011.953125,-27145.763671875,11.996786117553711,22.56993865966797,52.74199295043945
3794,-29131.42578125,-26494.232421875,11.97489070892334,22.56645393371582,52.72860336303711
3795,-29127.57421875,-26103.435546875,11.975373268127441,22.59447479248047,52.74542236328125
3796,-29105.982421875,-26234.5859375,11.993260383605957,22.597339630126953,52.69929504394531
3797,-29015.25390625,-27707.662109375,11.961503028869629,22.56841278076172,52.71684265136719
3798,-29001.033203125,-27287.388671875,11.983564376831055,22.617298126220703,52.74943923950195
3799,-29086.541015625,-26438.494140625,12.001008987426758,22.622289657592773,52.768959045410156
3800,-28988.44140625,-27391.388671875,12.002385139465332,22.636722564697266,52.726722717285156
3801,-29023.666015625,-27057.453125,12.002062797546387,22.64028549194336,52.73689270019531
3802,-29077.400390625,-26546.921875,11.982332229614258,22.57196617126465,52.64466094970703
3803,-29039.57421875,-27361.65234375,12.005780220031738,22.623241424560547,52.785667419433594
3804,-29045.78125,-27469.873046875,11.982573509216309,22.590347290039062,52.77672576904297
3805,-29134.376953125,-26440.765625,11.997110366821289,22.588939666748047,52.74397277832031
3806,-29080.9296875,-25902.982421875,12.007259368896484,22.579689025878906,52.65802764892578
3807,-29041.033203125,-27162.9375,11.970492362976074,22.574127197265625,52.684288024902344
3808,-29117.95703125,-26692.095703125,12.014512062072754,22.628128051757812,52.768531799316406
3809,-29032.974609375,-27839.3984375,11.994489669799805,22.597253799438477,52.79621887207031
3810,-29038.96875,-27563.2265625,12.006044387817383,22.62938117980957,52.7374153137207
3811,-29030.951171875,-27216.103515625,12.011320114135742,22.634498596191406,52.801002502441406
3812,-29036.197265625,-26584.595703125,11.992141723632812,22.59976577758789,52.76967239379883
3813,-29019.8515625,-25854.740234375,12.004549026489258,22.59896469116211,52.76564025878906
3814,-29067.017578125,-26263.015625,12.012454986572266,22.60250473022461,52.743797302246094
3815,-28943.5390625,-26379.287109375,12.00853157043457,22.592681884765625,52.74427795410156
3816,-29088.0703125,-26783.4765625,11.973895072937012,22.552637100219727,52.59998321533203
3817,-29008.142578125,-25599.166015625,11.98938274383545,22.634187698364258,52.78614044189453
3818,-29043.310546875,-27272.552734375,11.989502906799316,22.590740203857422,52.776954650878906
3819,-29008.779296875,-26155.40625,11.986669540405273,22.566967010498047,52.71339416503906
3820,-29125.396484375,-26921.513671875,12.004338264465332,22.58302879333496,52.728755950927734
3821,-29115.951171875,-26452.884765625,12.009330749511719,22.58535385131836,52.74793243408203
3822,-29029.607421875,-25885.806640625,12.025786399841309,22.599123001098633,52.792205810546875
3823,-29053.455078125,-26129.73828125,11.98331356048584,22.537248611450195,52.762664794921875
3824,-29036.771484375,-26707.388671875,12.021575927734375,22.58050537109375,52.75785827636719
3825,-29010.728515625,-26915.16796875,12.003609657287598,22.577533721923828,52.748897552490234
3826,-29106.796875,-27228.755859375,12.023234367370605,22.63058853149414,52.75076675415039
3827,-29006.44140625,-26523.294921875,11.986756324768066,22.605567932128906,52.76595687866211
3828,-29032.392578125,-27857.052734375,11.975199699401855,22.568950653076172,52.746856689453125
3829,-29034.263671875,-27722.28125,11.988688468933105,22.580711364746094,52.70075607299805
3830,-29031.6484375,-27414.248046875,11.98986530303955,22.59449005126953,52.72105026245117
3831,-29070.453125,-25783.443359375,12.000045776367188,22.633752822875977,52.71488952636719
3832,-29031.75,-27068.0234375,12.007452011108398,22.614910125732422,52.686500549316406
3833,-29026.822265625,-27074.5859375,12.004735946655273,22.634349822998047,52.80257034301758
3834,-28983.60546875,-27426.689453125,11.964519500732422,22.600894927978516,52.76422119140625
3835,-29137.560546875,-26794.791015625,12.006478309631348,22.620553970336914,52.706539154052734
3836,-29085.66015625,-26251.607421875,11.983685493469238,22.584575653076172,52.735069274902344
3837,-29032.677734375,-25437.6875,12.0106840133667,22.631803512573242,52.79224395751953
3838,-29054.166015625,-25729.865234375,12.005693435668945,22.626710891723633,52.733680725097656
3839,-29116.146484375,-27513.46484375,12.005361557006836,22.6389102935791,52.73735809326172
3840,-29007.357421875,-26986.490234375,11.963403701782227,22.554292678833008,52.75838851928711
3841,-29072.05078125,-26377.24609375,12.011419296264648,22.61737060546875,52.760772705078125
3842,-29093.673828125,-27374.46484375,12.012762069702148,22.62140655517578,52.743255615234375
3843,-28977.365234375,-27070.52734375,12.004803657531738,22.602519989013672,52.766571044921875
3844,-29067.3125,-26426.494140625,12.015129089355469,22.598766326904297,52.733943939208984
3845,-29086.994140625,-27076.173828125,11.975793838500977,22.5521240234375,52.677154541015625
3846,-29050.484375,-25549.525390625,12.000373840332031,22.61968421936035,52.75334930419922
3847,-29115.728515625,-27430.283203125,11.995890617370605,22.588428497314453,52.6932373046875
3848,-29062.513671875,-27492.947265625,12.014450073242188,22.64581298828125,52.751155853271484
3849,-29056.30078125,-26840.189453125,11.988509178161621,22.5896053314209,52.671119689941406
3850,-29055.529296875,-26418.19921875,12.016181945800781,22.63977813720703,52.7589111328125
3851,-29127.669921875,-27692.501953125,11.995034217834473,22.574256896972656,52.784034729003906
3852,-29072.96484375,-25587.1640625,11.996933937072754,22.60177993774414,52.757511138916016
3853,-28975.646484375,-27405.71484375,11.999224662780762,22.62517547607422,52.65800476074219
3854,-29051.90234375,-26650.537109375,11.992691993713379,22.612934112548828,52.78764343261719
3855,-29066.923828125,-27493.302734375,12.00879192352295,22.64301300048828,52.808326721191406
3856,-29055.283203125,-26166.05859375,11.966654777526855,22.537384033203125,52.68382263183594
3857,-29110.630859375,-27523.994140625,12.009101867675781,22.61939239501953,52.804710388183594
3858,-29040.908203125,-26000.564453125,11.986910820007324,22.593090057373047,52.730323791503906
3859,-29062.6796875,-27189.298828125,11.995503425598145,22.615989685058594,52.78583526611328
3860,-29037.486328125,-26095.50390625,12.005066871643066,22.60712432861328,52.73168182373047
3861,-29102.515625,-27360.41796875,11.972662925720215,22.572792053222656,52.80333709716797
3862,-29149.462890625,-26660.986328125,11.98766040802002,22.628948211669922,52.825233459472656
3863,-29065.30859375,-26265.212890625,11.982348442077637,22.614471435546875,52.764503479003906
3864,-29076.66015625,-27641.373046875,11.986186027526855,22.613079071044922,52.72660827636719
3865,-29008.521484375,-26213.212890625,11.973448753356934,22.583139419555664,52.65667724609375
3866,-29080.5703125,-25751.5078125,12.003805160522461,22.637401580810547,52.70008850097656
3867,-29023.212890625,-27338.259765625,12.00402545928955,22.625091552734375,52.71965408325195
3868,-29042.859375,-26169.416015625,12.001551628112793,22.594961166381836,52.75151824951172
3869,-29017.1171875,-27579.68359375,11.992280960083008,22.58637237548828,52.73720169067383
3870,-29017.37109375,-26113.0703125,11.976880073547363,22.580001831054688,52.70876693725586
3871,-29069.509765625,-26556.818359375,11.99351692199707,22.594406127929688,52.77734375
3872,-29109.244140625,-27569.517578125,11.976319313049316,22.577320098876953,52.67498016357422
3873,-29069.4375,-25949.07421875,12.00577163696289,22.633346557617188,52.78142547607422
3874,-29073.224609375,-27131.2265625,11.994919776916504,22.63237953186035,52.73979949951172
3875,-29184.91796875,-27470.595703125,12.008285522460938,22.660167694091797,52.76814270019531
3876,-29074.685546875,-26324.630859375,12.028904914855957,22.631404876708984,52.763221740722656
3877,-29055.205078125,-27549.095703125,12.014118194580078,22.599822998046875,52.708740234375
3878,-29159.361328125,-26248.912109375,12.010773658752441,22.60483169555664,52.6988525390625
3879,-29045.861328125,-27680.181640625,11.996733665466309,22.63097381591797,52.78022003173828
3880,-29046.58984375,-27057.34765625,11.9982271194458,22.640483856201172,52.786346435546875
3881,-29139.86328125,-27433.689453125,12.013075828552246,22.612220764160156,52.766357421875
3882,-29104.82421875,-26915.115234375,12.002909660339355,22.62264633178711,52.795936584472656
3883,-28996.36328125,-27780.453125,12.03593635559082,22.634632110595703,52.833106994628906
3884,-29026.455078125,-26934.154296875,11.996761322021484,22.623172760009766,52.854488372802734
3885,-29049.029296875,-26717.0234375,11.994508743286133,22.631092071533203,52.6990966796875
3886,-29072.88671875,-25781.7421875,11.994019508361816,22.61419677734375,52.73998260498047
3887,-28999.193359375,-26049.4296875,12.001177787780762,22.625051498413086,52.804725646972656
3888,-29031.462890625,-27626.50390625,12.002032279968262,22.646406173706055,52.80146026611328
3889,-29137.568359375,-26049.51171875,12.00715446472168,22.613006591796875,52.70600128173828
3890,-29094.3515625,-27163.63671875,11.993504524230957,22.598777770996094,52.767486572265625
3891,-29102.90234375,-27559.04296875,11.971287727355957,22.575042724609375,52.65209197998047
3892,-29050.013671875,-26835.63671875,11.988712310791016,22.597381591796875,52.641578674316406
3893,-29138.576171875,-27265.6328125,12.019533157348633,22.63020896911621,52.73529815673828
3894,-29039.158203125,-27710.677734375,11.997138977050781,22.593412399291992,52.6890869140625
3895,-29034.66015625,-25855.755859375,11.995856285095215,22.583728790283203,52.64869689941406
3896,-29158.20703125,-27636.568359375,12.001564025878906,22.60228157043457,52.734771728515625
3897,-29087.861328125,-26320.46875,12.008493423461914,22.652935028076172,52.785400390625
3898,-29081.173828125,-26078.353515625,12.01680850982666,22.632675170898438,52.78810119628906
3899,-29069.91796875,-26176.275390625,12.01677417755127,22.61371612548828,52.69410705566406
3900,-29043.486328125,-27049.75390625,11.994327545166016,22.598859786987305,52.73926544189453
3901,-29127.6015625,-25905.095703125,12.011455535888672,22.6356258392334,52.81421661376953
3902,-28988.892578125,-27267.673828125,12.024066925048828,22.6461181640625,52.747493743896484
3903,-29107.955078125,-26187.5390625,12.011818885803223,22.666786193847656,52.80296325683594
3904,-29060.484375,-27420.443359375,12.016557693481445,22.617382049560547,52.758399963378906
3905,-29031.625,-27664.21875,12.005796432495117,22.614866256713867,52.716270446777344
3906,-29142.900390625,-27160.859375,11.985713005065918,22.643287658691406,52.7794075012207
3907,-29174.294921875,-26160.228515625,12.005873680114746,22.585596084594727,52.598876953125
3908,-29035.060546875,-27070.212890625,12.007719039916992,22.628793716430664,52.828529357910156
3909,-29046.447265625,-26049.537109375,12.007631301879883,22.609098434448242,52.759796142578125
3910,-29072.798828125,-26434.037109375,11.99621868133545,22.626628875732422,52.72733688354492
3911,-29073.548828125,-27635.076171875,11.983301162719727,22.612045288085938,52.723838806152344
3912,-29066.263671875,-25668.373046875,11.986273765563965,22.586193084716797,52.65550231933594
3913,-29036.794921875,-26977.78125,11.993659973144531,22.60264778137207,52.761474609375
3914,-29043.712890625,-28004.125,12.010730743408203,22.628637313842773,52.80680847167969
3915,-29082.861328125,-27176.490234375,12.027081489562988,22.601482391357422,52.70146942138672
3916,-29117.138671875,-25351.66796875,11.990180969238281,22.59400177001953,52.75954055786133
3917,-29017.19140625,-26210.38671875,12.01717758178711,22.612619400024414,52.75420379638672
3918,-28991.78125,-26329.029296875,12.003824234008789,22.572223663330078,52.69280242919922
3919,-29071.654296875,-26929.744140625,12.00790786743164,22.60284423828125,52.71345520019531
3920,-29128.3203125,-25417.30859375,12.008066177368164,22.61404037475586,52.78349304199219
3921,-29063.31640625,-27473.74609375,11.998910903930664,22.586334228515625,52.691951751708984
3922,-29091.38671875,-27038.38671875,11.974150657653809,22.581947326660156,52.75627136230469
3923,-29084.466796875,-27248.931640625,11.996684074401855,22.629697799682617,52.711769104003906
3924,-29150.72265625,-26516.912109375,11.99300765991211,22.609474182128906,52.77970886230469
3925,-29081.92578125,-26727.89453125,12.00879192352295,22.617359161376953,52.72554016113281
3926,-29059.89453125,-26075.556640625,11.989760398864746,22.620445251464844,52.82829284667969
3927,-29132.298828125,-27426.3203125,12.00798511505127,22.63268280029297,52.684547424316406
3928,-29133.896484375,-27254.42578125,11.9910888671875,22.61699676513672,52.775733947753906
3929,-29038.392578125,-26420.32421875,11.991064071655273,22.619731903076172,52.69186019897461
3930,-29062.1953125,-27236.8671875,12.006099700927734,22.6391658782959,52.782989501953125
3931,-29125.591796875,-27106.970703125,11.991177558898926,22.64021110534668,52.79222869873047
3932,-29096.7734375,-26892.392578125,11.992445945739746,22.59270477294922,52.668575286865234
3933,-29074.990234375,-26201.53125,12.005683898925781,22.626066207885742,52.82389831542969
3934,-29081.203125,-25167.83203125,11.987762451171875,22.594026565551758,52.73655319213867
3935,-29073.478515625,-26358.068359375,12.026349067687988,22.636276245117188,52.737998962402344
3936,-29081.658203125,-27468.041015625,12.001310348510742,22.590232849121094,52.67148971557617
3937,-29112.353515625,-27540.95703125,12.02895736694336,22.57360076904297,52.64886474609375
3938,-29112.75390625,-25527.15234375,12.005473136901855,22.576135635375977,52.76653289794922
3939,-29049.19140625,-25184.0625,11.996667861938477,22.609397888183594,52.76692199707031
3940,-28973.947265625,-26446.029296875,12.019611358642578,22.657875061035156,52.829307556152344
3941,-29114.69140625,-27807.5234375,11.995970726013184,22.639785766601562,52.744667053222656
3942,-29127.974609375,-26285.48046875,11.982704162597656,22.602270126342773,52.66915512084961
3943,-29024.810546875,-26094.994140625,12.018342018127441,22.65510368347168,52.771053314208984
3944,-29070.52734375,-25959.333984375,11.992491722106934,22.610210418701172,52.70575714111328
3945,-29058.19921875,-27169.9453125,12.027466773986816,22.66232681274414,52.76361083984375
3946,-29076.462890625,-26966.982421875,11.973671913146973,22.58116912841797,52.72770690917969
3947,-28844.810546875,-26007.181640625,12.006484031677246,22.533241271972656,52.7139778137207
3948,-28908.501953125,-26402.296875,12.016165733337402,22.544879913330078,52.70153045654297
3949,-29039.076171875,-27329.080078125,12.024870872497559,22.616455078125,52.85795593261719
3950,-29123.28125,-25341.876953125,12.010509490966797,22.608543395996094,52.739532470703125
3951,-29003.28125,-27229.615234375,12.010791778564453,22.633886337280273,52.832664489746094
3952,-29007.814453125,-26030.44140625,11.967728614807129,22.579078674316406,52.80778503417969
3953,-29135.896484375,-26271.890625,12.032621383666992,22.65555191040039,52.795650482177734
3954,-28989.900390625,-27582.224609375,11.997603416442871,22.584753036499023,52.66668701171875
3955,-29139.6328125,-27411.03515625,12.012876510620117,22.614742279052734,52.7562141418457
3956,-29090.138671875,-27412.80859375,12.016585350036621,22.605854034423828,52.695457458496094
3957,-29051.57421875,-27481.02734375,11.992243766784668,22.600250244140625,52.75121307373047
3958,-29013.583984375,-26960.42578125,12.021281242370605,22.60648536682129,52.82892608642578
3959,-29060.3984375,-26865.927734375,12.038762092590332,22.633289337158203,52.77165985107422
3960,-29049.833984375,-26191.244140625,11.977814674377441,22.570838928222656,52.6796875
3961,-29071.3125,-25589.015625,12.019369125366211,22.654037475585938,52.77519607543945
3962,-29052.078125,-26271.291015625,12.022539138793945,22.663984298706055,52.767494201660156
3963,-29053.841796875,-25843.5390625,11.979083061218262,22.5869140625,52.67249298095703
3964,-29025.6328125,-27505.607421875,12.01140308380127,22.61678695678711,52.74595260620117
3965,-29077.857421875,-25522.03515625,12.004952430725098,22.6373291015625,52.790496826171875
3966,-29113.845703125,-26661.27734375,12.030256271362305,22.662620544433594,52.72865295410156
3967,-29103.84375,-26948.529296875,11.998490333557129,22.63780403137207,52.722869873046875
3968,-29032.69140625,-26687.703125,11.995396614074707,22.636943817138672,52.73606491088867
3969,-29118.755859375,-26627.72265625,12.028128623962402,22.63890838623047,52.78273391723633
3970,-29074.26953125,-26380.607421875,12.039178848266602,22.645631790161133,52.84321975708008
3971,-29188.142578125,-27353.814453125,12.017642974853516,22.630451202392578,52.80316162109375
3972,-29106.74609375,-26704.86328125,12.024401664733887,22.628684997558594,52.762245178222656
3973,-29113.185546875,-26389.001953125,12.01812744140625,22.647506713867188,52.76292419433594
3974,-28973.33984375,-26798.2109375,12.00411319732666,22.651453018188477,52.67808532714844
3975,-29065.44140625,-27061.595703125,12.034103393554688,22.64579200744629,52.733890533447266
3976,-29074.421875,-26971.845703125,12.007238388061523,22.6083984375,52.729454040527344
3977,-29150.228515625,-27004.494140625,12.018174171447754,22.666622161865234,52.771636962890625
3978,-29148.498046875,-25351.89453125,12.017261505126953,22.667221069335938,52.81614685058594
3979,-29056.970703125,-27162.544921875,11.997835159301758,22.589508056640625,52.71548843383789
3980,-29203.267578125,-25975.337890625,11.995837211608887,22.63616180419922,52.82682418823242
3981,-29086.646484375,-27180.224609375,12.012777328491211,22.642940521240234,52.78776931762695
3982,-29142.423828125,-27095.703125,12.015877723693848,22.652616500854492,52.771728515625
3983,-29047.072265625,-27288.4609375,12.002208709716797,22.59882354736328,52.74660110473633
3984,-29113.619140625,-27068.44921875,12.016036033630371,22.592933654785156,52.72760009765625
3985,-29116.3359375,-26187.3515625,11.994783401489258,22.592893600463867,52.769187927246094
3986,-29108.556640625,-26979.08203125,12.003212928771973,22.597412109375,52.69621276855469
3987,-29062.94140625,-27417.15625,12.005824089050293,22.629709243774414,52.77446365356445
3988,-29072.888671875,-27258.869140625,11.9974365234375,22.629196166992188,52.80059051513672
3989,-29145.93359375,-25604.45703125,11.989728927612305,22.601806640625,52.76554870605469
3990,-29098.279296875,-26610.37890625,12.012467384338379,22.624618530273438,52.71332550048828
3991,-29112.861328125,-27472.6640625,12.032844543457031,22.653579711914062,52.74505615234375
3992,-29128.294921875,-26610.060546875,11.99902629852295,22.61855697631836,52.78614044189453
3993,-29109.10546875,-26835.888671875,12.017788887023926,22.650955200195312,52.795101165771484
3994,-29106.08984375,-26216.07421875,11.994423866271973,22.617401123046875,52.81342697143555
3995,-29164.56640625,-27362.38671875,12.006193161010742,22.636821746826172,52.741851806640625
3996,-29109.322265625,-27636.513671875,12.03370475769043,22.67145538330078,52.75733184814453
3997,-29059.2421875,-27069.50390625,12.02070426940918,22.62360954284668,52.74456787109375
3998,-29093.748046875,-27230.59375,12.01523494720459,22.629878997802734,52.75849533081055
3999,-29137.44921875,-27049.884765625,12.028470039367676,22.628097534179688,52.76075744628906
4000,-29042.6875,-27347.693359375,12.024908065795898,22.643041610717773,52.753807067871094
4001,-29172.3125,-26746.412109375,11.996341705322266,22.62045669555664,52.737091064453125
4002,-29119.43359375,-25452.169921875,12.004419326782227,22.620851516723633,52.756591796875
4003,-29107.69140625,-26670.103515625,12.005160331726074,22.626766204833984,52.718406677246094
4004,-29113.375,-27638.103515625,12.00168228149414,22.627140045166016,52.80035400390625
4005,-29137.943359375,-25684.017578125,12.016904830932617,22.597503662109375,52.74279022216797
4006,-29141.634765625,-26615.185546875,12.028175354003906,22.59808349609375,52.76145935058594
4007,-29095.74609375,-27705.423828125,12.019210815429688,22.631431579589844,52.733036041259766
4008,-29087.890625,-26677.62890625,12.061266899108887,22.670516967773438,52.724361419677734
4009,-29051.89453125,-26018.2421875,12.020126342773438,22.62515640258789,52.781959533691406
4010,-29080.697265625,-27092.099609375,11.997743606567383,22.616724014282227,52.809715270996094
4011,-29093.1875,-27438.041015625,12.010528564453125,22.63317108154297,52.70635986328125
4012,-29070.537109375,-26854.9609375,12.014189720153809,22.634611129760742,52.7814826965332
4013,-29095.021484375,-25751.775390625,12.025714874267578,22.643095016479492,52.78038787841797
4014,-29064.7109375,-26296.67578125,12.004201889038086,22.611509323120117,52.805057525634766
4015,-29037.46484375,-27610.79296875,12.013190269470215,22.633960723876953,52.71562576293945
4016,-29116.1328125,-25978.357421875,11.99722957611084,22.598236083984375,52.70769500732422
4017,-29074.06640625,-25759.458984375,12.019213676452637,22.6240234375,52.71276092529297
4018,-29077.97265625,-27422.337890625,12.035672187805176,22.60288429260254,52.68083190917969
4019,-29026.302734375,-26957.689453125,12.023001670837402,22.61100196838379,52.753997802734375
4020,-29097.216796875,-26690.783203125,12.038414001464844,22.61361312866211,52.7662467956543
4021,-29050.63671875,-26472.068359375,12.035999298095703,22.61693572998047,52.76097106933594
4022,-29163.943359375,-26429.5546875,12.02169132232666,22.64029312133789,52.78440856933594
4023,-29045.54296875,-27219.52734375,12.001824378967285,22.610137939453125,52.65113067626953
4024,-29121.291015625,-27405.833984375,12.026094436645508,22.67331314086914,52.857810974121094
4025,-29105.3828125,-27835.904296875,12.013190269470215,22.60832977294922,52.670799255371094
4026,-29058.40625,-26503.166015625,12.024218559265137,22.643789291381836,52.73609161376953
4027,-29109.65625,-27509.3203125,12.01959228515625,22.63715362548828,52.74126434326172
4028,-29169.09765625,-25923.837890625,12.019462585449219,22.63441276550293,52.7530403137207
4029,-29095.84375,-27231.892578125,12.02371597290039,22.640104293823242,52.64369201660156
4030,-29160.216796875,-25911.85546875,12.00835132598877,22.648380279541016,52.70173645019531
4031,-29168.7109375,-27560.9765625,12.012808799743652,22.65920639038086,52.77361297607422
4032,-29141.7734375,-26038.73828125,12.020759582519531,22.64099884033203,52.748817443847656
4033,-29129.1796875,-27309.4453125,12.019347190856934,22.61998176574707,52.715484619140625
4034,-29062.93359375,-26862.767578125,11.993501663208008,22.61606216430664,52.731178283691406
4035,-29110.9765625,-26164.638671875,12.015201568603516,22.64240264892578,52.7651252746582
4036,-29116.8984375,-27304.568359375,12.018105506896973,22.617412567138672,52.726524353027344
4037,-29147.37890625,-27418.423828125,12.02466869354248,22.641159057617188,52.75982666015625
4038,-29105.6171875,-26174.46875,12.019533157348633,22.616436004638672,52.715972900390625
4039,-29170.830078125,-27672.37109375,12.020784378051758,22.639190673828125,52.78318786621094
4040,-29121.52734375,-27415.662109375,12.01754093170166,22.577585220336914,52.70543670654297
4041,-29085.853515625,-25922.8828125,12.035113334655762,22.620601654052734,52.8533935546875
4042,-29119.45703125,-26388.373046875,12.01571273803711,22.603866577148438,52.727294921875
4043,-29097.755859375,-26620.572265625,12.015806198120117,22.619956970214844,52.759483337402344
4044,-29125.791015625,-26673.01171875,11.999584197998047,22.636138916015625,52.767669677734375
4045,-29079.912109375,-25798.8984375,12.027836799621582,22.644649505615234,52.75974655151367
4046,-29017.888671875,-27555.814453125,12.006741523742676,22.61858367919922,52.720794677734375
4047,-29042.61328125,-27188.73046875,12.020771980285645,22.65044403076172,52.787750244140625
4048,-29166.15625,-26804.3984375,12.016464233398438,22.654434204101562,52.764068603515625
4049,-29199.958984375,-27156.578125,12.030529975891113,22.64965057373047,52.74766540527344
4050,-29122.169921875,-26729.736328125,12.02433967590332,22.666248321533203,52.76875305175781
4051,-29140.79296875,-27012.732421875,12.017826080322266,22.659652709960938,52.778717041015625
4052,-29080.541015625,-25335.625,12.008304595947266,22.66036605834961,52.75790023803711
4053,-29161.01953125,-26881.634765625,12.00529670715332,22.642539978027344,52.77001953125
4054,-29119.091796875,-27377.21484375,12.003430366516113,22.625293731689453,52.766845703125
4055,-29056.15625,-25820.25390625,12.006946563720703,22.621177673339844,52.805320739746094
4056,-29120.431640625,-27186.9453125,12.018921852111816,22.660221099853516,52.81712341308594
4057,-29087.908203125,-26043.94140625,12.012269020080566,22.634273529052734,52.75938415527344
4058,-29108.421875,-25552.01171875,11.998889923095703,22.596471786499023,52.73896789550781
4059,-29075.671875,-26391.759765625,12.00413703918457,22.577884674072266,52.699153900146484
4060,-29127.701171875,-26898.076171875,12.011945724487305,22.599559783935547,52.74781799316406
4061,-29049.208984375,-26953.03125,12.023348808288574,22.62612533569336,52.780914306640625
4062,-29105.326171875,-26177.951171875,12.026280403137207,22.645259857177734,52.78916931152344
4063,-29062.748046875,-27615.107421875,11.982917785644531,22.57965087890625,52.66474914550781
4064,-29115.8671875,-25951.923828125,12.010233879089355,22.645036697387695,52.7299919128418
4065,-29145.88671875,-27255.0859375,12.03829574584961,22.6596622467041,52.78700256347656
4066,-29052.900390625,-27185.693359375,12.015278816223145,22.618240356445312,52.70899200439453
4067,-29098.388671875,-26579.966796875,12.011983871459961,22.63031578063965,52.69175720214844
4068,-29023.3046875,-27246.1015625,12.01147174835205,22.619441986083984,52.75130081176758
4069,-29114.64453125,-26967.86328125,12.037239074707031,22.638442993164062,52.74626159667969
4070,-29091.552734375,-27512.029296875,12.02052116394043,22.64899444580078,52.76188659667969
4071,-29117.6015625,-26126.251953125,12.000823974609375,22.620601654052734,52.68974304199219
4072,-29144.2578125,-25849.525390625,12.014841079711914,22.626895904541016,52.665870666503906
4073,-29122.3203125,-27833.73828125,12.017745971679688,22.6590576171875,52.734134674072266
4074,-29068.435546875,-27407.587890625,12.004592895507812,22.638221740722656,52.72053146362305
4075,-29089.013671875,-27384.400390625,12.024240493774414,22.61948013305664,52.709800720214844
4076,-29127.5859375,-25552.970703125,12.014251708984375,22.644485473632812,52.82035827636719
4077,-29110.31640625,-26955.20703125,12.012628555297852,22.622207641601562,52.73442840576172
4078,-29089.76171875,-27675.556640625,12.00443172454834,22.629066467285156,52.82509994506836
4079,-29170.25390625,-26004.244140625,12.034323692321777,22.630714416503906,52.73003387451172
4080,-29099.744140625,-26737.8515625,12.004843711853027,22.61489486694336,52.71104431152344
4081,-29158.697265625,-27233.025390625,12.01194953918457,22.62925148010254,52.75019454956055
4082,-29139.55078125,-25851.46875,12.0181303024292,22.652536392211914,52.83363723754883
4083,-29112.0625,-27049.0234375,12.007402420043945,22.633256912231445,52.74321746826172
4084,-29195.552734375,-26746.123046875,12.02740478515625,22.6304874420166,52.75914001464844
4085,-29120.052734375,-27204.7421875,12.024532318115234,22.64012908935547,52.78441619873047
4086,-29107.68359375,-27578.73046875,12.000005722045898,22.597841262817383,52.67643737792969
4087,-29047.03515625,-26334.326171875,12.024774551391602,22.642135620117188,52.77391815185547
4088,-29133.669921875,-27494.564453125,12.005237579345703,22.593618392944336,52.70398712158203
4089,-29097.99609375,-26869.396484375,12.021234512329102,22.60873794555664,52.75272750854492
4090,-29150.5390625,-26670.15625,12.037776947021484,22.617286682128906,52.764469146728516
4091,-29136.4921875,-25855.294921875,11.995285987854004,22.573719024658203,52.7464599609375
4092,-29123.1328125,-25572.611328125,12.007892608642578,22.60849380493164,52.72321319580078
4093,-29146.685546875,-26676.5703125,12.002934455871582,22.62265396118164,52.739501953125
4094,-29100.08984375,-27183.376953125,12.018223762512207,22.6077880859375,52.767112731933594
4095,-29109.046875,-27875.599609375,12.031303405761719,22.578296661376953,52.73155212402344
4096,-29089.427734375,-26581.59765625,12.017364501953125,22.587265014648438,52.775543212890625
4097,-29078.80078125,-27607.662109375,12.018487930297852,22.60430908203125,52.786590576171875
4098,-29179.474609375,-27261.125,12.023479461669922,22.640579223632812,52.734764099121094
4099,-29162.9921875,-26724.919921875,12.007051467895508,22.637557983398438,52.816585540771484
4100,-29158.83984375,-26479.0625,12.008949279785156,22.60839080810547,52.67450714111328
4101,-29136.4140625,-27061.951171875,12.01966381072998,22.624065399169922,52.70386505126953
4102,-29157.19140625,-27973.9296875,12.035271644592285,22.649206161499023,52.72514343261719
4103,-29123.94140625,-27416.50390625,11.985158920288086,22.598661422729492,52.751319885253906
4104,-29160.9375,-25366.267578125,12.020657539367676,22.62734603881836,52.73115539550781
4105,-29102.126953125,-26045.126953125,12.010702133178711,22.65233612060547,52.80027770996094
4106,-29091.654296875,-27622.8046875,12.030762672424316,22.609710693359375,52.65623474121094
4107,-29132.46875,-26677.9296875,12.015039443969727,22.593063354492188,52.69293975830078
4108,-29148.05078125,-25611.2421875,12.038314819335938,22.65620994567871,52.796939849853516
4109,-29057.296875,-27234.619140625,12.026094436645508,22.636207580566406,52.74896240234375
4110,-29097.4609375,-26429.240234375,12.008031845092773,22.584068298339844,52.68865203857422
4111,-29170.021484375,-26240.650390625,12.016939163208008,22.645946502685547,52.730865478515625
4112,-29059.857421875,-26414.62890625,12.026445388793945,22.652027130126953,52.72032165527344
4113,-29162.619140625,-25764.1875,12.029594421386719,22.648090362548828,52.78092956542969
4114,-29136.603515625,-27181.75,12.059155464172363,22.65082550048828,52.80226135253906
4115,-29054.37890625,-26643.03125,11.99063491821289,22.582584381103516,52.63323974609375
4116,-29215.251953125,-27530.435546875,12.049236297607422,22.673500061035156,52.79816818237305
4117,-29061.2421875,-26594.857421875,12.043703079223633,22.64914894104004,52.74407958984375
4118,-29122.5234375,-26647.619140625,12.030023574829102,22.643598556518555,52.83860397338867
4119,-29060.564453125,-26529.30078125,12.032925605773926,22.640975952148438,52.71480178833008
4120,-29154.091796875,-27357.947265625,12.01132583618164,22.632251739501953,52.74687957763672
4121,-29163.564453125,-27276.810546875,12.011744499206543,22.599458694458008,52.738189697265625
4122,-29102.111328125,-27351.69140625,12.027063369750977,22.629636764526367,52.749088287353516
4123,-29191.73828125,-26549.423828125,12.00496768951416,22.606029510498047,52.7088508605957
4124,-29110.103515625,-26948.03515625,12.032587051391602,22.65198516845703,52.80328369140625
4125,-29143.103515625,-25753.037109375,12.019933700561523,22.621179580688477,52.788917541503906
4126,-29116.462890625,-27099.8515625,12.025590896606445,22.662527084350586,52.75149917602539
4127,-29133.923828125,-27502.162109375,12.028423309326172,22.63929557800293,52.63938903808594
4128,-29112.1640625,-27033.625,12.019720077514648,22.640579223632812,52.77874755859375
4129,-29156.96484375,-26976.19140625,12.018189430236816,22.630821228027344,52.76679229736328
4130,-29139.6015625,-27214.560546875,12.03807544708252,22.640869140625,52.738975524902344
4131,-29129.1015625,-27401.4609375,12.031685829162598,22.626657485961914,52.80448913574219
4132,-29173.732421875,-27584.943359375,12.020635604858398,22.615673065185547,52.74748229980469
4133,-29123.484375,-26159.5078125,12.020204544067383,22.61760711669922,52.700538635253906
4134,-29141.384765625,-27198.0859375,12.009244918823242,22.631752014160156,52.742584228515625
4135,-29113.61328125,-27206.287109375,12.014474868774414,22.62505340576172,52.7271842956543
4136,-29140.10546875,-27361.37890625,12.020017623901367,22.616470336914062,52.742156982421875
4137,-29068.060546875,-26284.40234375,12.021203994750977,22.63156509399414,52.72944641113281
4138,-29094.8828125,-27629.64453125,12.02762222290039,22.650375366210938,52.86475372314453
4139,-29108.89453125,-25856.5625,12.01651382446289,22.62858772277832,52.764225006103516
4140,-29102.01953125,-26743.513671875,11.997625350952148,22.59252166748047,52.69046401977539
4141,-29132.576171875,-26878.15625,12.034777641296387,22.646820068359375,52.75731658935547
4142,-29091.05859375,-25832.609375,12.021060943603516,22.622190475463867,52.78584289550781
4143,-29119.943359375,-27273.560546875,12.038196563720703,22.648540496826172,52.783660888671875
4144,-29077.2421875,-27455.28515625,12.031465530395508,22.614269256591797,52.70574951171875
4145,-29148.03125,-25806.80078125,12.030200958251953,22.623546600341797,52.72601318359375
4146,-29116.248046875,-26576.8125,12.03805923461914,22.67934799194336,52.770751953125
4147,-29201.765625,-26888.130859375,12.02441120147705,22.61666488647461,52.73322296142578
4148,-29155.134765625,-26996.310546875,12.02818489074707,22.631366729736328,52.73905944824219
4149,-29146.31640625,-27585.044921875,12.021191596984863,22.636272430419922,52.722930908203125
4150,-29090.185546875,-26674.958984375,12.02747917175293,22.648786544799805,52.76800537109375
4151,-29161.171875,-26497.115234375,12.03945255279541,22.670230865478516,52.762489318847656
4152,-29164.115234375,-27680.896484375,12.030675888061523,22.63457489013672,52.71856689453125
4153,-29136.59375,-27494.296875,12.044057846069336,22.65725326538086,52.79454040527344
4154,-29123.60546875,-26814.505859375,12.026386260986328,22.622337341308594,52.690059661865234
4155,-29123.419921875,-27013.455078125,12.02566909790039,22.641613006591797,52.76808166503906
4156,-29176.744140625,-26266.52734375,12.047767639160156,22.671110153198242,52.717529296875
4157,-29133.5234375,-26106.97265625,12.0332670211792,22.648059844970703,52.801971435546875
4158,-29115.853515625,-27479.390625,12.029678344726562,22.613353729248047,52.70130920410156
4159,-29123.45703125,-25990.607421875,12.059370040893555,22.655895233154297,52.696563720703125
4160,-29066.90625,-26182.12890625,12.019676208496094,22.619478225708008,52.76369857788086
4161,-29138.318359375,-27623.869140625,12.041439056396484,22.63014030456543,52.73279571533203
4162,-29076.513671875,-26472.064453125,12.013687133789062,22.617464065551758,52.74475860595703
4163,-29118.9765625,-26783.376953125,12.03319263458252,22.674962997436523,52.71235275268555
4164,-29097.234375,-27133.58984375,12.052848815917969,22.674869537353516,52.791805267333984
4165,-29104.5,-27232.1796875,12.015811920166016,22.637269973754883,52.76173782348633
4166,-29187.1171875,-27218.431640625,12.028830528259277,22.63848114013672,52.774566650390625
4167,-29085.580078125,-27275.876953125,12.031635284423828,22.6932373046875,52.73320770263672
4168,-29121.48046875,-25822.533203125,12.005613327026367,22.6461124420166,52.71556091308594
4169,-29094.619140625,-26673.220703125,12.029138565063477,22.644319534301758,52.76195526123047
4170,-29148.640625,-25869.73828125,12.023224830627441,22.641334533691406,52.818817138671875
4171,-29108.099609375,-26001.068359375,12.013450622558594,22.64548110961914,52.70458221435547
4172,-29205.05859375,-26661.62109375,12.027122497558594,22.670917510986328,52.76256561279297
4173,-29124.404296875,-26007.99609375,12.00984001159668,22.629684448242188,52.781959533691406
4174,-29176.2578125,-27229.201171875,12.043168067932129,22.661617279052734,52.7684440612793
4175,-29195.94140625,-26292.349609375,12.024606704711914,22.63654327392578,52.72517395019531
4176,-29191.16796875,-27079.947265625,12.042160034179688,22.682945251464844,52.787776947021484
4177,-29188.48046875,-26847.560546875,12.03616714477539,22.67837905883789,52.77899932861328
4178,-29133.20703125,-27204.5,12.024141311645508,22.639469146728516,52.730613708496094
4179,-29168.693359375,-25649.1484375,12.042844772338867,22.660991668701172,52.749717712402344
4180,-29068.7578125,-25488.431640625,12.019698143005371,22.62118911743164,52.720008850097656
4181,-29095.88671875,-26311.298828125,12.031635284423828,22.617664337158203,52.659183502197266
4182,-29167.08984375,-27492.34375,12.026740074157715,22.643245697021484,52.76952362060547
4183,-29076.8515625,-27396.9921875,12.027942657470703,22.61840057373047,52.67958068847656
4184,-29170.720703125,-26687.822265625,12.027177810668945,22.657024383544922,52.75978088378906
4185,-29237.48828125,-27687.873046875,12.007349967956543,22.631942749023438,52.72314453125
4186,-29164.068359375,-27408.1953125,12.0233736038208,22.64143180847168,52.779666900634766
4187,-29189.921875,-27529.439453125,12.032402992248535,22.645122528076172,52.74103546142578
4188,-29114.806640625,-26848.150390625,12.027243614196777,22.662809371948242,52.761234283447266
4189,-29174.0234375,-26411.13671875,12.004573822021484,22.62863540649414,52.74736785888672
4190,-29136.556640625,-25811.177734375,12.009684562683105,22.61123275756836,52.756378173828125
4191,-29182.28515625,-25688.8125,12.036182403564453,22.619918823242188,52.73356628417969
4192,-29198.88671875,-27814.078125,12.007786750793457,22.611499786376953,52.659393310546875
4193,-29133.625,-26281.11328125,12.026054382324219,22.625083923339844,52.73646545410156
4194,-29169.224609375,-25843.388671875,12.013500213623047,22.623027801513672,52.79066848754883
4195,-29190.828125,-27178.03515625,12.030057907104492,22.63552474975586,52.753292083740234
4196,-29177.65234375,-27352.20703125,12.034392356872559,22.61409568786621,52.725059509277344
4197,-29077.861328125,-26845.98046875,12.038507461547852,22.642932891845703,52.75767517089844
4198,-29200.724609375,-26733.115234375,12.035037994384766,22.657459259033203,52.770606994628906
4199,-29151.55078125,-27464.556640625,12.038488388061523,22.624502182006836,52.74376678466797
4200,-29107.89453125,-26438.8203125,12.011137008666992,22.62167739868164,52.734954833984375
4201,-29136.53515625,-27575.138671875,12.03066635131836,22.680057525634766,52.75374221801758
4202,-29190.693359375,-26470.087890625,12.016907691955566,22.618457794189453,52.741432189941406
4203,-29193.41015625,-26476.673828125,11.986462593078613,22.598297119140625,52.619239807128906
4204,-29169.810546875,-26167.40234375,12.037546157836914,22.686054229736328,52.819091796875
4205,-29115.19921875,-25535.80078125,12.014480590820312,22.63896369934082,52.769073486328125
4206,-29139.052734375,-25548.99609375,12.030492782592773,22.644987106323242,52.75041961669922
4207,-29120.36328125,-26200.54296875,11.996981620788574,22.586898803710938,52.6728401184082
4208,-29098.78125,-27462.865234375,12.011899948120117,22.615407943725586,52.75032043457031
4209,-29137.1484375,-27094.07421875,12.032434463500977,22.638668060302734,52.730499267578125
4210,-29180.548828125,-27282.744140625,12.02519702911377,22.635555267333984,52.75041198730469
4211,-29112.38671875,-27265.494140625,12.019102096557617,22.63497543334961,52.7218132019043
4212,-29198.12890625,-27080.865234375,12.03148078918457,22.669668197631836,52.817779541015625
4213,-29168.619140625,-26775.416015625,12.040155410766602,22.645973205566406,52.706459045410156
4214,-29103.9140625,-26371.404296875,12.045599937438965,22.64227294921875,52.760047912597656
4215,-29141.82421875,-25464.498046875,12.021614074707031,22.64240264892578,52.73338317871094
4216,-29101.138671875,-27356.11328125,12.033021926879883,22.658527374267578,52.722755432128906
4217,-29181.29296875,-26419.4609375,12.031021118164062,22.608768463134766,52.74961853027344
4218,-29187.330078125,-27525.833984375,12.019915580749512,22.61850357055664,52.76808547973633
4219,-29114.90234375,-26341.705078125,12.02570915222168,22.613473892211914,52.68340301513672
4220,-29198.837890625,-27141.017578125,12.027436256408691,22.650150299072266,52.80713653564453
4221,-29136.7734375,-27650.67578125,12.017904281616211,22.625192642211914,52.74816131591797
4222,-29174.369140625,-26985.69140625,12.041566848754883,22.688232421875,52.81475067138672
4223,-29118.0859375,-25643.158203125,12.027507781982422,22.64967155456543,52.7171630859375
4224,-29173.875,-26227.89453125,12.024250030517578,22.610427856445312,52.725303649902344
4225,-29129.734375,-26986.033203125,12.045562744140625,22.633970260620117,52.65442657470703
4226,-29144.66796875,-26662.638671875,12.024141311645508,22.636226654052734,52.79784393310547
4227,-29159.212890625,-27142.11328125,12.03215217590332,22.66138458251953,52.721290588378906
4228,-29172.125,-26506.80859375,12.021355628967285,22.668201446533203,52.729331970214844
4229,-29118.708984375,-27672.533203125,12.041594505310059,22.65222930908203,52.64527893066406
4230,-29209.900390625,-26307.84375,12.05518627166748,22.695756912231445,52.846290588378906
4231,-29163.212890625,-25989.603515625,11.99112606048584,22.60742950439453,52.66324234008789
4232,-29176.1328125,-26837.603515625,12.043864250183105,22.655986785888672,52.695167541503906
4233,-29128.029296875,-27542.828125,12.013835906982422,22.627174377441406,52.74475860595703
4234,-29139.33203125,-27453.3046875,12.034029006958008,22.65084457397461,52.726558685302734
4235,-29142.2890625,-26883.298828125,12.016485214233398,22.64301109313965,52.711509704589844
4236,-29137.142578125,-25945.888671875,12.027174949645996,22.60116195678711,52.614471435546875
4237,-29145.646484375,-26317.3984375,12.023625373840332,22.649227142333984,52.79747009277344
4238,-29169.412109375,-27472.287109375,12.044051170349121,22.644195556640625,52.71409606933594
4239,-29159.375,-27696.984375,12.044950485229492,22.653528213500977,52.742767333984375
4240,-29116.74609375,-27463.93359375,12.034708976745605,22.660879135131836,52.79822540283203
4241,-29244.126953125,-26523.314453125,12.052227020263672,22.657703399658203,52.707275390625
4242,-29180.310546875,-25899.576171875,12.020051956176758,22.645366668701172,52.77317810058594
4243,-29233.8125,-26936.791015625,12.062671661376953,22.669857025146484,52.76258087158203
4244,-29128.607421875,-25739.6796875,12.033515930175781,22.62496566772461,52.7353515625
4245,-29170.6328125,-26634.486328125,12.052385330200195,22.649051666259766,52.76631164550781
4246,-29218.794921875,-27256.66015625,12.048738479614258,22.655384063720703,52.73396682739258
4247,-29103.423828125,-27527.353515625,12.031943321228027,22.639739990234375,52.73844528198242
4248,-29153.21484375,-26415.279296875,12.037428855895996,22.634193420410156,52.75312042236328
4249,-29048.42578125,-25695.87109375,12.035037994384766,22.661224365234375,52.752044677734375
4250,-29156.884765625,-26325.29296875,12.025190353393555,22.6604061126709,52.73592758178711
4251,-29165.416015625,-25982.201171875,12.029899597167969,22.650527954101562,52.761009216308594
4252,-29162.234375,-26784.189453125,12.029610633850098,22.653160095214844,52.81929016113281
4253,-29101.70703125,-27668.166015625,12.020821571350098,22.610858917236328,52.72772216796875
4254,-29237.6796875,-26717.84765625,12.034849166870117,22.608734130859375,52.69242858886719
4255,-29213.08984375,-25597.26171875,12.03408145904541,22.629837036132812,52.79392623901367
4256,-29050.576171875,-27522.802734375,12.022747039794922,22.638952255249023,52.728790283203125
4257,-29164.478515625,-26656.861328125,12.029290199279785,22.637191772460938,52.78453063964844
4258,-29172.189453125,-26580.99609375,12.030399322509766,22.645740509033203,52.796058654785156
4259,-29123.1953125,-26008.419921875,12.019567489624023,22.638803482055664,52.777687072753906
4260,-29123.14453125,-27599.19921875,12.036539077758789,22.65439796447754,52.763641357421875
4261,-29225.623046875,-27085.17578125,12.039712905883789,22.650367736816406,52.75792694091797
4262,-29163.767578125,-25907.244140625,12.011338233947754,22.643577575683594,52.73991394042969
4263,-29156.876953125,-25908.74609375,12.044990539550781,22.671009063720703,52.77397155761719
4264,-29208.87890625,-26190.4140625,12.05831527709961,22.658117294311523,52.7018928527832
4265,-29192.318359375,-27197.0546875,12.026802062988281,22.6477108001709,52.80189514160156
4266,-29221.13671875,-27341.33203125,12.030980110168457,22.669475555419922,52.824302673339844
4267,-29205.193359375,-27430.935546875,11.999425888061523,22.609758377075195,52.693023681640625
4268,-29208.767578125,-25630.26953125,12.065256118774414,22.69738006591797,52.765323638916016
4269,-29132.427734375,-26594.794921875,12.031347274780273,22.633792877197266,52.70893859863281
4270,-29240.666015625,-27609.3515625,12.057985305786133,22.647785186767578,52.75117111206055
4271,-29187.47265625,-26645.3046875,12.043649673461914,22.6560001373291,52.74564743041992
4272,-29142.359375,-25951.7734375,12.043370246887207,22.65886116027832,52.80046081542969
4273,-29183.31640625,-27103.04296875,12.030582427978516,22.638450622558594,52.77391815185547
4274,-29202.486328125,-27631.78125,12.035088539123535,22.62591552734375,52.7236213684082
4275,-29226.841796875,-26721.611328125,12.033251762390137,22.619306564331055,52.75425338745117
4276,-29118.228515625,-27902.5390625,12.057586669921875,22.662120819091797,52.764549255371094
4277,-29167.54296875,-25575.1875,12.039825439453125,22.664932250976562,52.81812286376953
4278,-29238.787109375,-27209.63671875,12.02707290649414,22.663982391357422,52.72704315185547
4279,-29080.384765625,-25642.36328125,12.040558815002441,22.674388885498047,52.74348831176758
4280,-29116.380859375,-26300.89453125,12.038426399230957,22.656869888305664,52.776329040527344
4281,-29153.59765625,-27744.6171875,12.028892517089844,22.638696670532227,52.7346305847168
4282,-29128.357421875,-27468.615234375,12.02311897277832,22.624393463134766,52.659210205078125
4283,-29049.7265625,-25982.1875,12.037261009216309,22.67156410217285,52.85400390625
4284,-29196.064453125,-27520.259765625,12.054435729980469,22.661792755126953,52.760520935058594
4285,-29139.314453125,-25775.888671875,12.039138793945312,22.662979125976562,52.71549987792969
4286,-29216.47265625,-26827.3671875,12.052045822143555,22.66486358642578,52.724735260009766
4287,-29260.783203125,-27182.154296875,12.009455680847168,22.593698501586914,52.65262985229492
4288,-29207.49609375,-26223.04296875,12.028190612792969,22.611347198486328,52.75190734863281
4289,-29216.611328125,-27057.515625,12.033966064453125,22.62202262878418,52.75740051269531
4290,-29187.501953125,-27058.388671875,12.047808647155762,22.649810791015625,52.702728271484375
4291,-29164.1796875,-27390.771484375,12.023780822753906,22.64069175720215,52.727745056152344
4292,-29186.578125,-25506.64453125,12.035964965820312,22.642337799072266,52.727561950683594
4293,-29154.115234375,-26057.751953125,12.036632537841797,22.66168975830078,52.77235794067383
4294,-29203.59765625,-27418.4609375,12.027774810791016,22.651947021484375,52.74604034423828
4295,-29081.28125,-27613.509765625,12.020833969116211,22.623437881469727,52.73993682861328
4296,-29147.759765625,-27618.6640625,12.039657592773438,22.62771987915039,52.70207977294922
4297,-29178.978515625,-26766.1328125,12.024463653564453,22.650739669799805,52.81730270385742
4298,-29158.189453125,-26810.490234375,12.05964469909668,22.676013946533203,52.76708221435547
4299,-29179.8984375,-27433.41796875,12.042001724243164,22.643678665161133,52.76945495605469
4300,-29157.65625,-26894.58203125,12.033425331115723,22.63588523864746,52.699867248535156
4301,-29175.380859375,-26774.61328125,12.025286674499512,22.645954132080078,52.71379470825195
4302,-29111.63671875,-27466.9921875,12.024932861328125,22.634836196899414,52.71576690673828
4303,-29207.166015625,-26692.087890625,12.037192344665527,22.635765075683594,52.703487396240234
4304,-29124.6484375,-26740.001953125,12.055444717407227,22.65802764892578,52.74092102050781
4305,-29183.36328125,-26039.03515625,12.05569076538086,22.661470413208008,52.76966094970703
4306,-29100.998046875,-26444.69921875,12.030862808227539,22.640531539916992,52.761260986328125
4307,-29155.837890625,-26275.6171875,12.047708511352539,22.628658294677734,52.70002365112305
4308,-29165.505859375,-27307.201171875,12.026628494262695,22.63457489013672,52.77515411376953
4309,-29240.181640625,-26641.26953125,12.033615112304688,22.621742248535156,52.71726989746094
4310,-29141.984375,-25922.10546875,12.021411895751953,22.6180419921875,52.742027282714844
4311,-29117.873046875,-26716.720703125,12.048004150390625,22.627464294433594,52.720726013183594
4312,-29130.8984375,-26911.34765625,12.047008514404297,22.63608169555664,52.70555114746094
4313,-29244.76953125,-25998.193359375,12.040002822875977,22.654338836669922,52.74517059326172
4314,-29185.2890625,-26652.421875,12.030271530151367,22.646305084228516,52.75898361206055
4315,-29198.75390625,-26813.47265625,12.006102561950684,22.64630126953125,52.75736999511719
4316,-29214.033203125,-27482.2421875,12.053885459899902,22.69222640991211,52.73278045654297
4317,-29140.87109375,-26444.5390625,12.039194107055664,22.686046600341797,52.80897521972656
4318,-29168.3515625,-26188.556640625,12.03888988494873,22.680391311645508,52.82460403442383
4319,-29179.546875,-27715.638671875,12.050901412963867,22.67418670654297,52.68553161621094
4320,-29149.939453125,-27246.560546875,12.03727912902832,22.65703010559082,52.803009033203125
4321,-29149.9296875,-25951.908203125,12.025945663452148,22.618877410888672,52.75374984741211
4322,-29215.94921875,-27804.927734375,12.050726890563965,22.66845703125,52.78266143798828
4323,-29221.697265625,-27536.845703125,12.066362380981445,22.673892974853516,52.76803207397461
4324,-29237.146484375,-26319.11328125,12.04676628112793,22.664535522460938,52.81423568725586
4325,-29172.091796875,-27016.140625,12.034805297851562,22.644886016845703,52.70535659790039
4326,-29241.2578125,-26735.1640625,12.026134490966797,22.635276794433594,52.73372268676758
4327,-29201.69140625,-26550.2265625,12.04090404510498,22.65576934814453,52.728275299072266
4328,-29206.90625,-26854.392578125,12.04928970336914,22.668804168701172,52.73235321044922
4329,-29151.17578125,-25378.494140625,12.051799774169922,22.628482818603516,52.72895431518555
4330,-29181.11328125,-26279.314453125,12.033177375793457,22.634185791015625,52.74463653564453
4331,-29147.126953125,-27519.255859375,12.031530380249023,22.615734100341797,52.65434265136719
4332,-29171.9296875,-26197.181640625,12.029650688171387,22.625274658203125,52.72106170654297
4333,-29152.00390625,-27219.384765625,12.033493995666504,22.63115692138672,52.7733268737793
4334,-29216.154296875,-27695.505859375,12.054548263549805,22.65911293029785,52.73699188232422
4335,-29183.0625,-26788.7578125,12.036237716674805,22.664878845214844,52.743988037109375
4336,-29125.005859375,-26342.83984375,12.037450790405273,22.638259887695312,52.707759857177734
4337,-29234.056640625,-25709.57421875,12.04233169555664,22.667003631591797,52.753150939941406
4338,-29100.408203125,-27485.154296875,12.043133735656738,22.674589157104492,52.77887725830078
4339,-29187.791015625,-27773.759765625,12.018058776855469,22.638595581054688,52.728065490722656
4340,-29157.0625,-27693.8203125,12.049883842468262,22.643604278564453,52.74742889404297
4341,-29157.6953125,-26925.494140625,12.047385215759277,22.64931869506836,52.74627685546875
4342,-29157.77734375,-26322.00390625,12.032854080200195,22.631214141845703,52.674678802490234
4343,-29203.708984375,-27717.19921875,12.029799461364746,22.609582901000977,52.704158782958984
4344,-29148.525390625,-26119.935546875,12.028420448303223,22.621543884277344,52.740089416503906
4345,-29160.35546875,-25207.75390625,12.046265602111816,22.641769409179688,52.71890640258789
4346,-29190.521484375,-26410.63671875,12.044305801391602,22.65149688720703,52.646522521972656
4347,-29226.62109375,-26063.990234375,12.040099143981934,22.66239356994629,52.74189376831055
4348,-29213.51953125,-26792.421875,12.045531272888184,22.67353057861328,52.77922821044922
4349,-29218.375,-26626.658203125,12.036148071289062,22.658435821533203,52.758365631103516
4350,-29205.33203125,-27371.19921875,12.03511905670166,22.6452579498291,52.694549560546875
4351,-29157.158203125,-26073.9296875,12.051445007324219,22.665063858032227,52.77018356323242
4352,-29219.244140625,-27315.326171875,12.059775352478027,22.70456314086914,52.805084228515625
4353,-29233.654296875,-26592.359375,12.024908065795898,22.652339935302734,52.717529296875
4354,-29114.0859375,-26270.31640625,12.042107582092285,22.648624420166016,52.69755172729492
4355,-29168.802734375,-27688.21484375,12.041762351989746,22.651643753051758,52.77198028564453
4356,-29183.728515625,-25502.26171875,12.02940845489502,22.62299346923828,52.65384292602539
4357,-29233.701171875,-27606.681640625,12.071500778198242,22.707002639770508,52.76840591430664
4358,-29155.201171875,-27002.736328125,12.047245025634766,22.661561965942383,52.805477142333984
4359,-29202.14453125,-26222.259765625,12.033782958984375,22.624977111816406,52.77043151855469
4360,-29219.294921875,-26687.296875,12.04282283782959,22.667522430419922,52.825706481933594
4361,-29187.3125,-26048.529296875,12.035629272460938,22.66132354736328,52.76042175292969
4362,-29209.4140625,-26121.798828125,12.072179794311523,22.674495697021484,52.74577331542969
4363,-29204.611328125,-25999.974609375,12.015722274780273,22.616714477539062,52.73649978637695
4364,-29028.40625,-27605.111328125,12.057365417480469,22.646862030029297,52.67426300048828
4365,-29227.26171875,-27696.103515625,12.047547340393066,22.657421112060547,52.72978973388672
4366,-29111.16015625,-25330.228515625,12.04240608215332,22.647184371948242,52.718284606933594
4367,-29131.091796875,-26382.044921875,12.046862602233887,22.66173553466797,52.75185012817383
4368,-29170.748046875,-26553.541015625,12.037711143493652,22.655712127685547,52.82419204711914
4369,-29187.1171875,-27550.283203125,12.034317016601562,22.636375427246094,52.710609436035156
4370,-29112.029296875,-27238.71875,12.037466049194336,22.620502471923828,52.68526077270508
4371,-29161.72265625,-27181.373046875,12.064530372619629,22.663360595703125,52.77916717529297
4372,-29227.07421875,-26767.96484375,12.039011001586914,22.65447998046875,52.764888763427734
4373,-29234.966796875,-26324.634765625,12.041227340698242,22.635841369628906,52.726646423339844
4374,-29267.49609375,-26853.904296875,12.042157173156738,22.60438346862793,52.778175354003906
4375,-29194.68359375,-27622.802734375,12.045665740966797,22.662084579467773,52.697113037109375
4376,-29227.087890625,-26732.328125,12.02328109741211,22.639549255371094,52.700767517089844
4377,-29155.5,-25645.44921875,12.018587112426758,22.619876861572266,52.761653900146484
4378,-29209.552734375,-27077.865234375,12.036182403564453,22.642841339111328,52.787811279296875
4379,-29173.2890625,-26406.384765625,12.011226654052734,22.609195709228516,52.76343536376953
4380,-29205.884765625,-26978.12890625,12.050421714782715,22.66681671142578,52.805564880371094
4381,-29151.828125,-25938.18359375,12.036962509155273,22.640121459960938,52.72483825683594
4382,-29207.884765625,-27006.708984375,12.06352424621582,22.652191162109375,52.739501953125
4383,-29202.337890625,-27308.591796875,12.041790008544922,22.633146286010742,52.759193420410156
4384,-29163.56640625,-27634.859375,12.03535270690918,22.657503128051758,52.697021484375
4385,-29162.9140625,-25567.314453125,12.030769348144531,22.66189956665039,52.72985076904297
4386,-29172.35546875,-27240.181640625,12.044309616088867,22.658327102661133,52.73236846923828
4387,-29161.828125,-25773.201171875,12.03259563446045,22.654129028320312,52.71110534667969
4388,-29157.1171875,-27277.271484375,12.051000595092773,22.676267623901367,52.7333984375
4389,-29203.904296875,-26450.033203125,12.034031867980957,22.661651611328125,52.779293060302734
4390,-29139.669921875,-27335.169921875,12.043546676635742,22.663095474243164,52.7778205871582
4391,-29155.302734375,-26693.365234375,12.038013458251953,22.63931655883789,52.787635803222656
4392,-29181.515625,-26095.9375,12.063284873962402,22.636579513549805,52.7157096862793
4393,-29184.193359375,-26841.646484375,12.037239074707031,22.619449615478516,52.73663330078125
4394,-29117.037109375,-26849.37890625,12.041494369506836,22.626598358154297,52.76390075683594
4395,-29168.419921875,-25808.716796875,12.047904968261719,22.679792404174805,52.75006103515625
4396,-29262.458984375,-27657.6953125,12.035289764404297,22.655929565429688,52.752662658691406
4397,-29190.25,-27701.9453125,12.04202651977539,22.671588897705078,52.77037048339844
4398,-29270.44140625,-27391.990234375,12.032306671142578,22.63487434387207,52.73209762573242
4399,-29216.107421875,-27013.51953125,12.020275115966797,22.601642608642578,52.67192077636719
4400,-29194.951171875,-26039.279296875,12.04963493347168,22.644529342651367,52.70417785644531
4401,-29246.458984375,-27226.2421875,12.042598724365234,22.649757385253906,52.79710388183594
4402,-29140.8125,-27421.033203125,12.039141654968262,22.62273597717285,52.694820404052734
4403,-29171.16015625,-26914.95703125,12.052210807800293,22.671890258789062,52.808509826660156
4404,-29281.767578125,-26603.765625,12.061407089233398,22.663665771484375,52.73893737792969
4405,-29203.5625,-26099.861328125,12.03679084777832,22.671436309814453,52.727989196777344
4406,-29215.732421875,-26406.26953125,12.027774810791016,22.687816619873047,52.73430633544922
4407,-29239.3515625,-27419.68359375,12.04965591430664,22.675251007080078,52.7254524230957
4408,-29208.59765625,-26148.90625,12.059488296508789,22.659141540527344,52.79076385498047
4409,-29259.212890625,-27542.046875,12.056114196777344,22.65898323059082,52.72999572753906
4410,-29141.92578125,-27315.958984375,12.055805206298828,22.656665802001953,52.748165130615234
4411,-29225.70703125,-27187.361328125,12.066969871520996,22.665401458740234,52.69580078125
4412,-29180.42578125,-27472.806640625,12.0494384765625,22.683151245117188,52.84489440917969
4413,-29186.240234375,-27101.384765625,12.030670166015625,22.64047622680664,52.786277770996094
4414,-29243.873046875,-27743.421875,12.03255558013916,22.633848190307617,52.73072814941406
4415,-29165.994140625,-25431.8984375,12.026634216308594,22.67687225341797,52.78282928466797
4416,-29103.19921875,-27048.2109375,12.046707153320312,22.667205810546875,52.74840545654297
4417,-29193.552734375,-26620.703125,12.063720703125,22.654626846313477,52.73664093017578
4418,-29251.064453125,-27843.4296875,12.02656364440918,22.631563186645508,52.70664978027344
4419,-29211.51171875,-25444.115234375,12.054594993591309,22.646808624267578,52.70991516113281
4420,-29138.939453125,-26405.783203125,12.051395416259766,22.649188995361328,52.70390701293945
4421,-29105.078125,-26700.296875,12.064963340759277,22.615982055664062,52.76628875732422
4422,-29195.94921875,-26262.392578125,12.012142181396484,22.594337463378906,52.732810974121094
4423,-29200.40625,-27099.794921875,12.060690879821777,22.63184928894043,52.74944305419922
4424,-29125.873046875,-26317.2734375,12.025444984436035,22.605653762817383,52.78643035888672
4425,-29121.86328125,-25086.37109375,12.043867111206055,22.624210357666016,52.70661544799805
4426,-29164.7890625,-27022.306640625,12.02873706817627,22.624305725097656,52.730247497558594
4427,-29182.009765625,-26117.869140625,12.042282104492188,22.657825469970703,52.75197982788086
4428,-29206.287109375,-27169.083984375,12.06013011932373,22.65450668334961,52.75751495361328
4429,-29226.75390625,-26046.107421875,12.053340911865234,22.658666610717773,52.764251708984375
4430,-29136.736328125,-27514.76953125,12.043923377990723,22.680248260498047,52.758148193359375
4431,-29100.076171875,-26293.341796875,12.049690246582031,22.65888214111328,52.75373840332031
4432,-29225.68359375,-26779.201171875,12.039788246154785,22.672523498535156,52.751556396484375
4433,-29340.130859375,-27050.23828125,12.048548698425293,22.662261962890625,52.71778869628906
4434,-29242.935546875,-27491.1015625,12.030622482299805,22.627422332763672,52.703819274902344
4435,-29174.693359375,-26023.900390625,12.050615310668945,22.652629852294922,52.72508239746094
4436,-29221.849609375,-25871.94921875,12.046968460083008,22.647790908813477,52.665584564208984
4437,-29243.2578125,-25837.412109375,12.032086372375488,22.649375915527344,52.73644256591797
4438,-29152.96875,-26624.953125,12.040982246398926,22.632503509521484,52.733768463134766
4439,-29181.671875,-26370.123046875,12.0330810546875,22.618011474609375,52.72938537597656
4440,-29268.044921875,-27431.341796875,12.021902084350586,22.61194610595703,52.73136901855469
4441,-29209.265625,-27235.6484375,12.062640190124512,22.669557571411133,52.750999450683594
4442,-29191.322265625,-25087.884765625,12.028787612915039,22.633316040039062,52.78269958496094
4443,-29191.603515625,-27495.755859375,12.034736633300781,22.631704330444336,52.68389892578125
4444,-29255.212890625,-27433.3125,12.04121208190918,22.656803131103516,52.790122985839844
4445,-29229.5625,-26603.48046875,12.040316581726074,22.665199279785156,52.74205017089844
4446,-29171.59375,-27077.693359375,12.049419403076172,22.68222427368164,52.76634216308594
4447,-29203.5390625,-27538.205078125,12.048412322998047,22.676517486572266,52.78663635253906
4448,-29240.888671875,-25452.505859375,12.058308601379395,22.703845977783203,52.73583984375
4449,-29232.140625,-27462.541015625,12.04736042022705,22.660400390625,52.72947692871094
4450,-29169.4453125,-27404.080078125,12.04443645477295,22.625057220458984,52.785030364990234
4451,-29236.158203125,-27252.884765625,12.012749671936035,22.61423110961914,52.64403533935547
4452,-29168.623046875,-25787.716796875,12.048812866210938,22.665000915527344,52.71272277832031
4453,-29219.779296875,-27324.1875,12.048296928405762,22.62519073486328,52.66059875488281
4454,-29218.671875,-27417.05859375,12.070650100708008,22.677473068237305,52.702640533447266
4455,-29262.890625,-26459.537109375,12.052525520324707,22.69243621826172,52.75481033325195
4456,-29218.841796875,-26908.431640625,12.041404724121094,22.66234588623047,52.70750427246094
4457,-29012.29296875,-26544.4765625,12.087569236755371,22.69928741455078,52.74637985229492
4458,-29105.068359375,-26121.90234375,12.047565460205078,22.673973083496094,52.76873016357422
4459,-29096.353515625,-26819.63671875,12.048437118530273,22.685230255126953,52.777061462402344
4460,-29098.2421875,-25935.25390625,12.046943664550781,22.661867141723633,52.7559814453125
4461,-29268.109375,-26763.916015625,12.040777206420898,22.67856216430664,52.77371597290039
4462,-29254.556640625,-26362.75390625,12.063833236694336,22.694305419921875,52.721397399902344
4463,-29226.791015625,-27719.025390625,12.038165092468262,22.660226821899414,52.750221252441406
4464,-29210.064453125,-26486.03515625,12.060198783874512,22.676605224609375,52.69768142700195
4465,-29217.5390625,-27019.638671875,12.044380187988281,22.661540985107422,52.748512268066406
4466,-29153.462890625,-27688.658203125,12.040459632873535,22.64410400390625,52.721466064453125
4467,-29208.98828125,-27575.03125,12.06196403503418,22.632335662841797,52.70735168457031
4468,-29271.947265625,-26794.11328125,12.040969848632812,22.63074493408203,52.76012420654297
4469,-29189.029296875,-27805.75,12.030656814575195,22.628755569458008,52.76127624511719
4470,-29208.154296875,-27807.814453125,12.043392181396484,22.636722564697266,52.771820068359375
4471,-29216.74609375,-26540.630859375,12.065107345581055,22.661853790283203,52.74973678588867
4472,-29250.9765625,-25688.498046875,12.045843124389648,22.6590633392334,52.74639129638672
4473,-29209.46484375,-27142.61328125,12.041444778442383,22.62610626220703,52.759552001953125
4474,-29263.62890625,-27071.2734375,12.039390563964844,22.64399528503418,52.729949951171875
4475,-29213.11328125,-26105.599609375,12.050904273986816,22.65564727783203,52.773590087890625
4476,-29248.099609375,-26337.138671875,12.076690673828125,22.667640686035156,52.719234466552734
4477,-29221.07421875,-26245.474609375,12.04218864440918,22.665607452392578,52.751060485839844
4478,-29188.966796875,-25583.232421875,12.068674087524414,22.66419792175293,52.71727752685547
4479,-29159.134765625,-26906.849609375,12.037126541137695,22.604232788085938,52.705169677734375
4480,-29160.935546875,-26937.12109375,12.038330078125,22.59524917602539,52.691078186035156
4481,-29151.712890625,-27824.478515625,12.077821731567383,22.649765014648438,52.77301788330078
4482,-29293.759765625,-27639.7734375,12.034870147705078,22.6262149810791,52.756309509277344
4483,-29233.45703125,-27413.458984375,12.050101280212402,22.66138458251953,52.765384674072266
4484,-29168.451171875,-26906.35546875,12.057633399963379,22.686946868896484,52.76114273071289
4485,-29190.974609375,-27696.369140625,12.04110336303711,22.672178268432617,52.732234954833984
4486,-29183.763671875,-26171.7109375,12.045649528503418,22.681514739990234,52.80828094482422
4487,-29181.033203125,-26441.400390625,12.032881736755371,22.620025634765625,52.71543884277344
4488,-29239.76171875,-26077.369140625,12.047313690185547,22.632091522216797,52.7785758972168
4489,-29171.255859375,-27502.619140625,12.032222747802734,22.620975494384766,52.621795654296875
4490,-29262.673828125,-27081.6875,12.045976638793945,22.667499542236328,52.78131103515625
4491,-29206.4296875,-26296.30859375,12.062780380249023,22.670623779296875,52.72926330566406
4492,-29221.220703125,-27300.357421875,12.051249504089355,22.667789459228516,52.724205017089844
4493,-29200.2734375,-27218.47265625,12.029507637023926,22.615245819091797,52.709903717041016
4494,-29279.69921875,-26799.8515625,12.054986953735352,22.653871536254883,52.77450180053711
4495,-29158.0625,-27638.9453125,12.04694938659668,22.638681411743164,52.7330207824707
4496,-29171.2109375,-26844.9375,12.06705379486084,22.713966369628906,52.85759735107422
4497,-29281.541015625,-26953.439453125,12.041168212890625,22.654951095581055,52.66349411010742
4498,-29209.59375,-25534.68359375,12.037677764892578,22.668987274169922,52.74451446533203
4499,-29271.564453125,-25641.38671875,12.064266204833984,22.66123390197754,52.73567199707031
4500,-29207.076171875,-26386.673828125,12.048004150390625,22.664546966552734,52.78263854980469
4501,-29144.03515625,-26682.880859375,12.040624618530273,22.663454055786133,52.80003356933594
4502,-29262.423828125,-26091.28125,12.037881851196289,22.63732147216797,52.779624938964844
4503,-29185.501953125,-27531.79296875,12.06578254699707,22.662525177001953,52.759925842285156
4504,-29223.951171875,-27142.955078125,12.053552627563477,22.67119598388672,52.750587463378906
4505,-29259.8828125,-26282.845703125,12.052627563476562,22.646175384521484,52.71333312988281
4506,-29225.400390625,-27135.419921875,12.028168678283691,22.652599334716797,52.69429016113281
4507,-29267.791015625,-27437.314453125,12.04551887512207,22.661970138549805,52.76210021972656
4508,-29146.48828125,-26873.31640625,12.031095504760742,22.630374908447266,52.73175811767578
4509,-29250.537109375,-26894.486328125,12.056057929992676,22.685449600219727,52.77600860595703
4510,-29204.78125,-25879.064453125,12.052643775939941,22.66773223876953,52.762908935546875
4511,-29210.65234375,-26407.009765625,12.08675479888916,22.705551147460938,52.777984619140625
4512,-29308.0546875,-26890.150390625,12.05515193939209,22.66217803955078,52.785308837890625
4513,-29224.587890625,-26084.962890625,12.04574966430664,22.631717681884766,52.739723205566406
4514,-29148.84375,-27607.373046875,12.045400619506836,22.656394958496094,52.78422546386719
4515,-29141.205078125,-26123.33984375,12.031083106994629,22.63774871826172,52.730865478515625
4516,-29231.576171875,-26966.330078125,12.042798042297363,22.636383056640625,52.719871520996094
4517,-29293.13671875,-26770.048828125,12.031356811523438,22.639484405517578,52.770484924316406
4518,-29180.115234375,-27317.591796875,12.029902458190918,22.591880798339844,52.69080352783203
4519,-29225.087890625,-25494.666015625,12.031691551208496,22.61948585510254,52.719024658203125
4520,-29275.181640625,-27018.66796875,12.028647422790527,22.62918472290039,52.74201965332031
4521,-29227.71875,-26216.986328125,12.045997619628906,22.67932891845703,52.80357360839844
4522,-29168.931640625,-27364.244140625,12.04041576385498,22.654407501220703,52.6884765625
4523,-29222.6015625,-25810.736328125,12.036380767822266,22.664674758911133,52.79512405395508
4524,-29271.421875,-26380.724609375,12.03117561340332,22.641250610351562,52.69165802001953
4525,-29211.84765625,-25604.322265625,12.048094749450684,22.65245819091797,52.821739196777344
4526,-29222.1953125,-27423.521484375,12.0614595413208,22.65108299255371,52.72306442260742
4527,-29159.080078125,-27114.54296875,12.037375450134277,22.64663314819336,52.820560455322266
4528,-29241.166015625,-27425.939453125,12.031213760375977,22.674213409423828,52.69078826904297
4529,-29223.978515625,-26378.9921875,12.044986724853516,22.649858474731445,52.689414978027344
4530,-29244.39453125,-27420.3203125,12.036706924438477,22.681333541870117,52.78080368041992
4531,-29281.1484375,-25907.11328125,12.039604187011719,22.64917755126953,52.72346496582031
4532,-29241.013671875,-26293.26171875,12.040558815002441,22.655166625976562,52.76212692260742
4533,-29171.21484375,-27362.189453125,12.060961723327637,22.66848373413086,52.81111526489258
4534,-29177.69921875,-26570.28125,12.066963195800781,22.665325164794922,52.797645568847656
4535,-29245.373046875,-27153.388671875,12.042509078979492,22.66428565979004,52.7739143371582
4536,-29208.95703125,-26300.95703125,12.037748336791992,22.66777801513672,52.75452423095703
4537,-29259.974609375,-26703.2578125,12.049680709838867,22.68321990966797,52.757896423339844
4538,-29191.427734375,-26226.390625,12.048147201538086,22.653270721435547,52.72407531738281
4539,-29224.953125,-26524.4921875,12.039016723632812,22.669567108154297,52.77677917480469
4540,-29208.49609375,-27323.53125,12.043136596679688,22.642656326293945,52.67601776123047
4541,-29222.138671875,-26879.0,12.027056694030762,22.641860961914062,52.75544357299805
4542,-29230.5546875,-27538.041015625,12.058019638061523,22.685073852539062,52.74393081665039
4543,-29261.32421875,-27024.203125,12.04513931274414,22.67873764038086,52.73874282836914
4544,-29273.923828125,-27392.46875,12.052040100097656,22.680763244628906,52.76581573486328
4545,-29236.791015625,-25873.60546875,12.043513298034668,22.664958953857422,52.73218536376953
4546,-29214.869140625,-27285.642578125,12.025594711303711,22.656536102294922,52.68487548828125
4547,-29262.94140625,-27604.603515625,12.051128387451172,22.646892547607422,52.71635437011719
4548,-29248.654296875,-26884.583984375,12.034563064575195,22.638004302978516,52.775489807128906
4549,-29244.146484375,-26135.46875,12.027336120605469,22.621219635009766,52.72434997558594
4550,-29155.333984375,-25768.673828125,12.06196403503418,22.658206939697266,52.67382049560547
4551,-29241.0,-26014.21484375,12.067570686340332,22.683483123779297,52.87730407714844
4552,-29208.26953125,-26245.390625,12.065122604370117,22.671470642089844,52.77043533325195
4553,-29261.76171875,-26899.02734375,12.060630798339844,22.66875457763672,52.77954864501953
4554,-29261.88671875,-25958.677734375,12.057013511657715,22.649560928344727,52.78419494628906
4555,-29205.59375,-27470.6484375,12.052114486694336,22.66793441772461,52.68400573730469
4556,-29182.48828125,-25847.529296875,12.040264129638672,22.670984268188477,52.76020050048828
4557,-29212.845703125,-27391.515625,12.063231468200684,22.710895538330078,52.76460647583008
4558,-29263.1953125,-26478.34375,12.069368362426758,22.72842788696289,52.86823272705078
4559,-29250.333984375,-26123.419921875,12.059721946716309,22.692726135253906,52.80702209472656
4560,-29232.943359375,-26543.390625,12.040018081665039,22.68484115600586,52.75547409057617
4561,-29205.671875,-26473.39453125,12.073719024658203,22.71822738647461,52.794986724853516
4562,-29246.525390625,-27538.46875,12.068988800048828,22.720359802246094,52.812957763671875
4563,-29212.330078125,-27374.236328125,12.057639122009277,22.65753936767578,52.698909759521484
4564,-29234.375,-27739.1484375,12.03423023223877,22.591434478759766,52.6800651550293
4565,-29141.720703125,-25739.025390625,12.054267883300781,22.6202335357666,52.69068908691406
4566,-29261.27734375,-27556.013671875,12.065580368041992,22.685104370117188,52.77587890625
4567,-29242.583984375,-26270.123046875,12.051660537719727,22.67220115661621,52.756591796875
4568,-29190.578125,-26957.388671875,12.061188697814941,22.67438507080078,52.724761962890625
4569,-29267.93359375,-26552.64453125,12.071961402893066,22.676963806152344,52.761810302734375
4570,-29209.677734375,-26843.802734375,12.043270111083984,22.668792724609375,52.73623275756836
4571,-29229.19921875,-27270.07421875,12.077280044555664,22.67581558227539,52.71703338623047
4572,-29299.05859375,-25824.26171875,12.054336547851562,22.648845672607422,52.74453353881836
4573,-29210.92578125,-27601.08203125,12.074177742004395,22.68311309814453,52.77338409423828
4574,-29242.962890625,-25701.44140625,12.044632911682129,22.65843963623047,52.73632049560547
4575,-29262.5703125,-27153.21875,12.053994178771973,22.643787384033203,52.73682403564453
4576,-29308.701171875,-27189.951171875,12.069623947143555,22.69176483154297,52.83446502685547
4577,-29215.765625,-26367.486328125,12.047917366027832,22.648244857788086,52.71954345703125
4578,-29214.60546875,-27639.134765625,12.042770385742188,22.618501663208008,52.6385498046875
4579,-29238.080078125,-27250.4296875,12.050515174865723,22.66033172607422,52.760009765625
4580,-29165.935546875,-27322.6953125,12.048959732055664,22.665552139282227,52.73504638671875
4581,-29205.748046875,-26651.443359375,12.06744384765625,22.683528900146484,52.790122985839844
4582,-29207.8203125,-27329.20703125,12.050094604492188,22.65094757080078,52.745025634765625
4583,-29269.40625,-26640.080078125,12.051473617553711,22.6700439453125,52.75121307373047
4584,-29240.400390625,-25863.41796875,12.047456741333008,22.65610694885254,52.74690246582031
4585,-29201.048828125,-27089.865234375,12.067548751831055,22.680696487426758,52.74180603027344
4586,-29273.037109375,-26383.271484375,12.068777084350586,22.70471954345703,52.81658935546875
4587,-29219.234375,-26556.880859375,12.036069869995117,22.649181365966797,52.64354705810547
4588,-29247.7578125,-26527.787109375,12.068502426147461,22.70346450805664,52.79518127441406
4589,-29271.046875,-26239.97265625,12.053116798400879,22.66503143310547,52.75273895263672
4590,-29238.578125,-27490.986328125,12.0615873336792,22.658039093017578,52.770355224609375
4591,-29289.404296875,-25785.412109375,12.055425643920898,22.67125129699707,52.80426025390625
4592,-29204.4296875,-27405.515625,12.037036895751953,22.675922393798828,52.741554260253906
4593,-29196.041015625,-25594.3515625,12.067667007446289,22.670082092285156,52.75967025756836
4594,-29181.28515625,-25578.26171875,12.05628490447998,22.658782958984375,52.741790771484375
4595,-29265.26953125,-27800.859375,12.037664413452148,22.636598587036133,52.68879699707031
4596,-29205.06640625,-27226.62890625,12.08215045928955,22.69767189025879,52.72053146362305
4597,-29236.84765625,-27365.58984375,12.057589530944824,22.675052642822266,52.75674057006836
4598,-29263.5078125,-27652.98046875,12.067919731140137,22.667930603027344,52.714378356933594
4599,-29227.876953125,-25660.72265625,12.04743766784668,22.679229736328125,52.86864471435547
4600,-29186.369140625,-26643.953125,12.064549446105957,22.665241241455078,52.75129318237305
4601,-29244.279296875,-27088.0390625,12.06517505645752,22.674461364746094,52.77084732055664
4602,-29204.486328125,-25736.662109375,12.056055068969727,22.66750717163086,52.742164611816406
4603,-29235.880859375,-27386.7890625,12.069299697875977,22.685203552246094,52.79323196411133
4604,-29202.16796875,-26439.876953125,12.066205978393555,22.719482421875,52.80608367919922
4605,-29260.306640625,-26999.39453125,12.07448959350586,22.701772689819336,52.78199768066406
4606,-29218.666015625,-27738.171875,12.031486511230469,22.60859489440918,52.66086959838867
4607,-29240.75,-27539.953125,12.050820350646973,22.678077697753906,52.72989273071289
4608,-29270.46484375,-27228.0859375,12.061067581176758,22.70020294189453,52.751426696777344
4609,-29252.322265625,-26878.083984375,12.046601295471191,22.66498565673828,52.7501106262207
4610,-29280.603515625,-26691.15234375,12.043846130371094,22.677379608154297,52.715736389160156
4611,-29225.048828125,-26144.619140625,12.073716163635254,22.721450805664062,52.785789489746094
4612,-29298.755859375,-27242.599609375,12.045811653137207,22.652297973632812,52.715118408203125
4613,-29255.55078125,-27411.6484375,12.080497741699219,22.691938400268555,52.717674255371094
4614,-29241.58203125,-26277.125,12.067243576049805,22.68651008605957,52.810302734375
4615,-29290.904296875,-27238.166015625,12.068010330200195,22.69297218322754,52.707481384277344
4616,-29257.591796875,-26074.40625,12.041214942932129,22.67034912109375,52.75843048095703
4617,-29269.25390625,-27213.193359375,12.077211380004883,22.731468200683594,52.82596969604492
4618,-29245.794921875,-27140.125,12.074726104736328,22.708433151245117,52.73166275024414
4619,-28852.2109375,-26445.587890625,12.054731369018555,22.68134880065918,52.64787673950195
4620,-28999.87890625,-26641.662109375,12.060068130493164,22.709407806396484,52.72267532348633
4621,-29210.91015625,-27643.513671875,12.056873321533203,22.702075958251953,52.77888488769531
4622,-29174.35546875,-27038.767578125,12.039573669433594,22.648672103881836,52.68540954589844
4623,-29182.748046875,-27151.083984375,12.0518217086792,22.64637565612793,52.67121887207031
4624,-29193.01171875,-27520.294921875,12.073283195495605,22.657630920410156,52.739295959472656
4625,-29258.982421875,-27003.841796875,12.047718048095703,22.647018432617188,52.71916961669922
4626,-29236.015625,-27216.49609375,12.07263469696045,22.728063583374023,52.814674377441406
4627,-29256.7890625,-27406.255859375,12.05887222290039,22.662797927856445,52.708099365234375
4628,-29307.7734375,-26778.91796875,12.053197860717773,22.691082000732422,52.80799865722656
4629,-29247.98046875,-26947.884765625,12.046150207519531,22.65206527709961,52.729610443115234
4630,-29203.244140625,-27086.44921875,12.062490463256836,22.685714721679688,52.69683837890625
4631,-29240.34765625,-26682.732421875,12.06196403503418,22.69446563720703,52.710655212402344
4632,-29198.310546875,-27746.21875,12.043681144714355,22.665428161621094,52.782310485839844
4633,-29249.1953125,-27313.939453125,12.067935943603516,22.66529083251953,52.702754974365234
4634,-29311.708984375,-25566.923828125,12.066227912902832,22.69489097595215,52.81462478637695
4635,-29300.060546875,-27177.509765625,12.074202537536621,22.6683349609375,52.718101501464844
4636,-29190.775390625,-25499.044921875,12.04707145690918,22.674007415771484,52.759273529052734
4637,-29202.3515625,-26121.966796875,12.070390701293945,22.707439422607422,52.84097671508789
4638,-29247.169921875,-27326.939453125,12.069589614868164,22.664085388183594,52.68536376953125
4639,-29236.1484375,-26774.453125,12.051924705505371,22.661842346191406,52.6942138671875
4640,-29159.884765625,-27364.484375,12.034733772277832,22.637451171875,52.759803771972656
4641,-29162.927734375,-26710.068359375,12.015336990356445,22.61382293701172,52.749141693115234
4642,-29243.162109375,-26974.685546875,12.066112518310547,22.669998168945312,52.76115036010742
4643,-29195.33984375,-26875.462890625,12.074012756347656,22.703533172607422,52.80002212524414
4644,-29226.126953125,-25729.31640625,12.045736312866211,22.66309356689453,52.72508239746094
4645,-29247.80859375,-26635.59765625,12.049541473388672,22.631107330322266,52.7288932800293
4646,-29180.15234375,-26882.5859375,12.062113761901855,22.67272186279297,52.70920181274414
4647,-29313.44140625,-26857.359375,12.062359809875488,22.720211029052734,52.789302825927734
4648,-29201.18359375,-27573.94140625,12.063300132751465,22.69925308227539,52.749202728271484
4649,-29194.5859375,-27436.728515625,12.073532104492188,22.684659957885742,52.711875915527344
4650,-29295.3125,-26821.701171875,12.077990531921387,22.65437889099121,52.743927001953125
4651,-29226.439453125,-27469.1796875,12.052120208740234,22.653499603271484,52.7677001953125
4652,-29216.939453125,-26095.15625,12.058507919311523,22.68010139465332,52.759552001953125
4653,-29268.169921875,-27182.603515625,12.061609268188477,22.695341110229492,52.837806701660156
4654,-29234.529296875,-26219.583984375,12.050680160522461,22.67422866821289,52.74608612060547
4655,-29277.685546875,-27472.916015625,12.065754890441895,22.668306350708008,52.7062873840332
4656,-29220.431640625,-27831.408203125,12.063324928283691,22.674785614013672,52.71276092529297
4657,-29226.97265625,-26573.228515625,12.066692352294922,22.641225814819336,52.649192810058594
4658,-29218.59765625,-25473.3828125,12.057907104492188,22.695356369018555,52.76080322265625
4659,-29249.388671875,-27438.3203125,12.07236385345459,22.698841094970703,52.691070556640625
4660,-29274.935546875,-27029.361328125,12.061609268188477,22.71453857421875,52.76117706298828
4661,-29288.193359375,-25545.287109375,12.055634498596191,22.697330474853516,52.80913543701172
4662,-29225.16015625,-25823.576171875,12.0471773147583,22.668312072753906,52.732574462890625
4663,-29280.025390625,-26493.32421875,12.057390213012695,22.68631362915039,52.696468353271484
4664,-29277.025390625,-26789.427734375,12.070587158203125,22.738235473632812,52.790863037109375
4665,-29214.40234375,-26370.59765625,12.04876708984375,22.687223434448242,52.75697326660156
4666,-29163.638671875,-27451.4296875,12.057912826538086,22.698741912841797,52.77836990356445
4667,-29198.68359375,-26867.578125,12.051374435424805,22.64432144165039,52.68109893798828
4668,-29333.884765625,-27425.501953125,12.043227195739746,22.650596618652344,52.69750213623047
4669,-29248.56640625,-27744.533203125,12.031116485595703,22.66173553466797,52.72645568847656
4670,-29333.119140625,-27513.474609375,12.066636085510254,22.68865966796875,52.77617263793945
4671,-29216.2421875,-27277.08203125,12.060755729675293,22.68837547302246,52.814483642578125
4672,-29275.08984375,-26718.046875,12.052752494812012,22.671283721923828,52.709999084472656
4673,-29314.068359375,-25479.109375,12.068674087524414,22.69469451904297,52.79698181152344
4674,-29237.091796875,-26115.689453125,12.065349578857422,22.70929718017578,52.848594665527344
4675,-29263.005859375,-27280.197265625,12.067630767822266,22.670602798461914,52.69126510620117
4676,-29132.380859375,-27168.9609375,12.044060707092285,22.634185791015625,52.75604248046875
4677,-29256.6875,-25694.046875,12.067380905151367,22.680381774902344,52.79216766357422
4678,-29214.435546875,-25640.552734375,12.052095413208008,22.694244384765625,52.72871017456055
4679,-29206.517578125,-27681.955078125,12.0413179397583,22.655471801757812,52.653385162353516
4680,-29284.998046875,-26000.15625,12.074551582336426,22.70983123779297,52.76704406738281
4681,-29309.908203125,-26973.099609375,12.064094543457031,22.69261932373047,52.72512435913086
4682,-29228.962890625,-26181.271484375,12.046648025512695,22.697799682617188,52.73427200317383
4683,-29294.974609375,-27497.650390625,12.073890686035156,22.71476173400879,52.73569869995117
4684,-29259.560546875,-25971.470703125,12.048318862915039,22.65814781188965,52.754638671875
4685,-29312.673828125,-27833.154296875,12.086517333984375,22.684181213378906,52.756256103515625
4686,-29220.67578125,-27198.55078125,12.054725646972656,22.65317153930664,52.7131233215332
4687,-29305.21484375,-27055.958984375,12.056966781616211,22.658655166625977,52.82007598876953
4688,-29239.3125,-27127.296875,12.042287826538086,22.66789436340332,52.73101043701172
4689,-29320.751953125,-27161.623046875,12.075929641723633,22.715213775634766,52.74238586425781
4690,-29253.609375,-26194.103515625,12.051090240478516,22.687183380126953,52.665340423583984
4691,-29230.763671875,-27692.76953125,12.066141128540039,22.676240921020508,52.83995819091797
4692,-29290.447265625,-26257.912109375,12.071004867553711,22.688825607299805,52.7713508605957
4693,-29246.759765625,-26793.576171875,12.07459545135498,22.720548629760742,52.74910354614258
4694,-29308.494140625,-27401.01171875,12.06441879272461,22.68398094177246,52.73817443847656
4695,-29338.5078125,-26274.884765625,12.061783790588379,22.656017303466797,52.692222595214844
4696,-29311.2421875,-27663.6328125,12.076416015625,22.696887969970703,52.77132034301758
4697,-29208.328125,-27535.330078125,12.071914672851562,22.709224700927734,52.75928497314453
4698,-29228.3203125,-25932.798828125,12.046598434448242,22.657163619995117,52.75730895996094
4699,-29189.796875,-27124.509765625,12.06923770904541,22.684627532958984,52.774993896484375
4700,-29283.39453125,-26256.947265625,12.06959342956543,22.681472778320312,52.76344299316406
4701,-29343.609375,-26931.16796875,12.059585571289062,22.674619674682617,52.772300720214844
4702,-29243.009765625,-27003.458984375,12.072317123413086,22.65370750427246,52.7137565612793
4703,-29267.8125,-25954.5,12.080915451049805,22.67966651916504,52.776710510253906
4704,-29264.826171875,-25453.80078125,12.060307502746582,22.690858840942383,52.81889343261719
4705,-29319.357421875,-27289.91796875,12.06108570098877,22.652324676513672,52.752010345458984
4706,-29219.1015625,-25281.576171875,12.054102897644043,22.645545959472656,52.686119079589844
4707,-29247.53125,-27589.318359375,12.088964462280273,22.702938079833984,52.75531768798828
4708,-29218.9296875,-26729.859375,12.064350128173828,22.668941497802734,52.74419021606445
4709,-29248.482421875,-26909.46484375,12.053079605102539,22.67455291748047,52.750999450683594
4710,-29310.439453125,-26567.1015625,12.065132141113281,22.665897369384766,52.75543212890625
4711,-29321.833984375,-26472.5625,12.06165885925293,22.65561294555664,52.69687271118164
4712,-29299.384765625,-27490.689453125,12.05856704711914,22.655595779418945,52.75636291503906
4713,-29251.373046875,-26909.576171875,12.064788818359375,22.688005447387695,52.72038269042969
4714,-29209.53515625,-26173.8671875,12.062873840332031,22.691024780273438,52.72898483276367
4715,-29269.005859375,-27353.703125,12.058349609375,22.66716766357422,52.79432678222656
4716,-29199.552734375,-26195.001953125,12.075305938720703,22.70024871826172,52.82304000854492
4717,-29250.810546875,-26771.8984375,12.07823371887207,22.704334259033203,52.735618591308594
4718,-29359.62890625,-25933.76171875,12.075252532958984,22.727584838867188,52.81566619873047
4719,-29268.6875,-26979.07421875,12.085497856140137,22.72216796875,52.69630813598633
4720,-29250.81640625,-27681.3828125,12.062101364135742,22.65482521057129,52.74085998535156
4721,-29281.69921875,-27333.73828125,12.060186386108398,22.66838264465332,52.70774841308594
4722,-29264.330078125,-27211.91015625,12.056478500366211,22.663223266601562,52.7746696472168
4723,-29285.12109375,-26946.638671875,12.07097339630127,22.703643798828125,52.74363708496094
4724,-29242.26171875,-27057.814453125,12.059762954711914,22.673175811767578,52.71321487426758
4725,-29260.939453125,-27102.8046875,12.056550025939941,22.664642333984375,52.678863525390625
4726,-29241.517578125,-27471.328125,12.070577621459961,22.685749053955078,52.754150390625
4727,-29209.986328125,-25699.63671875,12.068873405456543,22.646617889404297,52.72517776489258
4728,-29194.3203125,-26288.8984375,12.064754486083984,22.651100158691406,52.70625305175781
4729,-29310.12890625,-25901.115234375,12.06678581237793,22.679237365722656,52.784881591796875
4730,-29341.3359375,-25978.78515625,12.051834106445312,22.680572509765625,52.75920104980469
4731,-29285.408203125,-25838.8359375,12.072295188903809,22.722213745117188,52.7584114074707
4732,-29246.884765625,-27379.513671875,12.04739761352539,22.668121337890625,52.755958557128906
4733,-29271.8828125,-25497.0625,12.073797225952148,22.708484649658203,52.74531936645508
4734,-29228.6015625,-27828.25,12.071849822998047,22.724956512451172,52.727813720703125
4735,-29310.07421875,-26144.908203125,12.062751770019531,22.68890953063965,52.790435791015625
4736,-29337.0546875,-26912.966796875,12.069453239440918,22.676572799682617,52.733924865722656
4737,-29201.02734375,-27576.28515625,12.066935539245605,22.67667007446289,52.798370361328125
4738,-29000.2421875,-26076.638671875,12.080971717834473,22.65959358215332,52.7674560546875
4739,-29175.171875,-26836.408203125,12.077476501464844,22.686054229736328,52.78278732299805
4740,-29291.533203125,-26946.587890625,12.076799392700195,22.667896270751953,52.73627471923828
4741,-29209.9765625,-26779.294921875,12.068745613098145,22.697284698486328,52.75924301147461
4742,-29211.146484375,-27365.751953125,12.056160926818848,22.69722557067871,52.752525329589844
4743,-29199.228515625,-26724.6328125,12.063331604003906,22.660839080810547,52.692222595214844
4744,-29198.90625,-27589.775390625,12.061789512634277,22.658123016357422,52.7429084777832
4745,-29300.365234375,-26190.333984375,12.081576347351074,22.673324584960938,52.759727478027344
4746,-29298.341796875,-26685.619140625,12.081352233886719,22.672931671142578,52.768310546875
4747,-29261.26953125,-27541.076171875,12.06054401397705,22.67485237121582,52.76140594482422
4748,-29275.3046875,-26104.63671875,12.06380844116211,22.69241714477539,52.793312072753906
4749,-29278.291015625,-27116.4609375,12.04019546508789,22.631526947021484,52.66283416748047
4750,-29274.48828125,-27496.38671875,12.077494621276855,22.69643783569336,52.76000213623047
4751,-29281.353515625,-25685.26171875,12.071083068847656,22.695600509643555,52.71440887451172
4752,-29243.876953125,-27231.8671875,12.068624496459961,22.688737869262695,52.7401008605957
4753,-29250.583984375,-26258.89453125,12.048514366149902,22.63652801513672,52.706878662109375
4754,-29208.52734375,-27321.8828125,12.063730239868164,22.667545318603516,52.75309371948242
4755,-29291.556640625,-25724.236328125,12.075642585754395,22.680744171142578,52.74835968017578
4756,-29265.45703125,-27366.501953125,12.0626802444458,22.67568588256836,52.75843811035156
4757,-29208.296875,-25877.21875,12.06120777130127,22.65945816040039,52.69514465332031
4758,-29280.599609375,-26095.3515625,12.094841957092285,22.705364227294922,52.77956771850586
4759,-29271.087890625,-27027.546875,12.06112289428711,22.664777755737305,52.69898986816406
4760,-29258.875,-27182.71875,12.059700012207031,22.675735473632812,52.75695037841797
4761,-29193.1171875,-27099.8359375,12.063814163208008,22.66750717163086,52.7358512878418
4762,-29376.65234375,-26819.287109375,12.062288284301758,22.69438934326172,52.73590087890625
4763,-29259.7265625,-27514.990234375,12.081863403320312,22.716907501220703,52.81767272949219
4764,-29195.9765625,-27112.9921875,12.079930305480957,22.701663970947266,52.82905578613281
4765,-29299.09765625,-25984.71484375,12.086499214172363,22.736289978027344,52.72478485107422
4766,-29268.931640625,-26980.783203125,12.065752029418945,22.686702728271484,52.69085693359375
4767,-29180.86328125,-27542.5859375,12.02419376373291,22.642333984375,52.75297927856445
4768,-29325.82421875,-26378.451171875,12.067147254943848,22.67870330810547,52.669769287109375
4769,-29232.150390625,-27564.99609375,12.088857650756836,22.720726013183594,52.73371124267578
4770,-29309.18359375,-27398.498046875,12.071285247802734,22.697795867919922,52.74591064453125
4771,-29359.1015625,-26981.26953125,12.067670822143555,22.654150009155273,52.633277893066406
4772,-29279.9609375,-26367.23828125,12.057670593261719,22.66064453125,52.78712463378906
4773,-29302.146484375,-26571.970703125,12.048442840576172,22.661922454833984,52.79313659667969
4774,-29273.595703125,-27511.181640625,12.042509078979492,22.672504425048828,52.69331359863281
4775,-29252.6484375,-26428.740234375,12.080291748046875,22.743221282958984,52.84498977661133
4776,-29279.888671875,-27150.240234375,12.077391624450684,22.65740966796875,52.68143844604492
4777,-29415.591796875,-26488.458984375,12.05845832824707,22.67586326599121,52.74275588989258
4778,-29241.552734375,-27455.146484375,12.069798469543457,22.675926208496094,52.71113967895508
4779,-29220.541015625,-25745.58984375,12.05906867980957,22.673118591308594,52.739654541015625
4780,-29314.94140625,-27444.583984375,12.063552856445312,22.688875198364258,52.724327087402344
4781,-29233.853515625,-26875.810546875,12.06314754486084,22.671630859375,52.76017379760742
4782,-29285.615234375,-26034.13671875,12.072479248046875,22.659591674804688,52.735172271728516
4783,-29176.71484375,-26249.009765625,12.0752592086792,22.70178985595703,52.75898742675781
4784,-29301.9296875,-26135.142578125,12.062332153320312,22.675474166870117,52.785728454589844
4785,-29285.65625,-25911.12109375,12.085746765136719,22.716175079345703,52.79869842529297
4786,-29276.7734375,-26726.587890625,12.079636573791504,22.70867156982422,52.74578094482422
4787,-29230.82421875,-27784.662109375,12.060836791992188,22.68914031982422,52.750640869140625
4788,-29324.68359375,-25840.6328125,12.071484565734863,22.697856903076172,52.71099853515625
4789,-29228.126953125,-27485.291015625,12.061553001403809,22.704145431518555,52.76288986206055
4790,-29250.359375,-27171.23828125,12.08671760559082,22.714313507080078,52.74892807006836
4791,-29235.81640625,-26180.150390625,12.042686462402344,22.6781005859375,52.76886749267578
4792,-29302.28125,-27653.64453125,12.083513259887695,22.70248031616211,52.74174880981445
4793,-29292.51171875,-27678.1796875,12.038861274719238,22.652626037597656,52.67321014404297
4794,-29342.232421875,-26362.984375,12.064677238464355,22.688125610351562,52.759437561035156
4795,-29327.16015625,-25806.3984375,12.07436752319336,22.691251754760742,52.737342834472656
4796,-29347.36328125,-26534.15234375,12.085868835449219,22.65933609008789,52.7656364440918
4797,-29259.435546875,-26562.685546875,12.076642990112305,22.729278564453125,52.835899353027344
4798,-29317.640625,-27705.572265625,12.0772705078125,22.68739891052246,52.731346130371094
4799,-29247.310546875,-25860.236328125,12.079901695251465,22.69554901123047,52.741241455078125
4800,-29305.95703125,-26961.912109375,12.088452339172363,22.702537536621094,52.71253204345703
4801,-29289.98046875,-27392.6171875,12.061942100524902,22.69171714782715,52.713836669921875
4802,-29265.24609375,-25820.71875,12.080697059631348,22.72957992553711,52.7852668762207
4803,-29200.666015625,-27627.58984375,12.08351993560791,22.736080169677734,52.76588439941406
4804,-29346.8046875,-27185.701171875,12.053328514099121,22.674720764160156,52.70879364013672
4805,-29284.91015625,-27579.142578125,12.047367095947266,22.68187713623047,52.70677185058594
4806,-29172.5546875,-26945.30078125,12.078798294067383,22.747730255126953,52.832275390625
4807,-29148.45703125,-27130.3125,12.06056022644043,22.679048538208008,52.72979736328125
4808,-29270.7421875,-26387.662109375,12.071307182312012,22.709016799926758,52.784820556640625
4809,-29273.115234375,-27238.822265625,12.06743049621582,22.68708038330078,52.75611877441406
4810,-29295.916015625,-27094.958984375,12.068984985351562,22.702354431152344,52.679534912109375
4811,-29252.8671875,-25817.16796875,12.057207107543945,22.695880889892578,52.79633712768555
4812,-29284.927734375,-27578.0,12.064886093139648,22.71688461303711,52.77296447753906
4813,-29267.578125,-26019.3671875,12.066882133483887,22.70384979248047,52.7164306640625
4814,-29297.767578125,-26630.5703125,12.063056945800781,22.686132431030273,52.72993850708008
4815,-29301.888671875,-26552.3125,12.069412231445312,22.69627571105957,52.607818603515625
4816,-29303.857421875,-27503.998046875,12.089656829833984,22.711597442626953,52.80986785888672
4817,-29270.8984375,-27096.84375,12.081645011901855,22.712055206298828,52.74496078491211
4818,-29201.359375,-26833.255859375,12.05163860321045,22.656909942626953,52.699798583984375
4819,-29323.251953125,-26101.1484375,12.08266544342041,22.727214813232422,52.776180267333984
4820,-29260.39453125,-25728.609375,12.052372932434082,22.66539764404297,52.677207946777344
4821,-29358.39453125,-26803.78125,12.07579231262207,22.708080291748047,52.68166732788086
4822,-29269.83203125,-26247.927734375,12.079034805297852,22.72549819946289,52.772743225097656
4823,-29302.951171875,-26090.287109375,12.047064781188965,22.68091583251953,52.75
4824,-29195.962890625,-26416.578125,12.062578201293945,22.67660903930664,52.7249755859375
4825,-29323.21875,-25854.67578125,12.072420120239258,22.700687408447266,52.71540451049805
4826,-29298.12890625,-27777.955078125,12.07170295715332,22.7158203125,52.78249740600586
4827,-29357.53125,-26562.29296875,12.08410930633545,22.740100860595703,52.78948211669922
4828,-29271.62109375,-26023.82421875,12.07568645477295,22.677066802978516,52.732215881347656
4829,-29352.154296875,-25785.42578125,12.09212875366211,22.69788932800293,52.79789352416992
4830,-29280.345703125,-27008.3984375,12.060585021972656,22.659992218017578,52.77979278564453
4831,-29251.798828125,-25682.556640625,12.050285339355469,22.681270599365234,52.755279541015625
4832,-29270.43359375,-26829.48828125,12.0800142288208,22.71046257019043,52.78863525390625
4833,-29299.265625,-26469.78515625,12.053041458129883,22.687576293945312,52.762142181396484
4834,-29273.849609375,-27778.837890625,12.088608741760254,22.70401382446289,52.798866271972656
4835,-29244.015625,-27082.83984375,12.072883605957031,22.674171447753906,52.76758575439453
4836,-29223.451171875,-25880.853515625,12.08711051940918,22.723812103271484,52.78338623046875
4837,-29240.09375,-27612.97265625,12.07332992553711,22.682157516479492,52.68146896362305
4838,-29246.248046875,-26409.783203125,12.070948600769043,22.66130828857422,52.658409118652344
4839,-29328.642578125,-27168.1953125,12.080775260925293,22.687877655029297,52.7711067199707
4840,-29223.515625,-26942.283203125,12.058588981628418,22.684450149536133,52.707855224609375
4841,-29311.431640625,-26155.90234375,12.068140983581543,22.697738647460938,52.815574645996094
4842,-29296.734375,-25258.328125,12.084156036376953,22.72085952758789,52.79707336425781
4843,-29302.345703125,-26685.7109375,12.04873275756836,22.64200210571289,52.70001220703125
4844,-29284.5390625,-27468.275390625,12.046592712402344,22.665803909301758,52.71866989135742
4845,-29339.419921875,-26712.591796875,12.052176475524902,22.694990158081055,52.71295166015625
4846,-29337.912109375,-26372.56640625,12.042630195617676,22.69693374633789,52.74128723144531
4847,-29339.19140625,-26976.298828125,12.068524360656738,22.688060760498047,52.70002746582031
4848,-29240.970703125,-27588.275390625,12.066723823547363,22.689376831054688,52.74613952636719
4849,-29249.15234375,-27613.353515625,12.060952186584473,22.680408477783203,52.76238250732422
4850,-29294.794921875,-25824.064453125,12.052042961120605,22.678390502929688,52.69068145751953
4851,-29203.888671875,-27595.6875,12.06869888305664,22.7138614654541,52.76998519897461
4852,-29341.8203125,-26208.80078125,12.067445755004883,22.70001983642578,52.77698516845703
4853,-29328.90234375,-25764.541015625,12.061771392822266,22.656740188598633,52.631988525390625
4854,-29196.408203125,-27314.095703125,12.060612678527832,22.684215545654297,52.759910583496094
4855,-29232.759765625,-27490.146484375,12.063222885131836,22.710163116455078,52.794578552246094
4856,-29291.72265625,-26643.39453125,12.072454452514648,22.665971755981445,52.75621032714844
4857,-29300.673828125,-26795.8203125,12.068290710449219,22.672809600830078,52.674461364746094
4858,-29304.18359375,-27019.533203125,12.058202743530273,22.656965255737305,52.68226623535156
4859,-29310.892578125,-26234.85546875,12.056073188781738,22.664506912231445,52.7746696472168
4860,-29285.875,-27757.80078125,12.08527946472168,22.70616912841797,52.70262908935547
4861,-29336.9609375,-26376.5,12.090805053710938,22.731115341186523,52.734703063964844
4862,-29299.4921875,-27198.294921875,12.075040817260742,22.662906646728516,52.725440979003906
4863,-29296.291015625,-25856.423828125,12.069060325622559,22.67298126220703,52.76731872558594
4864,-29368.65234375,-27355.392578125,12.082833290100098,22.681259155273438,52.756004333496094
4865,-29280.51171875,-26615.615234375,12.054031372070312,22.668743133544922,52.69597625732422
4866,-29310.619140625,-26053.08203125,12.085824966430664,22.724685668945312,52.77092742919922
4867,-29307.412109375,-26163.8046875,12.059647560119629,22.67530059814453,52.7078857421875
4868,-29183.255859375,-27070.349609375,12.094182968139648,22.717288970947266,52.76953887939453
4869,-29309.986328125,-26471.18359375,12.076085090637207,22.657875061035156,52.679420471191406
4870,-29289.025390625,-26225.103515625,12.065835952758789,22.6783504486084,52.73346710205078
4871,-29304.2265625,-27545.328125,12.094348907470703,22.72964096069336,52.764442443847656
4872,-29345.447265625,-26445.669921875,12.077045440673828,22.6960506439209,52.7449951171875
4873,-29289.19140625,-26749.23828125,12.07516860961914,22.682586669921875,52.734703063964844
4874,-29344.693359375,-26753.78125,12.074030876159668,22.687667846679688,52.79323959350586
4875,-29138.248046875,-26070.482421875,12.071977615356445,22.662153244018555,52.663578033447266
4876,-29197.599609375,-27163.28515625,12.077360153198242,22.703453063964844,52.810035705566406
4877,-29377.849609375,-26538.736328125,12.079050064086914,22.693967819213867,52.7499885559082
4878,-29266.79296875,-25983.423828125,12.070371627807617,22.668893814086914,52.710716247558594
4879,-29251.216796875,-25479.978515625,12.07305908203125,22.68789291381836,52.744659423828125
4880,-29333.89453125,-27496.498046875,12.04495906829834,22.652828216552734,52.70683288574219
4881,-29229.470703125,-26772.33203125,12.074382781982422,22.697372436523438,52.74479675292969
4882,-29318.05078125,-26932.8125,12.072853088378906,22.739351272583008,52.81760025024414
4883,-29195.72265625,-27545.90234375,12.088031768798828,22.703765869140625,52.71504211425781
4884,-29269.40234375,-27430.568359375,12.076770782470703,22.674598693847656,52.77082061767578
4885,-29277.162109375,-27514.15234375,12.077644348144531,22.68380355834961,52.75849533081055
4886,-29296.25,-26748.1640625,12.065561294555664,22.67104721069336,52.65959167480469
4887,-29327.0859375,-27723.154296875,12.066495895385742,22.678577423095703,52.67979431152344
4888,-29268.82421875,-27035.876953125,12.08996295928955,22.70616912841797,52.75748062133789
4889,-29263.96484375,-27367.48046875,12.070440292358398,22.690351486206055,52.718475341796875
4890,-29271.625,-26706.76953125,12.076515197753906,22.706398010253906,52.716575622558594
4891,-29289.025390625,-26495.369140625,12.08414363861084,22.68685531616211,52.746097564697266
4892,-29282.548828125,-26752.26953125,12.06059741973877,22.67807388305664,52.71982192993164
4893,-29269.9609375,-26119.650390625,12.073750495910645,22.689706802368164,52.74775695800781
4894,-29280.1328125,-26250.974609375,12.07470703125,22.704326629638672,52.70513153076172
4895,-29281.943359375,-26837.634765625,12.087544441223145,22.724281311035156,52.760528564453125
4896,-29361.96875,-27529.62109375,12.06273365020752,22.66870880126953,52.72792053222656
4897,-29276.447265625,-27736.078125,12.05856704711914,22.690658569335938,52.74041748046875
4898,-29255.80859375,-25812.375,12.068296432495117,22.694272994995117,52.76476287841797
4899,-29244.083984375,-27580.65234375,12.071833610534668,22.702898025512695,52.757354736328125
4900,-29299.3125,-27004.201171875,12.081445693969727,22.707290649414062,52.7733154296875
4901,-29341.18359375,-26526.380859375,12.100787162780762,22.748756408691406,52.76737976074219
4902,-29343.4140625,-26749.310546875,12.048819541931152,22.637985229492188,52.6710319519043
4903,-29236.630859375,-27018.56640625,12.114462852478027,22.73721694946289,52.74232482910156
4904,-29130.05859375,-26251.689453125,12.06943130493164,22.70108413696289,52.739173889160156
4905,-29231.580078125,-27110.986328125,12.06432819366455,22.69316864013672,52.70755386352539
4906,-29259.58203125,-27578.65234375,12.0594482421875,22.672576904296875,52.67118453979492
4907,-29398.951171875,-26405.060546875,12.084989547729492,22.728862762451172,52.72951889038086
4908,-29336.892578125,-27204.169921875,12.06509780883789,22.69306755065918,52.774574279785156
4909,-29338.80859375,-26112.271484375,12.097092628479004,22.72500228881836,52.739280700683594
4910,-29317.787109375,-26420.171875,12.094154357910156,22.739158630371094,52.69463348388672
4911,-29304.345703125,-26580.96875,12.065720558166504,22.677669525146484,52.741981506347656
4912,-29280.974609375,-27011.580078125,12.058815956115723,22.679819107055664,52.72327423095703
4913,-29265.17578125,-26325.2421875,12.066642761230469,22.684673309326172,52.745426177978516
4914,-29288.326171875,-26849.09765625,12.076562881469727,22.715473175048828,52.80799865722656
4915,-29305.021484375,-27577.326171875,12.06719970703125,22.68536376953125,52.688682556152344
4916,-29305.49609375,-25997.478515625,12.080812454223633,22.68729591369629,52.74116134643555
4917,-29355.80859375,-27012.46484375,12.088221549987793,22.69234848022461,52.72218322753906
4918,-29275.998046875,-26786.46875,12.055809020996094,22.66185188293457,52.73111343383789
4919,-29281.560546875,-26843.78125,12.08695125579834,22.70154571533203,52.76772689819336
4920,-29374.626953125,-26383.80859375,12.081963539123535,22.729963302612305,52.765865325927734
4921,-29228.73046875,-27289.921875,12.073688507080078,22.672210693359375,52.68109893798828
4922,-29275.6015625,-25618.44140625,12.073383331298828,22.688438415527344,52.784507751464844
4923,-29231.2265625,-26707.322265625,12.088006019592285,22.70469856262207,52.75226593017578
4924,-29233.021484375,-27282.509765625,12.075305938720703,22.67089080810547,52.679771423339844
4925,-29235.072265625,-26087.30078125,12.074411392211914,22.69815444946289,52.75321960449219
4926,-29299.09375,-26152.919921875,12.071142196655273,22.677349090576172,52.72382736206055
4927,-29350.240234375,-25970.28515625,12.056836128234863,22.68747901916504,52.82170104980469
4928,-29279.1640625,-27246.921875,12.066330909729004,22.657821655273438,52.72748565673828
4929,-29289.353515625,-27062.970703125,12.06077766418457,22.69748878479004,52.74092483520508
4930,-29309.3671875,-27736.4453125,12.081832885742188,22.725109100341797,52.724388122558594
4931,-29280.84375,-27587.72265625,12.071123123168945,22.684694290161133,52.724098205566406
4932,-29342.92578125,-26204.45703125,12.082568168640137,22.686809539794922,52.7412109375
4933,-29280.861328125,-26684.10546875,12.069437026977539,22.70291519165039,52.7244873046875
4934,-29330.26953125,-27406.21875,12.059551239013672,22.70355987548828,52.78074264526367
4935,-29289.07421875,-27245.302734375,12.089678764343262,22.729366302490234,52.72618865966797
4936,-29288.515625,-26835.37890625,12.073912620544434,22.698589324951172,52.76453399658203
4937,-29345.072265625,-27408.61328125,12.07170581817627,22.675479888916016,52.74134826660156
4938,-29290.859375,-25786.74609375,12.087526321411133,22.706275939941406,52.77459716796875
4939,-29339.6875,-27841.435546875,12.07727336883545,22.69084930419922,52.751991271972656
4940,-29352.6796875,-27170.794921875,12.057483673095703,22.673664093017578,52.66094970703125
4941,-29296.849609375,-26371.572265625,12.078332901000977,22.70426368713379,52.76020050048828
4942,-29302.3125,-27778.697265625,12.079511642456055,22.68527603149414,52.748775482177734
4943,-29266.048828125,-26492.869140625,12.077715873718262,22.71666717529297,52.77489471435547
4944,-29253.328125,-26586.853515625,12.07170295715332,22.67825698852539,52.719791412353516
4945,-29282.681640625,-26947.83984375,12.065935134887695,22.7083740234375,52.76434326171875
4946,-29286.01171875,-25627.498046875,12.081015586853027,22.724082946777344,52.748924255371094
4947,-29313.94921875,-27509.01953125,12.076372146606445,22.706584930419922,52.727745056152344
4948,-29406.02734375,-25341.333984375,12.071348190307617,22.66506576538086,52.731475830078125
4949,-29347.728515625,-27499.458984375,12.100631713867188,22.718828201293945,52.788818359375
4950,-29268.1328125,-26474.91796875,12.0557279586792,22.66866683959961,52.69873809814453
4951,-29274.11328125,-27199.69921875,12.072883605957031,22.692529678344727,52.72637176513672
4952,-29339.35546875,-26636.763671875,12.078099250793457,22.72175407409668,52.857242584228516
4953,-29298.244140625,-27688.365234375,12.088420867919922,22.693727493286133,52.73200988769531
4954,-29300.99609375,-26362.890625,12.06268310546875,22.661754608154297,52.694374084472656
4955,-29382.16796875,-27318.701171875,12.092350959777832,22.742212295532227,52.73936462402344
4956,-29320.591796875,-27039.341796875,12.063154220581055,22.699966430664062,52.724571228027344
4957,-29339.59375,-26606.455078125,12.098616600036621,22.727149963378906,52.7324104309082
4958,-29242.435546875,-25744.32421875,12.08773136138916,22.71452522277832,52.749778747558594
4959,-29286.298828125,-27306.18359375,12.080687522888184,22.718128204345703,52.757442474365234
4960,-29315.373046875,-26441.419921875,12.073750495910645,22.718360900878906,52.73295211791992
4961,-29335.630859375,-26332.41015625,12.058090209960938,22.647642135620117,52.63288879394531
4962,-29340.40234375,-25635.265625,12.081870079040527,22.687557220458984,52.77177047729492
4963,-29311.75390625,-27481.109375,12.07254409790039,22.70270538330078,52.70535659790039
4964,-29362.732421875,-26393.33203125,12.086592674255371,22.70478057861328,52.669464111328125
4965,-29332.587890625,-26533.150390625,12.071026802062988,22.707338333129883,52.685546875
4966,-29338.662109375,-27000.728515625,12.056540489196777,22.67345428466797,52.68079376220703
4967,-29390.322265625,-25938.83203125,12.054243087768555,22.681129455566406,52.68170166015625
4968,-29315.220703125,-27603.01953125,12.078031539916992,22.73409080505371,52.745933532714844
4969,-29263.19921875,-25778.783203125,12.0783052444458,22.692058563232422,52.659034729003906
4970,-29302.375,-27782.83984375,12.073573112487793,22.683021545410156,52.72355651855469
4971,-29275.40234375,-27685.94140625,12.082880020141602,22.70326805114746,52.75489044189453
4972,-29341.62109375,-26058.82421875,12.088964462280273,22.702804565429688,52.7102165222168
4973,-29322.68359375,-27438.97265625,12.077469825744629,22.68869400024414,52.754608154296875
4974,-29310.05078125,-25710.716796875,12.068246841430664,22.66408348083496,52.623390197753906
4975,-29275.634765625,-26972.51953125,12.073511123657227,22.6883487701416,52.694923400878906
4976,-29278.095703125,-26424.65234375,12.071462631225586,22.688392639160156,52.72164535522461
4977,-29269.29296875,-26443.078125,12.054644584655762,22.673709869384766,52.71217346191406
4978,-29214.8828125,-26379.85546875,12.064680099487305,22.690532684326172,52.72437286376953
4979,-29332.28125,-26972.74609375,12.072484970092773,22.70977783203125,52.691383361816406
4980,-29302.1015625,-26451.6484375,12.093084335327148,22.726703643798828,52.73705291748047
4981,-29319.546875,-27419.75390625,12.05724048614502,22.691049575805664,52.646156311035156
4982,-29228.740234375,-25260.0625,12.077872276306152,22.68111801147461,52.75480270385742
4983,-29345.021484375,-27224.302734375,12.077027320861816,22.689788818359375,52.72154235839844
4984,-29374.681640625,-26080.345703125,12.063247680664062,22.69076919555664,52.712806701660156
4985,-29345.275390625,-27562.326171875,12.075855255126953,22.70648193359375,52.735626220703125
4986,-29341.96875,-26881.6953125,12.087448120117188,22.699092864990234,52.73930358886719
4987,-29349.189453125,-27138.271484375,12.081579208374023,22.709270477294922,52.752166748046875
4988,-29292.802734375,-27081.564453125,12.079483985900879,22.744014739990234,52.84040832519531
4989,-29329.5703125,-25998.716796875,12.081364631652832,22.70561981201172,52.78241729736328
4990,-29401.453125,-27861.482421875,12.052770614624023,22.721452713012695,52.70153045654297
4991,-29347.423828125,-26418.3125,12.071154594421387,22.71536636352539,52.732566833496094
4992,-29413.486328125,-27473.486328125,12.074517250061035,22.694406509399414,52.749107360839844
4993,-29312.6640625,-27224.208984375,12.086246490478516,22.736534118652344,52.797828674316406
4994,-29297.82421875,-26589.146484375,12.056279182434082,22.66977310180664,52.665313720703125
4995,-29306.86328125,-26771.552734375,12.103277206420898,22.721511840820312,52.80539321899414
4996,-29267.50390625,-26338.79296875,12.059724807739258,22.690242767333984,52.71807098388672
4997,-29305.685546875,-27160.54296875,12.075156211853027,22.717105865478516,52.73298645019531
4998,-29264.00390625,-26921.1171875,12.071477890014648,22.707172393798828,52.7102165222168
4999,-29280.544921875,-27045.125,12.089616775512695,22.715383529663086,52.72528839111328
